country,alpha-2,alpha-3,country-code,iso_3166-2,region,sub-region,intermediate-region,region-code,sub-region-code,intermediate-region-code,Year,Price
Afghanistan,AF,AFG,4,ISO 3166-2:AF,Asia,Southern Asia,,142.0,34.0,,1991,
Afghanistan,AF,AFG,4,ISO 3166-2:AF,Asia,Southern Asia,,142.0,34.0,,1992,
Afghanistan,AF,AFG,4,ISO 3166-2:AF,Asia,Southern Asia,,142.0,34.0,,1993,
Afghanistan,AF,AFG,4,ISO 3166-2:AF,Asia,Southern Asia,,142.0,34.0,,1994,
Afghanistan,AF,AFG,4,ISO 3166-2:AF,Asia,Southern Asia,,142.0,34.0,,1995,
Afghanistan,AF,AFG,4,ISO 3166-2:AF,Asia,Southern Asia,,142.0,34.0,,1996,
Afghanistan,AF,AFG,4,ISO 3166-2:AF,Asia,Southern Asia,,142.0,34.0,,1997,
Afghanistan,AF,AFG,4,ISO 3166-2:AF,Asia,Southern Asia,,142.0,34.0,,1998,
Afghanistan,AF,AFG,4,ISO 3166-2:AF,Asia,Southern Asia,,142.0,34.0,,1999,
Afghanistan,AF,AFG,4,ISO 3166-2:AF,Asia,Southern Asia,,142.0,34.0,,2000,
Afghanistan,AF,AFG,4,ISO 3166-2:AF,Asia,Southern Asia,,142.0,34.0,,2001,
Afghanistan,AF,AFG,4,ISO 3166-2:AF,Asia,Southern Asia,,142.0,34.0,,2002,0.34
Afghanistan,AF,AFG,4,ISO 3166-2:AF,Asia,Southern Asia,,142.0,34.0,,2003,
Afghanistan,AF,AFG,4,ISO 3166-2:AF,Asia,Southern Asia,,142.0,34.0,,2004,0.53
Afghanistan,AF,AFG,4,ISO 3166-2:AF,Asia,Southern Asia,,142.0,34.0,,2005,
Afghanistan,AF,AFG,4,ISO 3166-2:AF,Asia,Southern Asia,,142.0,34.0,,2006,0.68
Afghanistan,AF,AFG,4,ISO 3166-2:AF,Asia,Southern Asia,,142.0,34.0,,2007,
Afghanistan,AF,AFG,4,ISO 3166-2:AF,Asia,Southern Asia,,142.0,34.0,,2008,1.05
Afghanistan,AF,AFG,4,ISO 3166-2:AF,Asia,Southern Asia,,142.0,34.0,,2009,
Afghanistan,AF,AFG,4,ISO 3166-2:AF,Asia,Southern Asia,,142.0,34.0,,2010,1.15
Afghanistan,AF,AFG,4,ISO 3166-2:AF,Asia,Southern Asia,,142.0,34.0,,2011,
Afghanistan,AF,AFG,4,ISO 3166-2:AF,Asia,Southern Asia,,142.0,34.0,,2012,1.28
Afghanistan,AF,AFG,4,ISO 3166-2:AF,Asia,Southern Asia,,142.0,34.0,,2013,
Afghanistan,AF,AFG,4,ISO 3166-2:AF,Asia,Southern Asia,,142.0,34.0,,2014,1.07
Afghanistan,AF,AFG,4,ISO 3166-2:AF,Asia,Southern Asia,,142.0,34.0,,2015,
Afghanistan,AF,AFG,4,ISO 3166-2:AF,Asia,Southern Asia,,142.0,34.0,,2016,0.7
Åland Islands,AX,ALA,248,ISO 3166-2:AX,Europe,Northern Europe,,150.0,154.0,,,
Albania,AL,ALB,8,ISO 3166-2:AL,Europe,Southern Europe,,150.0,39.0,,1991,
Albania,AL,ALB,8,ISO 3166-2:AL,Europe,Southern Europe,,150.0,39.0,,1992,
Albania,AL,ALB,8,ISO 3166-2:AL,Europe,Southern Europe,,150.0,39.0,,1993,
Albania,AL,ALB,8,ISO 3166-2:AL,Europe,Southern Europe,,150.0,39.0,,1994,
Albania,AL,ALB,8,ISO 3166-2:AL,Europe,Southern Europe,,150.0,39.0,,1995,
Albania,AL,ALB,8,ISO 3166-2:AL,Europe,Southern Europe,,150.0,39.0,,1996,
Albania,AL,ALB,8,ISO 3166-2:AL,Europe,Southern Europe,,150.0,39.0,,1997,
Albania,AL,ALB,8,ISO 3166-2:AL,Europe,Southern Europe,,150.0,39.0,,1998,0.86
Albania,AL,ALB,8,ISO 3166-2:AL,Europe,Southern Europe,,150.0,39.0,,1999,
Albania,AL,ALB,8,ISO 3166-2:AL,Europe,Southern Europe,,150.0,39.0,,2000,0.57
Albania,AL,ALB,8,ISO 3166-2:AL,Europe,Southern Europe,,150.0,39.0,,2001,
Albania,AL,ALB,8,ISO 3166-2:AL,Europe,Southern Europe,,150.0,39.0,,2002,0.8
Albania,AL,ALB,8,ISO 3166-2:AL,Europe,Southern Europe,,150.0,39.0,,2003,
Albania,AL,ALB,8,ISO 3166-2:AL,Europe,Southern Europe,,150.0,39.0,,2004,1.23
Albania,AL,ALB,8,ISO 3166-2:AL,Europe,Southern Europe,,150.0,39.0,,2005,
Albania,AL,ALB,8,ISO 3166-2:AL,Europe,Southern Europe,,150.0,39.0,,2006,1.44
Albania,AL,ALB,8,ISO 3166-2:AL,Europe,Southern Europe,,150.0,39.0,,2007,
Albania,AL,ALB,8,ISO 3166-2:AL,Europe,Southern Europe,,150.0,39.0,,2008,1.36
Albania,AL,ALB,8,ISO 3166-2:AL,Europe,Southern Europe,,150.0,39.0,,2009,
Albania,AL,ALB,8,ISO 3166-2:AL,Europe,Southern Europe,,150.0,39.0,,2010,1.46
Albania,AL,ALB,8,ISO 3166-2:AL,Europe,Southern Europe,,150.0,39.0,,2011,
Albania,AL,ALB,8,ISO 3166-2:AL,Europe,Southern Europe,,150.0,39.0,,2012,1.81
Albania,AL,ALB,8,ISO 3166-2:AL,Europe,Southern Europe,,150.0,39.0,,2013,
Albania,AL,ALB,8,ISO 3166-2:AL,Europe,Southern Europe,,150.0,39.0,,2014,1.76
Albania,AL,ALB,8,ISO 3166-2:AL,Europe,Southern Europe,,150.0,39.0,,2015,
Albania,AL,ALB,8,ISO 3166-2:AL,Europe,Southern Europe,,150.0,39.0,,2016,1.36
Algeria,DZ,DZA,12,ISO 3166-2:DZ,Africa,Northern Africa,,2.0,15.0,,1991,0.15
Algeria,DZ,DZA,12,ISO 3166-2:DZ,Africa,Northern Africa,,2.0,15.0,,1992,0.2
Algeria,DZ,DZA,12,ISO 3166-2:DZ,Africa,Northern Africa,,2.0,15.0,,1993,
Algeria,DZ,DZA,12,ISO 3166-2:DZ,Africa,Northern Africa,,2.0,15.0,,1994,
Algeria,DZ,DZA,12,ISO 3166-2:DZ,Africa,Northern Africa,,2.0,15.0,,1995,0.4
Algeria,DZ,DZA,12,ISO 3166-2:DZ,Africa,Northern Africa,,2.0,15.0,,1996,
Algeria,DZ,DZA,12,ISO 3166-2:DZ,Africa,Northern Africa,,2.0,15.0,,1997,
Algeria,DZ,DZA,12,ISO 3166-2:DZ,Africa,Northern Africa,,2.0,15.0,,1998,0.31
Algeria,DZ,DZA,12,ISO 3166-2:DZ,Africa,Northern Africa,,2.0,15.0,,1999,
Algeria,DZ,DZA,12,ISO 3166-2:DZ,Africa,Northern Africa,,2.0,15.0,,2000,0.27
Algeria,DZ,DZA,12,ISO 3166-2:DZ,Africa,Northern Africa,,2.0,15.0,,2001,
Algeria,DZ,DZA,12,ISO 3166-2:DZ,Africa,Northern Africa,,2.0,15.0,,2002,0.22
Algeria,DZ,DZA,12,ISO 3166-2:DZ,Africa,Northern Africa,,2.0,15.0,,2003,
Algeria,DZ,DZA,12,ISO 3166-2:DZ,Africa,Northern Africa,,2.0,15.0,,2004,0.32
Algeria,DZ,DZA,12,ISO 3166-2:DZ,Africa,Northern Africa,,2.0,15.0,,2005,
Algeria,DZ,DZA,12,ISO 3166-2:DZ,Africa,Northern Africa,,2.0,15.0,,2006,0.32
Algeria,DZ,DZA,12,ISO 3166-2:DZ,Africa,Northern Africa,,2.0,15.0,,2007,
Algeria,DZ,DZA,12,ISO 3166-2:DZ,Africa,Northern Africa,,2.0,15.0,,2008,0.34
Algeria,DZ,DZA,12,ISO 3166-2:DZ,Africa,Northern Africa,,2.0,15.0,,2009,
Algeria,DZ,DZA,12,ISO 3166-2:DZ,Africa,Northern Africa,,2.0,15.0,,2010,0.32
Algeria,DZ,DZA,12,ISO 3166-2:DZ,Africa,Northern Africa,,2.0,15.0,,2011,
Algeria,DZ,DZA,12,ISO 3166-2:DZ,Africa,Northern Africa,,2.0,15.0,,2012,0.29
Algeria,DZ,DZA,12,ISO 3166-2:DZ,Africa,Northern Africa,,2.0,15.0,,2013,
Algeria,DZ,DZA,12,ISO 3166-2:DZ,Africa,Northern Africa,,2.0,15.0,,2014,0.27
Algeria,DZ,DZA,12,ISO 3166-2:DZ,Africa,Northern Africa,,2.0,15.0,,2015,
Algeria,DZ,DZA,12,ISO 3166-2:DZ,Africa,Northern Africa,,2.0,15.0,,2016,0.28
American Samoa,AS,ASM,16,ISO 3166-2:AS,Oceania,Polynesia,,9.0,61.0,,,
Andorra,AD,AND,20,ISO 3166-2:AD,Europe,Southern Europe,,150.0,39.0,,1991,
Andorra,AD,AND,20,ISO 3166-2:AD,Europe,Southern Europe,,150.0,39.0,,1992,
Andorra,AD,AND,20,ISO 3166-2:AD,Europe,Southern Europe,,150.0,39.0,,1993,
Andorra,AD,AND,20,ISO 3166-2:AD,Europe,Southern Europe,,150.0,39.0,,1994,
Andorra,AD,AND,20,ISO 3166-2:AD,Europe,Southern Europe,,150.0,39.0,,1995,
Andorra,AD,AND,20,ISO 3166-2:AD,Europe,Southern Europe,,150.0,39.0,,1996,
Andorra,AD,AND,20,ISO 3166-2:AD,Europe,Southern Europe,,150.0,39.0,,1997,
Andorra,AD,AND,20,ISO 3166-2:AD,Europe,Southern Europe,,150.0,39.0,,1998,
Andorra,AD,AND,20,ISO 3166-2:AD,Europe,Southern Europe,,150.0,39.0,,1999,
Andorra,AD,AND,20,ISO 3166-2:AD,Europe,Southern Europe,,150.0,39.0,,2000,
Andorra,AD,AND,20,ISO 3166-2:AD,Europe,Southern Europe,,150.0,39.0,,2001,
Andorra,AD,AND,20,ISO 3166-2:AD,Europe,Southern Europe,,150.0,39.0,,2002,
Andorra,AD,AND,20,ISO 3166-2:AD,Europe,Southern Europe,,150.0,39.0,,2003,
Andorra,AD,AND,20,ISO 3166-2:AD,Europe,Southern Europe,,150.0,39.0,,2004,
Andorra,AD,AND,20,ISO 3166-2:AD,Europe,Southern Europe,,150.0,39.0,,2005,
Andorra,AD,AND,20,ISO 3166-2:AD,Europe,Southern Europe,,150.0,39.0,,2006,
Andorra,AD,AND,20,ISO 3166-2:AD,Europe,Southern Europe,,150.0,39.0,,2007,
Andorra,AD,AND,20,ISO 3166-2:AD,Europe,Southern Europe,,150.0,39.0,,2008,1.24
Andorra,AD,AND,20,ISO 3166-2:AD,Europe,Southern Europe,,150.0,39.0,,2009,
Andorra,AD,AND,20,ISO 3166-2:AD,Europe,Southern Europe,,150.0,39.0,,2010,1.49
Andorra,AD,AND,20,ISO 3166-2:AD,Europe,Southern Europe,,150.0,39.0,,2011,
Andorra,AD,AND,20,ISO 3166-2:AD,Europe,Southern Europe,,150.0,39.0,,2012,1.67
Andorra,AD,AND,20,ISO 3166-2:AD,Europe,Southern Europe,,150.0,39.0,,2013,
Andorra,AD,AND,20,ISO 3166-2:AD,Europe,Southern Europe,,150.0,39.0,,2014,1.51
Andorra,AD,AND,20,ISO 3166-2:AD,Europe,Southern Europe,,150.0,39.0,,2015,
Andorra,AD,AND,20,ISO 3166-2:AD,Europe,Southern Europe,,150.0,39.0,,2016,
Angola,AO,AGO,24,ISO 3166-2:AO,Africa,Sub-Saharan Africa,Middle Africa,2.0,202.0,17.0,1991,
Angola,AO,AGO,24,ISO 3166-2:AO,Africa,Sub-Saharan Africa,Middle Africa,2.0,202.0,17.0,1992,
Angola,AO,AGO,24,ISO 3166-2:AO,Africa,Sub-Saharan Africa,Middle Africa,2.0,202.0,17.0,1993,
Angola,AO,AGO,24,ISO 3166-2:AO,Africa,Sub-Saharan Africa,Middle Africa,2.0,202.0,17.0,1994,
Angola,AO,AGO,24,ISO 3166-2:AO,Africa,Sub-Saharan Africa,Middle Africa,2.0,202.0,17.0,1995,
Angola,AO,AGO,24,ISO 3166-2:AO,Africa,Sub-Saharan Africa,Middle Africa,2.0,202.0,17.0,1996,
Angola,AO,AGO,24,ISO 3166-2:AO,Africa,Sub-Saharan Africa,Middle Africa,2.0,202.0,17.0,1997,
Angola,AO,AGO,24,ISO 3166-2:AO,Africa,Sub-Saharan Africa,Middle Africa,2.0,202.0,17.0,1998,0.38
Angola,AO,AGO,24,ISO 3166-2:AO,Africa,Sub-Saharan Africa,Middle Africa,2.0,202.0,17.0,1999,
Angola,AO,AGO,24,ISO 3166-2:AO,Africa,Sub-Saharan Africa,Middle Africa,2.0,202.0,17.0,2000,0.3
Angola,AO,AGO,24,ISO 3166-2:AO,Africa,Sub-Saharan Africa,Middle Africa,2.0,202.0,17.0,2001,
Angola,AO,AGO,24,ISO 3166-2:AO,Africa,Sub-Saharan Africa,Middle Africa,2.0,202.0,17.0,2002,0.19
Angola,AO,AGO,24,ISO 3166-2:AO,Africa,Sub-Saharan Africa,Middle Africa,2.0,202.0,17.0,2003,
Angola,AO,AGO,24,ISO 3166-2:AO,Africa,Sub-Saharan Africa,Middle Africa,2.0,202.0,17.0,2004,0.39
Angola,AO,AGO,24,ISO 3166-2:AO,Africa,Sub-Saharan Africa,Middle Africa,2.0,202.0,17.0,2005,
Angola,AO,AGO,24,ISO 3166-2:AO,Africa,Sub-Saharan Africa,Middle Africa,2.0,202.0,17.0,2006,0.5
Angola,AO,AGO,24,ISO 3166-2:AO,Africa,Sub-Saharan Africa,Middle Africa,2.0,202.0,17.0,2007,
Angola,AO,AGO,24,ISO 3166-2:AO,Africa,Sub-Saharan Africa,Middle Africa,2.0,202.0,17.0,2008,0.53
Angola,AO,AGO,24,ISO 3166-2:AO,Africa,Sub-Saharan Africa,Middle Africa,2.0,202.0,17.0,2009,
Angola,AO,AGO,24,ISO 3166-2:AO,Africa,Sub-Saharan Africa,Middle Africa,2.0,202.0,17.0,2010,0.65
Angola,AO,AGO,24,ISO 3166-2:AO,Africa,Sub-Saharan Africa,Middle Africa,2.0,202.0,17.0,2011,
Angola,AO,AGO,24,ISO 3166-2:AO,Africa,Sub-Saharan Africa,Middle Africa,2.0,202.0,17.0,2012,0.63
Angola,AO,AGO,24,ISO 3166-2:AO,Africa,Sub-Saharan Africa,Middle Africa,2.0,202.0,17.0,2013,
Angola,AO,AGO,24,ISO 3166-2:AO,Africa,Sub-Saharan Africa,Middle Africa,2.0,202.0,17.0,2014,0.76
Angola,AO,AGO,24,ISO 3166-2:AO,Africa,Sub-Saharan Africa,Middle Africa,2.0,202.0,17.0,2015,
Angola,AO,AGO,24,ISO 3166-2:AO,Africa,Sub-Saharan Africa,Middle Africa,2.0,202.0,17.0,2016,0.97
Anguilla,AI,AIA,660,ISO 3166-2:AI,Americas,Latin America and the Caribbean,Caribbean,19.0,419.0,29.0,,
Antarctica,AQ,ATA,10,ISO 3166-2:AQ,,,,,,,,
Antigua and Barbuda,AG,ATG,28,ISO 3166-2:AG,Americas,Latin America and the Caribbean,Caribbean,19.0,419.0,29.0,1991,
Antigua and Barbuda,AG,ATG,28,ISO 3166-2:AG,Americas,Latin America and the Caribbean,Caribbean,19.0,419.0,29.0,1992,
Antigua and Barbuda,AG,ATG,28,ISO 3166-2:AG,Americas,Latin America and the Caribbean,Caribbean,19.0,419.0,29.0,1993,
Antigua and Barbuda,AG,ATG,28,ISO 3166-2:AG,Americas,Latin America and the Caribbean,Caribbean,19.0,419.0,29.0,1994,
Antigua and Barbuda,AG,ATG,28,ISO 3166-2:AG,Americas,Latin America and the Caribbean,Caribbean,19.0,419.0,29.0,1995,
Antigua and Barbuda,AG,ATG,28,ISO 3166-2:AG,Americas,Latin America and the Caribbean,Caribbean,19.0,419.0,29.0,1996,
Antigua and Barbuda,AG,ATG,28,ISO 3166-2:AG,Americas,Latin America and the Caribbean,Caribbean,19.0,419.0,29.0,1997,
Antigua and Barbuda,AG,ATG,28,ISO 3166-2:AG,Americas,Latin America and the Caribbean,Caribbean,19.0,419.0,29.0,1998,
Antigua and Barbuda,AG,ATG,28,ISO 3166-2:AG,Americas,Latin America and the Caribbean,Caribbean,19.0,419.0,29.0,1999,
Antigua and Barbuda,AG,ATG,28,ISO 3166-2:AG,Americas,Latin America and the Caribbean,Caribbean,19.0,419.0,29.0,2000,0.56
Antigua and Barbuda,AG,ATG,28,ISO 3166-2:AG,Americas,Latin America and the Caribbean,Caribbean,19.0,419.0,29.0,2001,
Antigua and Barbuda,AG,ATG,28,ISO 3166-2:AG,Americas,Latin America and the Caribbean,Caribbean,19.0,419.0,29.0,2002,
Antigua and Barbuda,AG,ATG,28,ISO 3166-2:AG,Americas,Latin America and the Caribbean,Caribbean,19.0,419.0,29.0,2003,
Antigua and Barbuda,AG,ATG,28,ISO 3166-2:AG,Americas,Latin America and the Caribbean,Caribbean,19.0,419.0,29.0,2004,0.68
Antigua and Barbuda,AG,ATG,28,ISO 3166-2:AG,Americas,Latin America and the Caribbean,Caribbean,19.0,419.0,29.0,2005,
Antigua and Barbuda,AG,ATG,28,ISO 3166-2:AG,Americas,Latin America and the Caribbean,Caribbean,19.0,419.0,29.0,2006,0.97
Antigua and Barbuda,AG,ATG,28,ISO 3166-2:AG,Americas,Latin America and the Caribbean,Caribbean,19.0,419.0,29.0,2007,
Antigua and Barbuda,AG,ATG,28,ISO 3166-2:AG,Americas,Latin America and the Caribbean,Caribbean,19.0,419.0,29.0,2008,1.11
Antigua and Barbuda,AG,ATG,28,ISO 3166-2:AG,Americas,Latin America and the Caribbean,Caribbean,19.0,419.0,29.0,2009,
Antigua and Barbuda,AG,ATG,28,ISO 3166-2:AG,Americas,Latin America and the Caribbean,Caribbean,19.0,419.0,29.0,2010,0.99
Antigua and Barbuda,AG,ATG,28,ISO 3166-2:AG,Americas,Latin America and the Caribbean,Caribbean,19.0,419.0,29.0,2011,
Antigua and Barbuda,AG,ATG,28,ISO 3166-2:AG,Americas,Latin America and the Caribbean,Caribbean,19.0,419.0,29.0,2012,
Antigua and Barbuda,AG,ATG,28,ISO 3166-2:AG,Americas,Latin America and the Caribbean,Caribbean,19.0,419.0,29.0,2013,
Antigua and Barbuda,AG,ATG,28,ISO 3166-2:AG,Americas,Latin America and the Caribbean,Caribbean,19.0,419.0,29.0,2014,
Antigua and Barbuda,AG,ATG,28,ISO 3166-2:AG,Americas,Latin America and the Caribbean,Caribbean,19.0,419.0,29.0,2015,
Antigua and Barbuda,AG,ATG,28,ISO 3166-2:AG,Americas,Latin America and the Caribbean,Caribbean,19.0,419.0,29.0,2016,
Argentina,AR,ARG,32,ISO 3166-2:AR,Americas,Latin America and the Caribbean,South America,19.0,419.0,5.0,1991,
Argentina,AR,ARG,32,ISO 3166-2:AR,Americas,Latin America and the Caribbean,South America,19.0,419.0,5.0,1992,0.79
Argentina,AR,ARG,32,ISO 3166-2:AR,Americas,Latin America and the Caribbean,South America,19.0,419.0,5.0,1993,
Argentina,AR,ARG,32,ISO 3166-2:AR,Americas,Latin America and the Caribbean,South America,19.0,419.0,5.0,1994,
Argentina,AR,ARG,32,ISO 3166-2:AR,Americas,Latin America and the Caribbean,South America,19.0,419.0,5.0,1995,0.6
Argentina,AR,ARG,32,ISO 3166-2:AR,Americas,Latin America and the Caribbean,South America,19.0,419.0,5.0,1996,
Argentina,AR,ARG,32,ISO 3166-2:AR,Americas,Latin America and the Caribbean,South America,19.0,419.0,5.0,1997,
Argentina,AR,ARG,32,ISO 3166-2:AR,Americas,Latin America and the Caribbean,South America,19.0,419.0,5.0,1998,0.94
Argentina,AR,ARG,32,ISO 3166-2:AR,Americas,Latin America and the Caribbean,South America,19.0,419.0,5.0,1999,
Argentina,AR,ARG,32,ISO 3166-2:AR,Americas,Latin America and the Caribbean,South America,19.0,419.0,5.0,2000,1.07
Argentina,AR,ARG,32,ISO 3166-2:AR,Americas,Latin America and the Caribbean,South America,19.0,419.0,5.0,2001,
Argentina,AR,ARG,32,ISO 3166-2:AR,Americas,Latin America and the Caribbean,South America,19.0,419.0,5.0,2002,0.63
Argentina,AR,ARG,32,ISO 3166-2:AR,Americas,Latin America and the Caribbean,South America,19.0,419.0,5.0,2003,
Argentina,AR,ARG,32,ISO 3166-2:AR,Americas,Latin America and the Caribbean,South America,19.0,419.0,5.0,2004,0.63
Argentina,AR,ARG,32,ISO 3166-2:AR,Americas,Latin America and the Caribbean,South America,19.0,419.0,5.0,2005,
Argentina,AR,ARG,32,ISO 3166-2:AR,Americas,Latin America and the Caribbean,South America,19.0,419.0,5.0,2006,0.62
Argentina,AR,ARG,32,ISO 3166-2:AR,Americas,Latin America and the Caribbean,South America,19.0,419.0,5.0,2007,
Argentina,AR,ARG,32,ISO 3166-2:AR,Americas,Latin America and the Caribbean,South America,19.0,419.0,5.0,2008,0.78
Argentina,AR,ARG,32,ISO 3166-2:AR,Americas,Latin America and the Caribbean,South America,19.0,419.0,5.0,2009,
Argentina,AR,ARG,32,ISO 3166-2:AR,Americas,Latin America and the Caribbean,South America,19.0,419.0,5.0,2010,0.96
Argentina,AR,ARG,32,ISO 3166-2:AR,Americas,Latin America and the Caribbean,South America,19.0,419.0,5.0,2011,
Argentina,AR,ARG,32,ISO 3166-2:AR,Americas,Latin America and the Caribbean,South America,19.0,419.0,5.0,2012,1.46
Argentina,AR,ARG,32,ISO 3166-2:AR,Americas,Latin America and the Caribbean,South America,19.0,419.0,5.0,2013,
Argentina,AR,ARG,32,ISO 3166-2:AR,Americas,Latin America and the Caribbean,South America,19.0,419.0,5.0,2014,1.52
Argentina,AR,ARG,32,ISO 3166-2:AR,Americas,Latin America and the Caribbean,South America,19.0,419.0,5.0,2015,
Argentina,AR,ARG,32,ISO 3166-2:AR,Americas,Latin America and the Caribbean,South America,19.0,419.0,5.0,2016,1.1
Armenia,AM,ARM,51,ISO 3166-2:AM,Asia,Western Asia,,142.0,145.0,,1991,
Armenia,AM,ARM,51,ISO 3166-2:AM,Asia,Western Asia,,142.0,145.0,,1992,
Armenia,AM,ARM,51,ISO 3166-2:AM,Asia,Western Asia,,142.0,145.0,,1993,
Armenia,AM,ARM,51,ISO 3166-2:AM,Asia,Western Asia,,142.0,145.0,,1994,
Armenia,AM,ARM,51,ISO 3166-2:AM,Asia,Western Asia,,142.0,145.0,,1995,
Armenia,AM,ARM,51,ISO 3166-2:AM,Asia,Western Asia,,142.0,145.0,,1996,
Armenia,AM,ARM,51,ISO 3166-2:AM,Asia,Western Asia,,142.0,145.0,,1997,
Armenia,AM,ARM,51,ISO 3166-2:AM,Asia,Western Asia,,142.0,145.0,,1998,0.49
Armenia,AM,ARM,51,ISO 3166-2:AM,Asia,Western Asia,,142.0,145.0,,1999,
Armenia,AM,ARM,51,ISO 3166-2:AM,Asia,Western Asia,,142.0,145.0,,2000,0.55
Armenia,AM,ARM,51,ISO 3166-2:AM,Asia,Western Asia,,142.0,145.0,,2001,
Armenia,AM,ARM,51,ISO 3166-2:AM,Asia,Western Asia,,142.0,145.0,,2002,0.42
Armenia,AM,ARM,51,ISO 3166-2:AM,Asia,Western Asia,,142.0,145.0,,2003,
Armenia,AM,ARM,51,ISO 3166-2:AM,Asia,Western Asia,,142.0,145.0,,2004,0.68
Armenia,AM,ARM,51,ISO 3166-2:AM,Asia,Western Asia,,142.0,145.0,,2005,
Armenia,AM,ARM,51,ISO 3166-2:AM,Asia,Western Asia,,142.0,145.0,,2006,0.96
Armenia,AM,ARM,51,ISO 3166-2:AM,Asia,Western Asia,,142.0,145.0,,2007,
Armenia,AM,ARM,51,ISO 3166-2:AM,Asia,Western Asia,,142.0,145.0,,2008,1.08
Armenia,AM,ARM,51,ISO 3166-2:AM,Asia,Western Asia,,142.0,145.0,,2009,
Armenia,AM,ARM,51,ISO 3166-2:AM,Asia,Western Asia,,142.0,145.0,,2010,1.08
Armenia,AM,ARM,51,ISO 3166-2:AM,Asia,Western Asia,,142.0,145.0,,2011,
Armenia,AM,ARM,51,ISO 3166-2:AM,Asia,Western Asia,,142.0,145.0,,2012,1.25
Armenia,AM,ARM,51,ISO 3166-2:AM,Asia,Western Asia,,142.0,145.0,,2013,
Armenia,AM,ARM,51,ISO 3166-2:AM,Asia,Western Asia,,142.0,145.0,,2014,1.3
Armenia,AM,ARM,51,ISO 3166-2:AM,Asia,Western Asia,,142.0,145.0,,2015,
Armenia,AM,ARM,51,ISO 3166-2:AM,Asia,Western Asia,,142.0,145.0,,2016,0.77
Aruba,AW,ABW,533,ISO 3166-2:AW,Americas,Latin America and the Caribbean,Caribbean,19.0,419.0,29.0,,
Australia,AU,AUS,36,ISO 3166-2:AU,Oceania,Australia and New Zealand,,9.0,53.0,,1991,
Australia,AU,AUS,36,ISO 3166-2:AU,Oceania,Australia and New Zealand,,9.0,53.0,,1992,
Australia,AU,AUS,36,ISO 3166-2:AU,Oceania,Australia and New Zealand,,9.0,53.0,,1993,
Australia,AU,AUS,36,ISO 3166-2:AU,Oceania,Australia and New Zealand,,9.0,53.0,,1994,
Australia,AU,AUS,36,ISO 3166-2:AU,Oceania,Australia and New Zealand,,9.0,53.0,,1995,
Australia,AU,AUS,36,ISO 3166-2:AU,Oceania,Australia and New Zealand,,9.0,53.0,,1996,
Australia,AU,AUS,36,ISO 3166-2:AU,Oceania,Australia and New Zealand,,9.0,53.0,,1997,
Australia,AU,AUS,36,ISO 3166-2:AU,Oceania,Australia and New Zealand,,9.0,53.0,,1998,0.46
Australia,AU,AUS,36,ISO 3166-2:AU,Oceania,Australia and New Zealand,,9.0,53.0,,1999,
Australia,AU,AUS,36,ISO 3166-2:AU,Oceania,Australia and New Zealand,,9.0,53.0,,2000,0.57
Australia,AU,AUS,36,ISO 3166-2:AU,Oceania,Australia and New Zealand,,9.0,53.0,,2001,
Australia,AU,AUS,36,ISO 3166-2:AU,Oceania,Australia and New Zealand,,9.0,53.0,,2002,0.5
Australia,AU,AUS,36,ISO 3166-2:AU,Oceania,Australia and New Zealand,,9.0,53.0,,2003,
Australia,AU,AUS,36,ISO 3166-2:AU,Oceania,Australia and New Zealand,,9.0,53.0,,2004,0.85
Australia,AU,AUS,36,ISO 3166-2:AU,Oceania,Australia and New Zealand,,9.0,53.0,,2005,
Australia,AU,AUS,36,ISO 3166-2:AU,Oceania,Australia and New Zealand,,9.0,53.0,,2006,0.93
Australia,AU,AUS,36,ISO 3166-2:AU,Oceania,Australia and New Zealand,,9.0,53.0,,2007,
Australia,AU,AUS,36,ISO 3166-2:AU,Oceania,Australia and New Zealand,,9.0,53.0,,2008,0.74
Australia,AU,AUS,36,ISO 3166-2:AU,Oceania,Australia and New Zealand,,9.0,53.0,,2009,
Australia,AU,AUS,36,ISO 3166-2:AU,Oceania,Australia and New Zealand,,9.0,53.0,,2010,1.27
Australia,AU,AUS,36,ISO 3166-2:AU,Oceania,Australia and New Zealand,,9.0,53.0,,2011,
Australia,AU,AUS,36,ISO 3166-2:AU,Oceania,Australia and New Zealand,,9.0,53.0,,2012,1.39
Australia,AU,AUS,36,ISO 3166-2:AU,Oceania,Australia and New Zealand,,9.0,53.0,,2013,
Australia,AU,AUS,36,ISO 3166-2:AU,Oceania,Australia and New Zealand,,9.0,53.0,,2014,1.23
Australia,AU,AUS,36,ISO 3166-2:AU,Oceania,Australia and New Zealand,,9.0,53.0,,2015,
Australia,AU,AUS,36,ISO 3166-2:AU,Oceania,Australia and New Zealand,,9.0,53.0,,2016,0.93
Austria,AT,AUT,40,ISO 3166-2:AT,Europe,Western Europe,,150.0,155.0,,1991,
Austria,AT,AUT,40,ISO 3166-2:AT,Europe,Western Europe,,150.0,155.0,,1992,
Austria,AT,AUT,40,ISO 3166-2:AT,Europe,Western Europe,,150.0,155.0,,1993,
Austria,AT,AUT,40,ISO 3166-2:AT,Europe,Western Europe,,150.0,155.0,,1994,
Austria,AT,AUT,40,ISO 3166-2:AT,Europe,Western Europe,,150.0,155.0,,1995,1.15
Austria,AT,AUT,40,ISO 3166-2:AT,Europe,Western Europe,,150.0,155.0,,1996,
Austria,AT,AUT,40,ISO 3166-2:AT,Europe,Western Europe,,150.0,155.0,,1997,
Austria,AT,AUT,40,ISO 3166-2:AT,Europe,Western Europe,,150.0,155.0,,1998,1.04
Austria,AT,AUT,40,ISO 3166-2:AT,Europe,Western Europe,,150.0,155.0,,1999,
Austria,AT,AUT,40,ISO 3166-2:AT,Europe,Western Europe,,150.0,155.0,,2000,0.82
Austria,AT,AUT,40,ISO 3166-2:AT,Europe,Western Europe,,150.0,155.0,,2001,
Austria,AT,AUT,40,ISO 3166-2:AT,Europe,Western Europe,,150.0,155.0,,2002,0.84
Austria,AT,AUT,40,ISO 3166-2:AT,Europe,Western Europe,,150.0,155.0,,2003,
Austria,AT,AUT,40,ISO 3166-2:AT,Europe,Western Europe,,150.0,155.0,,2004,1.32
Austria,AT,AUT,40,ISO 3166-2:AT,Europe,Western Europe,,150.0,155.0,,2005,
Austria,AT,AUT,40,ISO 3166-2:AT,Europe,Western Europe,,150.0,155.0,,2006,1.32
Austria,AT,AUT,40,ISO 3166-2:AT,Europe,Western Europe,,150.0,155.0,,2007,
Austria,AT,AUT,40,ISO 3166-2:AT,Europe,Western Europe,,150.0,155.0,,2008,1.37
Austria,AT,AUT,40,ISO 3166-2:AT,Europe,Western Europe,,150.0,155.0,,2009,
Austria,AT,AUT,40,ISO 3166-2:AT,Europe,Western Europe,,150.0,155.0,,2010,1.63
Austria,AT,AUT,40,ISO 3166-2:AT,Europe,Western Europe,,150.0,155.0,,2011,
Austria,AT,AUT,40,ISO 3166-2:AT,Europe,Western Europe,,150.0,155.0,,2012,1.81
Austria,AT,AUT,40,ISO 3166-2:AT,Europe,Western Europe,,150.0,155.0,,2013,
Austria,AT,AUT,40,ISO 3166-2:AT,Europe,Western Europe,,150.0,155.0,,2014,1.6
Austria,AT,AUT,40,ISO 3166-2:AT,Europe,Western Europe,,150.0,155.0,,2015,
Austria,AT,AUT,40,ISO 3166-2:AT,Europe,Western Europe,,150.0,155.0,,2016,1.2
Azerbaijan,AZ,AZE,31,ISO 3166-2:AZ,Asia,Western Asia,,142.0,145.0,,1991,
Azerbaijan,AZ,AZE,31,ISO 3166-2:AZ,Asia,Western Asia,,142.0,145.0,,1992,
Azerbaijan,AZ,AZE,31,ISO 3166-2:AZ,Asia,Western Asia,,142.0,145.0,,1993,
Azerbaijan,AZ,AZE,31,ISO 3166-2:AZ,Asia,Western Asia,,142.0,145.0,,1994,
Azerbaijan,AZ,AZE,31,ISO 3166-2:AZ,Asia,Western Asia,,142.0,145.0,,1995,
Azerbaijan,AZ,AZE,31,ISO 3166-2:AZ,Asia,Western Asia,,142.0,145.0,,1996,
Azerbaijan,AZ,AZE,31,ISO 3166-2:AZ,Asia,Western Asia,,142.0,145.0,,1997,
Azerbaijan,AZ,AZE,31,ISO 3166-2:AZ,Asia,Western Asia,,142.0,145.0,,1998,0.46
Azerbaijan,AZ,AZE,31,ISO 3166-2:AZ,Asia,Western Asia,,142.0,145.0,,1999,
Azerbaijan,AZ,AZE,31,ISO 3166-2:AZ,Asia,Western Asia,,142.0,145.0,,2000,0.39
Azerbaijan,AZ,AZE,31,ISO 3166-2:AZ,Asia,Western Asia,,142.0,145.0,,2001,
Azerbaijan,AZ,AZE,31,ISO 3166-2:AZ,Asia,Western Asia,,142.0,145.0,,2002,0.37
Azerbaijan,AZ,AZE,31,ISO 3166-2:AZ,Asia,Western Asia,,142.0,145.0,,2003,
Azerbaijan,AZ,AZE,31,ISO 3166-2:AZ,Asia,Western Asia,,142.0,145.0,,2004,0.41
Azerbaijan,AZ,AZE,31,ISO 3166-2:AZ,Asia,Western Asia,,142.0,145.0,,2005,
Azerbaijan,AZ,AZE,31,ISO 3166-2:AZ,Asia,Western Asia,,142.0,145.0,,2006,0.46
Azerbaijan,AZ,AZE,31,ISO 3166-2:AZ,Asia,Western Asia,,142.0,145.0,,2007,
Azerbaijan,AZ,AZE,31,ISO 3166-2:AZ,Asia,Western Asia,,142.0,145.0,,2008,0.74
Azerbaijan,AZ,AZE,31,ISO 3166-2:AZ,Asia,Western Asia,,142.0,145.0,,2009,
Azerbaijan,AZ,AZE,31,ISO 3166-2:AZ,Asia,Western Asia,,142.0,145.0,,2010,0.75
Azerbaijan,AZ,AZE,31,ISO 3166-2:AZ,Asia,Western Asia,,142.0,145.0,,2011,
Azerbaijan,AZ,AZE,31,ISO 3166-2:AZ,Asia,Western Asia,,142.0,145.0,,2012,0.76
Azerbaijan,AZ,AZE,31,ISO 3166-2:AZ,Asia,Western Asia,,142.0,145.0,,2013,
Azerbaijan,AZ,AZE,31,ISO 3166-2:AZ,Asia,Western Asia,,142.0,145.0,,2014,1.21
Azerbaijan,AZ,AZE,31,ISO 3166-2:AZ,Asia,Western Asia,,142.0,145.0,,2015,
Azerbaijan,AZ,AZE,31,ISO 3166-2:AZ,Asia,Western Asia,,142.0,145.0,,2016,0.56
Bahamas,BS,BHS,44,ISO 3166-2:BS,Americas,Latin America and the Caribbean,Caribbean,19.0,419.0,29.0,1991,
Bahamas,BS,BHS,44,ISO 3166-2:BS,Americas,Latin America and the Caribbean,Caribbean,19.0,419.0,29.0,1992,
Bahamas,BS,BHS,44,ISO 3166-2:BS,Americas,Latin America and the Caribbean,Caribbean,19.0,419.0,29.0,1993,
Bahamas,BS,BHS,44,ISO 3166-2:BS,Americas,Latin America and the Caribbean,Caribbean,19.0,419.0,29.0,1994,
Bahamas,BS,BHS,44,ISO 3166-2:BS,Americas,Latin America and the Caribbean,Caribbean,19.0,419.0,29.0,1995,
Bahamas,BS,BHS,44,ISO 3166-2:BS,Americas,Latin America and the Caribbean,Caribbean,19.0,419.0,29.0,1996,
Bahamas,BS,BHS,44,ISO 3166-2:BS,Americas,Latin America and the Caribbean,Caribbean,19.0,419.0,29.0,1997,
Bahamas,BS,BHS,44,ISO 3166-2:BS,Americas,Latin America and the Caribbean,Caribbean,19.0,419.0,29.0,1998,
Bahamas,BS,BHS,44,ISO 3166-2:BS,Americas,Latin America and the Caribbean,Caribbean,19.0,419.0,29.0,1999,
Bahamas,BS,BHS,44,ISO 3166-2:BS,Americas,Latin America and the Caribbean,Caribbean,19.0,419.0,29.0,2000,
Bahamas,BS,BHS,44,ISO 3166-2:BS,Americas,Latin America and the Caribbean,Caribbean,19.0,419.0,29.0,2001,
Bahamas,BS,BHS,44,ISO 3166-2:BS,Americas,Latin America and the Caribbean,Caribbean,19.0,419.0,29.0,2002,
Bahamas,BS,BHS,44,ISO 3166-2:BS,Americas,Latin America and the Caribbean,Caribbean,19.0,419.0,29.0,2003,
Bahamas,BS,BHS,44,ISO 3166-2:BS,Americas,Latin America and the Caribbean,Caribbean,19.0,419.0,29.0,2004,
Bahamas,BS,BHS,44,ISO 3166-2:BS,Americas,Latin America and the Caribbean,Caribbean,19.0,419.0,29.0,2005,
Bahamas,BS,BHS,44,ISO 3166-2:BS,Americas,Latin America and the Caribbean,Caribbean,19.0,419.0,29.0,2006,
Bahamas,BS,BHS,44,ISO 3166-2:BS,Americas,Latin America and the Caribbean,Caribbean,19.0,419.0,29.0,2007,
Bahamas,BS,BHS,44,ISO 3166-2:BS,Americas,Latin America and the Caribbean,Caribbean,19.0,419.0,29.0,2008,
Bahamas,BS,BHS,44,ISO 3166-2:BS,Americas,Latin America and the Caribbean,Caribbean,19.0,419.0,29.0,2009,
Bahamas,BS,BHS,44,ISO 3166-2:BS,Americas,Latin America and the Caribbean,Caribbean,19.0,419.0,29.0,2010,
Bahamas,BS,BHS,44,ISO 3166-2:BS,Americas,Latin America and the Caribbean,Caribbean,19.0,419.0,29.0,2011,
Bahamas,BS,BHS,44,ISO 3166-2:BS,Americas,Latin America and the Caribbean,Caribbean,19.0,419.0,29.0,2012,
Bahamas,BS,BHS,44,ISO 3166-2:BS,Americas,Latin America and the Caribbean,Caribbean,19.0,419.0,29.0,2013,
Bahamas,BS,BHS,44,ISO 3166-2:BS,Americas,Latin America and the Caribbean,Caribbean,19.0,419.0,29.0,2014,1.05
Bahamas,BS,BHS,44,ISO 3166-2:BS,Americas,Latin America and the Caribbean,Caribbean,19.0,419.0,29.0,2015,
Bahamas,BS,BHS,44,ISO 3166-2:BS,Americas,Latin America and the Caribbean,Caribbean,19.0,419.0,29.0,2016,0.92
Bahrain,BH,BHR,48,ISO 3166-2:BH,Asia,Western Asia,,142.0,145.0,,1991,
Bahrain,BH,BHR,48,ISO 3166-2:BH,Asia,Western Asia,,142.0,145.0,,1992,
Bahrain,BH,BHR,48,ISO 3166-2:BH,Asia,Western Asia,,142.0,145.0,,1993,
Bahrain,BH,BHR,48,ISO 3166-2:BH,Asia,Western Asia,,142.0,145.0,,1994,
Bahrain,BH,BHR,48,ISO 3166-2:BH,Asia,Western Asia,,142.0,145.0,,1995,
Bahrain,BH,BHR,48,ISO 3166-2:BH,Asia,Western Asia,,142.0,145.0,,1996,
Bahrain,BH,BHR,48,ISO 3166-2:BH,Asia,Western Asia,,142.0,145.0,,1997,
Bahrain,BH,BHR,48,ISO 3166-2:BH,Asia,Western Asia,,142.0,145.0,,1998,0.26
Bahrain,BH,BHR,48,ISO 3166-2:BH,Asia,Western Asia,,142.0,145.0,,1999,
Bahrain,BH,BHR,48,ISO 3166-2:BH,Asia,Western Asia,,142.0,145.0,,2000,0.27
Bahrain,BH,BHR,48,ISO 3166-2:BH,Asia,Western Asia,,142.0,145.0,,2001,
Bahrain,BH,BHR,48,ISO 3166-2:BH,Asia,Western Asia,,142.0,145.0,,2002,0.27
Bahrain,BH,BHR,48,ISO 3166-2:BH,Asia,Western Asia,,142.0,145.0,,2003,
Bahrain,BH,BHR,48,ISO 3166-2:BH,Asia,Western Asia,,142.0,145.0,,2004,0.27
Bahrain,BH,BHR,48,ISO 3166-2:BH,Asia,Western Asia,,142.0,145.0,,2005,
Bahrain,BH,BHR,48,ISO 3166-2:BH,Asia,Western Asia,,142.0,145.0,,2006,0.21
Bahrain,BH,BHR,48,ISO 3166-2:BH,Asia,Western Asia,,142.0,145.0,,2007,
Bahrain,BH,BHR,48,ISO 3166-2:BH,Asia,Western Asia,,142.0,145.0,,2008,0.21
Bahrain,BH,BHR,48,ISO 3166-2:BH,Asia,Western Asia,,142.0,145.0,,2009,
Bahrain,BH,BHR,48,ISO 3166-2:BH,Asia,Western Asia,,142.0,145.0,,2010,0.21
Bahrain,BH,BHR,48,ISO 3166-2:BH,Asia,Western Asia,,142.0,145.0,,2011,
Bahrain,BH,BHR,48,ISO 3166-2:BH,Asia,Western Asia,,142.0,145.0,,2012,0.27
Bahrain,BH,BHR,48,ISO 3166-2:BH,Asia,Western Asia,,142.0,145.0,,2013,
Bahrain,BH,BHR,48,ISO 3166-2:BH,Asia,Western Asia,,142.0,145.0,,2014,
Bahrain,BH,BHR,48,ISO 3166-2:BH,Asia,Western Asia,,142.0,145.0,,2015,
Bahrain,BH,BHR,48,ISO 3166-2:BH,Asia,Western Asia,,142.0,145.0,,2016,0.43
Bangladesh,BD,BGD,50,ISO 3166-2:BD,Asia,Southern Asia,,142.0,34.0,,1991,
Bangladesh,BD,BGD,50,ISO 3166-2:BD,Asia,Southern Asia,,142.0,34.0,,1992,
Bangladesh,BD,BGD,50,ISO 3166-2:BD,Asia,Southern Asia,,142.0,34.0,,1993,
Bangladesh,BD,BGD,50,ISO 3166-2:BD,Asia,Southern Asia,,142.0,34.0,,1994,
Bangladesh,BD,BGD,50,ISO 3166-2:BD,Asia,Southern Asia,,142.0,34.0,,1995,0.36
Bangladesh,BD,BGD,50,ISO 3166-2:BD,Asia,Southern Asia,,142.0,34.0,,1996,
Bangladesh,BD,BGD,50,ISO 3166-2:BD,Asia,Southern Asia,,142.0,34.0,,1997,
Bangladesh,BD,BGD,50,ISO 3166-2:BD,Asia,Southern Asia,,142.0,34.0,,1998,0.47
Bangladesh,BD,BGD,50,ISO 3166-2:BD,Asia,Southern Asia,,142.0,34.0,,1999,
Bangladesh,BD,BGD,50,ISO 3166-2:BD,Asia,Southern Asia,,142.0,34.0,,2000,0.46
Bangladesh,BD,BGD,50,ISO 3166-2:BD,Asia,Southern Asia,,142.0,34.0,,2001,
Bangladesh,BD,BGD,50,ISO 3166-2:BD,Asia,Southern Asia,,142.0,34.0,,2002,0.52
Bangladesh,BD,BGD,50,ISO 3166-2:BD,Asia,Southern Asia,,142.0,34.0,,2003,
Bangladesh,BD,BGD,50,ISO 3166-2:BD,Asia,Southern Asia,,142.0,34.0,,2004,0.59
Bangladesh,BD,BGD,50,ISO 3166-2:BD,Asia,Southern Asia,,142.0,34.0,,2005,
Bangladesh,BD,BGD,50,ISO 3166-2:BD,Asia,Southern Asia,,142.0,34.0,,2006,0.79
Bangladesh,BD,BGD,50,ISO 3166-2:BD,Asia,Southern Asia,,142.0,34.0,,2007,
Bangladesh,BD,BGD,50,ISO 3166-2:BD,Asia,Southern Asia,,142.0,34.0,,2008,1.17
Bangladesh,BD,BGD,50,ISO 3166-2:BD,Asia,Southern Asia,,142.0,34.0,,2009,
Bangladesh,BD,BGD,50,ISO 3166-2:BD,Asia,Southern Asia,,142.0,34.0,,2010,1.09
Bangladesh,BD,BGD,50,ISO 3166-2:BD,Asia,Southern Asia,,142.0,34.0,,2011,
Bangladesh,BD,BGD,50,ISO 3166-2:BD,Asia,Southern Asia,,142.0,34.0,,2012,1.15
Bangladesh,BD,BGD,50,ISO 3166-2:BD,Asia,Southern Asia,,142.0,34.0,,2013,
Bangladesh,BD,BGD,50,ISO 3166-2:BD,Asia,Southern Asia,,142.0,34.0,,2014,1.3
Bangladesh,BD,BGD,50,ISO 3166-2:BD,Asia,Southern Asia,,142.0,34.0,,2015,
Bangladesh,BD,BGD,50,ISO 3166-2:BD,Asia,Southern Asia,,142.0,34.0,,2016,1.12
Barbados,BB,BRB,52,ISO 3166-2:BB,Americas,Latin America and the Caribbean,Caribbean,19.0,419.0,29.0,1991,
Barbados,BB,BRB,52,ISO 3166-2:BB,Americas,Latin America and the Caribbean,Caribbean,19.0,419.0,29.0,1992,
Barbados,BB,BRB,52,ISO 3166-2:BB,Americas,Latin America and the Caribbean,Caribbean,19.0,419.0,29.0,1993,
Barbados,BB,BRB,52,ISO 3166-2:BB,Americas,Latin America and the Caribbean,Caribbean,19.0,419.0,29.0,1994,
Barbados,BB,BRB,52,ISO 3166-2:BB,Americas,Latin America and the Caribbean,Caribbean,19.0,419.0,29.0,1995,
Barbados,BB,BRB,52,ISO 3166-2:BB,Americas,Latin America and the Caribbean,Caribbean,19.0,419.0,29.0,1996,
Barbados,BB,BRB,52,ISO 3166-2:BB,Americas,Latin America and the Caribbean,Caribbean,19.0,419.0,29.0,1997,
Barbados,BB,BRB,52,ISO 3166-2:BB,Americas,Latin America and the Caribbean,Caribbean,19.0,419.0,29.0,1998,0.72
Barbados,BB,BRB,52,ISO 3166-2:BB,Americas,Latin America and the Caribbean,Caribbean,19.0,419.0,29.0,1999,
Barbados,BB,BRB,52,ISO 3166-2:BB,Americas,Latin America and the Caribbean,Caribbean,19.0,419.0,29.0,2000,0.95
Barbados,BB,BRB,52,ISO 3166-2:BB,Americas,Latin America and the Caribbean,Caribbean,19.0,419.0,29.0,2001,
Barbados,BB,BRB,52,ISO 3166-2:BB,Americas,Latin America and the Caribbean,Caribbean,19.0,419.0,29.0,2002,0.66
Barbados,BB,BRB,52,ISO 3166-2:BB,Americas,Latin America and the Caribbean,Caribbean,19.0,419.0,29.0,2003,
Barbados,BB,BRB,52,ISO 3166-2:BB,Americas,Latin America and the Caribbean,Caribbean,19.0,419.0,29.0,2004,0.82
Barbados,BB,BRB,52,ISO 3166-2:BB,Americas,Latin America and the Caribbean,Caribbean,19.0,419.0,29.0,2005,
Barbados,BB,BRB,52,ISO 3166-2:BB,Americas,Latin America and the Caribbean,Caribbean,19.0,419.0,29.0,2006,1.11
Barbados,BB,BRB,52,ISO 3166-2:BB,Americas,Latin America and the Caribbean,Caribbean,19.0,419.0,29.0,2007,
Barbados,BB,BRB,52,ISO 3166-2:BB,Americas,Latin America and the Caribbean,Caribbean,19.0,419.0,29.0,2008,1.0
Barbados,BB,BRB,52,ISO 3166-2:BB,Americas,Latin America and the Caribbean,Caribbean,19.0,419.0,29.0,2009,
Barbados,BB,BRB,52,ISO 3166-2:BB,Americas,Latin America and the Caribbean,Caribbean,19.0,419.0,29.0,2010,1.25
Barbados,BB,BRB,52,ISO 3166-2:BB,Americas,Latin America and the Caribbean,Caribbean,19.0,419.0,29.0,2011,
Barbados,BB,BRB,52,ISO 3166-2:BB,Americas,Latin America and the Caribbean,Caribbean,19.0,419.0,29.0,2012,
Barbados,BB,BRB,52,ISO 3166-2:BB,Americas,Latin America and the Caribbean,Caribbean,19.0,419.0,29.0,2013,
Barbados,BB,BRB,52,ISO 3166-2:BB,Americas,Latin America and the Caribbean,Caribbean,19.0,419.0,29.0,2014,1.81
Barbados,BB,BRB,52,ISO 3166-2:BB,Americas,Latin America and the Caribbean,Caribbean,19.0,419.0,29.0,2015,
Barbados,BB,BRB,52,ISO 3166-2:BB,Americas,Latin America and the Caribbean,Caribbean,19.0,419.0,29.0,2016,
Belarus,BY,BLR,112,ISO 3166-2:BY,Europe,Eastern Europe,,150.0,151.0,,1991,
Belarus,BY,BLR,112,ISO 3166-2:BY,Europe,Eastern Europe,,150.0,151.0,,1992,
Belarus,BY,BLR,112,ISO 3166-2:BY,Europe,Eastern Europe,,150.0,151.0,,1993,
Belarus,BY,BLR,112,ISO 3166-2:BY,Europe,Eastern Europe,,150.0,151.0,,1994,
Belarus,BY,BLR,112,ISO 3166-2:BY,Europe,Eastern Europe,,150.0,151.0,,1995,
Belarus,BY,BLR,112,ISO 3166-2:BY,Europe,Eastern Europe,,150.0,151.0,,1996,
Belarus,BY,BLR,112,ISO 3166-2:BY,Europe,Eastern Europe,,150.0,151.0,,1997,
Belarus,BY,BLR,112,ISO 3166-2:BY,Europe,Eastern Europe,,150.0,151.0,,1998,0.34
Belarus,BY,BLR,112,ISO 3166-2:BY,Europe,Eastern Europe,,150.0,151.0,,1999,
Belarus,BY,BLR,112,ISO 3166-2:BY,Europe,Eastern Europe,,150.0,151.0,,2000,0.55
Belarus,BY,BLR,112,ISO 3166-2:BY,Europe,Eastern Europe,,150.0,151.0,,2001,
Belarus,BY,BLR,112,ISO 3166-2:BY,Europe,Eastern Europe,,150.0,151.0,,2002,0.5
Belarus,BY,BLR,112,ISO 3166-2:BY,Europe,Eastern Europe,,150.0,151.0,,2003,
Belarus,BY,BLR,112,ISO 3166-2:BY,Europe,Eastern Europe,,150.0,151.0,,2004,0.62
Belarus,BY,BLR,112,ISO 3166-2:BY,Europe,Eastern Europe,,150.0,151.0,,2005,
Belarus,BY,BLR,112,ISO 3166-2:BY,Europe,Eastern Europe,,150.0,151.0,,2006,0.79
Belarus,BY,BLR,112,ISO 3166-2:BY,Europe,Eastern Europe,,150.0,151.0,,2007,
Belarus,BY,BLR,112,ISO 3166-2:BY,Europe,Eastern Europe,,150.0,151.0,,2008,1.33
Belarus,BY,BLR,112,ISO 3166-2:BY,Europe,Eastern Europe,,150.0,151.0,,2009,
Belarus,BY,BLR,112,ISO 3166-2:BY,Europe,Eastern Europe,,150.0,151.0,,2010,1.08
Belarus,BY,BLR,112,ISO 3166-2:BY,Europe,Eastern Europe,,150.0,151.0,,2011,
Belarus,BY,BLR,112,ISO 3166-2:BY,Europe,Eastern Europe,,150.0,151.0,,2012,0.88
Belarus,BY,BLR,112,ISO 3166-2:BY,Europe,Eastern Europe,,150.0,151.0,,2013,
Belarus,BY,BLR,112,ISO 3166-2:BY,Europe,Eastern Europe,,150.0,151.0,,2014,1.06
Belarus,BY,BLR,112,ISO 3166-2:BY,Europe,Eastern Europe,,150.0,151.0,,2015,
Belarus,BY,BLR,112,ISO 3166-2:BY,Europe,Eastern Europe,,150.0,151.0,,2016,0.6
Belgium,BE,BEL,56,ISO 3166-2:BE,Europe,Western Europe,,150.0,155.0,,1991,
Belgium,BE,BEL,56,ISO 3166-2:BE,Europe,Western Europe,,150.0,155.0,,1992,
Belgium,BE,BEL,56,ISO 3166-2:BE,Europe,Western Europe,,150.0,155.0,,1993,
Belgium,BE,BEL,56,ISO 3166-2:BE,Europe,Western Europe,,150.0,155.0,,1994,
Belgium,BE,BEL,56,ISO 3166-2:BE,Europe,Western Europe,,150.0,155.0,,1995,1.18
Belgium,BE,BEL,56,ISO 3166-2:BE,Europe,Western Europe,,150.0,155.0,,1996,
Belgium,BE,BEL,56,ISO 3166-2:BE,Europe,Western Europe,,150.0,155.0,,1997,
Belgium,BE,BEL,56,ISO 3166-2:BE,Europe,Western Europe,,150.0,155.0,,1998,1.12
Belgium,BE,BEL,56,ISO 3166-2:BE,Europe,Western Europe,,150.0,155.0,,1999,
Belgium,BE,BEL,56,ISO 3166-2:BE,Europe,Western Europe,,150.0,155.0,,2000,0.96
Belgium,BE,BEL,56,ISO 3166-2:BE,Europe,Western Europe,,150.0,155.0,,2001,
Belgium,BE,BEL,56,ISO 3166-2:BE,Europe,Western Europe,,150.0,155.0,,2002,1.04
Belgium,BE,BEL,56,ISO 3166-2:BE,Europe,Western Europe,,150.0,155.0,,2003,
Belgium,BE,BEL,56,ISO 3166-2:BE,Europe,Western Europe,,150.0,155.0,,2004,1.5
Belgium,BE,BEL,56,ISO 3166-2:BE,Europe,Western Europe,,150.0,155.0,,2005,
Belgium,BE,BEL,56,ISO 3166-2:BE,Europe,Western Europe,,150.0,155.0,,2006,1.63
Belgium,BE,BEL,56,ISO 3166-2:BE,Europe,Western Europe,,150.0,155.0,,2007,
Belgium,BE,BEL,56,ISO 3166-2:BE,Europe,Western Europe,,150.0,155.0,,2008,1.5
Belgium,BE,BEL,56,ISO 3166-2:BE,Europe,Western Europe,,150.0,155.0,,2009,
Belgium,BE,BEL,56,ISO 3166-2:BE,Europe,Western Europe,,150.0,155.0,,2010,1.87
Belgium,BE,BEL,56,ISO 3166-2:BE,Europe,Western Europe,,150.0,155.0,,2011,
Belgium,BE,BEL,56,ISO 3166-2:BE,Europe,Western Europe,,150.0,155.0,,2012,2.09
Belgium,BE,BEL,56,ISO 3166-2:BE,Europe,Western Europe,,150.0,155.0,,2013,
Belgium,BE,BEL,56,ISO 3166-2:BE,Europe,Western Europe,,150.0,155.0,,2014,1.9
Belgium,BE,BEL,56,ISO 3166-2:BE,Europe,Western Europe,,150.0,155.0,,2015,
Belgium,BE,BEL,56,ISO 3166-2:BE,Europe,Western Europe,,150.0,155.0,,2016,1.43
Belize,BZ,BLZ,84,ISO 3166-2:BZ,Americas,Latin America and the Caribbean,Central America,19.0,419.0,13.0,1991,
Belize,BZ,BLZ,84,ISO 3166-2:BZ,Americas,Latin America and the Caribbean,Central America,19.0,419.0,13.0,1992,
Belize,BZ,BLZ,84,ISO 3166-2:BZ,Americas,Latin America and the Caribbean,Central America,19.0,419.0,13.0,1993,
Belize,BZ,BLZ,84,ISO 3166-2:BZ,Americas,Latin America and the Caribbean,Central America,19.0,419.0,13.0,1994,
Belize,BZ,BLZ,84,ISO 3166-2:BZ,Americas,Latin America and the Caribbean,Central America,19.0,419.0,13.0,1995,
Belize,BZ,BLZ,84,ISO 3166-2:BZ,Americas,Latin America and the Caribbean,Central America,19.0,419.0,13.0,1996,
Belize,BZ,BLZ,84,ISO 3166-2:BZ,Americas,Latin America and the Caribbean,Central America,19.0,419.0,13.0,1997,
Belize,BZ,BLZ,84,ISO 3166-2:BZ,Americas,Latin America and the Caribbean,Central America,19.0,419.0,13.0,1998,
Belize,BZ,BLZ,84,ISO 3166-2:BZ,Americas,Latin America and the Caribbean,Central America,19.0,419.0,13.0,1999,
Belize,BZ,BLZ,84,ISO 3166-2:BZ,Americas,Latin America and the Caribbean,Central America,19.0,419.0,13.0,2000,
Belize,BZ,BLZ,84,ISO 3166-2:BZ,Americas,Latin America and the Caribbean,Central America,19.0,419.0,13.0,2001,
Belize,BZ,BLZ,84,ISO 3166-2:BZ,Americas,Latin America and the Caribbean,Central America,19.0,419.0,13.0,2002,
Belize,BZ,BLZ,84,ISO 3166-2:BZ,Americas,Latin America and the Caribbean,Central America,19.0,419.0,13.0,2003,
Belize,BZ,BLZ,84,ISO 3166-2:BZ,Americas,Latin America and the Caribbean,Central America,19.0,419.0,13.0,2004,1.2
Belize,BZ,BLZ,84,ISO 3166-2:BZ,Americas,Latin America and the Caribbean,Central America,19.0,419.0,13.0,2005,
Belize,BZ,BLZ,84,ISO 3166-2:BZ,Americas,Latin America and the Caribbean,Central America,19.0,419.0,13.0,2006,1.27
Belize,BZ,BLZ,84,ISO 3166-2:BZ,Americas,Latin America and the Caribbean,Central America,19.0,419.0,13.0,2007,
Belize,BZ,BLZ,84,ISO 3166-2:BZ,Americas,Latin America and the Caribbean,Central America,19.0,419.0,13.0,2008,0.7
Belize,BZ,BLZ,84,ISO 3166-2:BZ,Americas,Latin America and the Caribbean,Central America,19.0,419.0,13.0,2009,
Belize,BZ,BLZ,84,ISO 3166-2:BZ,Americas,Latin America and the Caribbean,Central America,19.0,419.0,13.0,2010,1.13
Belize,BZ,BLZ,84,ISO 3166-2:BZ,Americas,Latin America and the Caribbean,Central America,19.0,419.0,13.0,2011,
Belize,BZ,BLZ,84,ISO 3166-2:BZ,Americas,Latin America and the Caribbean,Central America,19.0,419.0,13.0,2012,1.44
Belize,BZ,BLZ,84,ISO 3166-2:BZ,Americas,Latin America and the Caribbean,Central America,19.0,419.0,13.0,2013,
Belize,BZ,BLZ,84,ISO 3166-2:BZ,Americas,Latin America and the Caribbean,Central America,19.0,419.0,13.0,2014,1.37
Belize,BZ,BLZ,84,ISO 3166-2:BZ,Americas,Latin America and the Caribbean,Central America,19.0,419.0,13.0,2015,
Belize,BZ,BLZ,84,ISO 3166-2:BZ,Americas,Latin America and the Caribbean,Central America,19.0,419.0,13.0,2016,1.13
Benin,BJ,BEN,204,ISO 3166-2:BJ,Africa,Sub-Saharan Africa,Western Africa,2.0,202.0,11.0,1991,0.63
Benin,BJ,BEN,204,ISO 3166-2:BJ,Africa,Sub-Saharan Africa,Western Africa,2.0,202.0,11.0,1992,0.62
Benin,BJ,BEN,204,ISO 3166-2:BJ,Africa,Sub-Saharan Africa,Western Africa,2.0,202.0,11.0,1993,
Benin,BJ,BEN,204,ISO 3166-2:BJ,Africa,Sub-Saharan Africa,Western Africa,2.0,202.0,11.0,1994,
Benin,BJ,BEN,204,ISO 3166-2:BJ,Africa,Sub-Saharan Africa,Western Africa,2.0,202.0,11.0,1995,0.36
Benin,BJ,BEN,204,ISO 3166-2:BJ,Africa,Sub-Saharan Africa,Western Africa,2.0,202.0,11.0,1996,
Benin,BJ,BEN,204,ISO 3166-2:BJ,Africa,Sub-Saharan Africa,Western Africa,2.0,202.0,11.0,1997,
Benin,BJ,BEN,204,ISO 3166-2:BJ,Africa,Sub-Saharan Africa,Western Africa,2.0,202.0,11.0,1998,0.39
Benin,BJ,BEN,204,ISO 3166-2:BJ,Africa,Sub-Saharan Africa,Western Africa,2.0,202.0,11.0,1999,
Benin,BJ,BEN,204,ISO 3166-2:BJ,Africa,Sub-Saharan Africa,Western Africa,2.0,202.0,11.0,2000,0.48
Benin,BJ,BEN,204,ISO 3166-2:BJ,Africa,Sub-Saharan Africa,Western Africa,2.0,202.0,11.0,2001,
Benin,BJ,BEN,204,ISO 3166-2:BJ,Africa,Sub-Saharan Africa,Western Africa,2.0,202.0,11.0,2002,0.54
Benin,BJ,BEN,204,ISO 3166-2:BJ,Africa,Sub-Saharan Africa,Western Africa,2.0,202.0,11.0,2003,
Benin,BJ,BEN,204,ISO 3166-2:BJ,Africa,Sub-Saharan Africa,Western Africa,2.0,202.0,11.0,2004,0.77
Benin,BJ,BEN,204,ISO 3166-2:BJ,Africa,Sub-Saharan Africa,Western Africa,2.0,202.0,11.0,2005,
Benin,BJ,BEN,204,ISO 3166-2:BJ,Africa,Sub-Saharan Africa,Western Africa,2.0,202.0,11.0,2006,0.81
Benin,BJ,BEN,204,ISO 3166-2:BJ,Africa,Sub-Saharan Africa,Western Africa,2.0,202.0,11.0,2007,
Benin,BJ,BEN,204,ISO 3166-2:BJ,Africa,Sub-Saharan Africa,Western Africa,2.0,202.0,11.0,2008,1.03
Benin,BJ,BEN,204,ISO 3166-2:BJ,Africa,Sub-Saharan Africa,Western Africa,2.0,202.0,11.0,2009,
Benin,BJ,BEN,204,ISO 3166-2:BJ,Africa,Sub-Saharan Africa,Western Africa,2.0,202.0,11.0,2010,1.04
Benin,BJ,BEN,204,ISO 3166-2:BJ,Africa,Sub-Saharan Africa,Western Africa,2.0,202.0,11.0,2011,
Benin,BJ,BEN,204,ISO 3166-2:BJ,Africa,Sub-Saharan Africa,Western Africa,2.0,202.0,11.0,2012,1.24
Benin,BJ,BEN,204,ISO 3166-2:BJ,Africa,Sub-Saharan Africa,Western Africa,2.0,202.0,11.0,2013,
Benin,BJ,BEN,204,ISO 3166-2:BJ,Africa,Sub-Saharan Africa,Western Africa,2.0,202.0,11.0,2014,1.03
Benin,BJ,BEN,204,ISO 3166-2:BJ,Africa,Sub-Saharan Africa,Western Africa,2.0,202.0,11.0,2015,
Benin,BJ,BEN,204,ISO 3166-2:BJ,Africa,Sub-Saharan Africa,Western Africa,2.0,202.0,11.0,2016,0.72
Bermuda,BM,BMU,60,ISO 3166-2:BM,Americas,Northern America,,19.0,21.0,,,
Bhutan,BT,BTN,64,ISO 3166-2:BT,Asia,Southern Asia,,142.0,34.0,,1991,
Bhutan,BT,BTN,64,ISO 3166-2:BT,Asia,Southern Asia,,142.0,34.0,,1992,
Bhutan,BT,BTN,64,ISO 3166-2:BT,Asia,Southern Asia,,142.0,34.0,,1993,
Bhutan,BT,BTN,64,ISO 3166-2:BT,Asia,Southern Asia,,142.0,34.0,,1994,
Bhutan,BT,BTN,64,ISO 3166-2:BT,Asia,Southern Asia,,142.0,34.0,,1995,
Bhutan,BT,BTN,64,ISO 3166-2:BT,Asia,Southern Asia,,142.0,34.0,,1996,
Bhutan,BT,BTN,64,ISO 3166-2:BT,Asia,Southern Asia,,142.0,34.0,,1997,
Bhutan,BT,BTN,64,ISO 3166-2:BT,Asia,Southern Asia,,142.0,34.0,,1998,0.59
Bhutan,BT,BTN,64,ISO 3166-2:BT,Asia,Southern Asia,,142.0,34.0,,1999,
Bhutan,BT,BTN,64,ISO 3166-2:BT,Asia,Southern Asia,,142.0,34.0,,2000,0.58
Bhutan,BT,BTN,64,ISO 3166-2:BT,Asia,Southern Asia,,142.0,34.0,,2001,
Bhutan,BT,BTN,64,ISO 3166-2:BT,Asia,Southern Asia,,142.0,34.0,,2002,
Bhutan,BT,BTN,64,ISO 3166-2:BT,Asia,Southern Asia,,142.0,34.0,,2003,
Bhutan,BT,BTN,64,ISO 3166-2:BT,Asia,Southern Asia,,142.0,34.0,,2004,0.78
Bhutan,BT,BTN,64,ISO 3166-2:BT,Asia,Southern Asia,,142.0,34.0,,2005,
Bhutan,BT,BTN,64,ISO 3166-2:BT,Asia,Southern Asia,,142.0,34.0,,2006,
Bhutan,BT,BTN,64,ISO 3166-2:BT,Asia,Southern Asia,,142.0,34.0,,2007,
Bhutan,BT,BTN,64,ISO 3166-2:BT,Asia,Southern Asia,,142.0,34.0,,2008,0.91
Bhutan,BT,BTN,64,ISO 3166-2:BT,Asia,Southern Asia,,142.0,34.0,,2009,
Bhutan,BT,BTN,64,ISO 3166-2:BT,Asia,Southern Asia,,142.0,34.0,,2010,1.08
Bhutan,BT,BTN,64,ISO 3166-2:BT,Asia,Southern Asia,,142.0,34.0,,2011,
Bhutan,BT,BTN,64,ISO 3166-2:BT,Asia,Southern Asia,,142.0,34.0,,2012,1.19
Bhutan,BT,BTN,64,ISO 3166-2:BT,Asia,Southern Asia,,142.0,34.0,,2013,
Bhutan,BT,BTN,64,ISO 3166-2:BT,Asia,Southern Asia,,142.0,34.0,,2014,1.04
Bhutan,BT,BTN,64,ISO 3166-2:BT,Asia,Southern Asia,,142.0,34.0,,2015,
Bhutan,BT,BTN,64,ISO 3166-2:BT,Asia,Southern Asia,,142.0,34.0,,2016,0.98
"Bolivia, Plurinational State of",BO,BOL,68,ISO 3166-2:BO,Americas,Latin America and the Caribbean,South America,19.0,419.0,5.0,,
"Bonaire, Sint Eustatius and Saba",BQ,BES,535,ISO 3166-2:BQ,Americas,Latin America and the Caribbean,Caribbean,19.0,419.0,29.0,,
Bosnia and Herzegovina,BA,BIH,70,ISO 3166-2:BA,Europe,Southern Europe,,150.0,39.0,,1991,
Bosnia and Herzegovina,BA,BIH,70,ISO 3166-2:BA,Europe,Southern Europe,,150.0,39.0,,1992,
Bosnia and Herzegovina,BA,BIH,70,ISO 3166-2:BA,Europe,Southern Europe,,150.0,39.0,,1993,
Bosnia and Herzegovina,BA,BIH,70,ISO 3166-2:BA,Europe,Southern Europe,,150.0,39.0,,1994,
Bosnia and Herzegovina,BA,BIH,70,ISO 3166-2:BA,Europe,Southern Europe,,150.0,39.0,,1995,
Bosnia and Herzegovina,BA,BIH,70,ISO 3166-2:BA,Europe,Southern Europe,,150.0,39.0,,1996,
Bosnia and Herzegovina,BA,BIH,70,ISO 3166-2:BA,Europe,Southern Europe,,150.0,39.0,,1997,
Bosnia and Herzegovina,BA,BIH,70,ISO 3166-2:BA,Europe,Southern Europe,,150.0,39.0,,1998,0.66
Bosnia and Herzegovina,BA,BIH,70,ISO 3166-2:BA,Europe,Southern Europe,,150.0,39.0,,1999,
Bosnia and Herzegovina,BA,BIH,70,ISO 3166-2:BA,Europe,Southern Europe,,150.0,39.0,,2000,0.68
Bosnia and Herzegovina,BA,BIH,70,ISO 3166-2:BA,Europe,Southern Europe,,150.0,39.0,,2001,
Bosnia and Herzegovina,BA,BIH,70,ISO 3166-2:BA,Europe,Southern Europe,,150.0,39.0,,2002,0.74
Bosnia and Herzegovina,BA,BIH,70,ISO 3166-2:BA,Europe,Southern Europe,,150.0,39.0,,2003,
Bosnia and Herzegovina,BA,BIH,70,ISO 3166-2:BA,Europe,Southern Europe,,150.0,39.0,,2004,0.97
Bosnia and Herzegovina,BA,BIH,70,ISO 3166-2:BA,Europe,Southern Europe,,150.0,39.0,,2005,
Bosnia and Herzegovina,BA,BIH,70,ISO 3166-2:BA,Europe,Southern Europe,,150.0,39.0,,2006,1.34
Bosnia and Herzegovina,BA,BIH,70,ISO 3166-2:BA,Europe,Southern Europe,,150.0,39.0,,2007,
Bosnia and Herzegovina,BA,BIH,70,ISO 3166-2:BA,Europe,Southern Europe,,150.0,39.0,,2008,1.13
Bosnia and Herzegovina,BA,BIH,70,ISO 3166-2:BA,Europe,Southern Europe,,150.0,39.0,,2009,
Bosnia and Herzegovina,BA,BIH,70,ISO 3166-2:BA,Europe,Southern Europe,,150.0,39.0,,2010,1.42
Bosnia and Herzegovina,BA,BIH,70,ISO 3166-2:BA,Europe,Southern Europe,,150.0,39.0,,2011,
Bosnia and Herzegovina,BA,BIH,70,ISO 3166-2:BA,Europe,Southern Europe,,150.0,39.0,,2012,1.59
Bosnia and Herzegovina,BA,BIH,70,ISO 3166-2:BA,Europe,Southern Europe,,150.0,39.0,,2013,
Bosnia and Herzegovina,BA,BIH,70,ISO 3166-2:BA,Europe,Southern Europe,,150.0,39.0,,2014,1.51
Bosnia and Herzegovina,BA,BIH,70,ISO 3166-2:BA,Europe,Southern Europe,,150.0,39.0,,2015,
Bosnia and Herzegovina,BA,BIH,70,ISO 3166-2:BA,Europe,Southern Europe,,150.0,39.0,,2016,1.05
Botswana,BW,BWA,72,ISO 3166-2:BW,Africa,Sub-Saharan Africa,Southern Africa,2.0,202.0,18.0,1991,0.68
Botswana,BW,BWA,72,ISO 3166-2:BW,Africa,Sub-Saharan Africa,Southern Africa,2.0,202.0,18.0,1992,0.41
Botswana,BW,BWA,72,ISO 3166-2:BW,Africa,Sub-Saharan Africa,Southern Africa,2.0,202.0,18.0,1993,
Botswana,BW,BWA,72,ISO 3166-2:BW,Africa,Sub-Saharan Africa,Southern Africa,2.0,202.0,18.0,1994,
Botswana,BW,BWA,72,ISO 3166-2:BW,Africa,Sub-Saharan Africa,Southern Africa,2.0,202.0,18.0,1995,0.38
Botswana,BW,BWA,72,ISO 3166-2:BW,Africa,Sub-Saharan Africa,Southern Africa,2.0,202.0,18.0,1996,
Botswana,BW,BWA,72,ISO 3166-2:BW,Africa,Sub-Saharan Africa,Southern Africa,2.0,202.0,18.0,1997,
Botswana,BW,BWA,72,ISO 3166-2:BW,Africa,Sub-Saharan Africa,Southern Africa,2.0,202.0,18.0,1998,0.31
Botswana,BW,BWA,72,ISO 3166-2:BW,Africa,Sub-Saharan Africa,Southern Africa,2.0,202.0,18.0,1999,
Botswana,BW,BWA,72,ISO 3166-2:BW,Africa,Sub-Saharan Africa,Southern Africa,2.0,202.0,18.0,2000,0.42
Botswana,BW,BWA,72,ISO 3166-2:BW,Africa,Sub-Saharan Africa,Southern Africa,2.0,202.0,18.0,2001,
Botswana,BW,BWA,72,ISO 3166-2:BW,Africa,Sub-Saharan Africa,Southern Africa,2.0,202.0,18.0,2002,0.41
Botswana,BW,BWA,72,ISO 3166-2:BW,Africa,Sub-Saharan Africa,Southern Africa,2.0,202.0,18.0,2003,
Botswana,BW,BWA,72,ISO 3166-2:BW,Africa,Sub-Saharan Africa,Southern Africa,2.0,202.0,18.0,2004,0.66
Botswana,BW,BWA,72,ISO 3166-2:BW,Africa,Sub-Saharan Africa,Southern Africa,2.0,202.0,18.0,2005,
Botswana,BW,BWA,72,ISO 3166-2:BW,Africa,Sub-Saharan Africa,Southern Africa,2.0,202.0,18.0,2006,0.78
Botswana,BW,BWA,72,ISO 3166-2:BW,Africa,Sub-Saharan Africa,Southern Africa,2.0,202.0,18.0,2007,
Botswana,BW,BWA,72,ISO 3166-2:BW,Africa,Sub-Saharan Africa,Southern Africa,2.0,202.0,18.0,2008,0.88
Botswana,BW,BWA,72,ISO 3166-2:BW,Africa,Sub-Saharan Africa,Southern Africa,2.0,202.0,18.0,2009,
Botswana,BW,BWA,72,ISO 3166-2:BW,Africa,Sub-Saharan Africa,Southern Africa,2.0,202.0,18.0,2010,0.93
Botswana,BW,BWA,72,ISO 3166-2:BW,Africa,Sub-Saharan Africa,Southern Africa,2.0,202.0,18.0,2011,
Botswana,BW,BWA,72,ISO 3166-2:BW,Africa,Sub-Saharan Africa,Southern Africa,2.0,202.0,18.0,2012,1.23
Botswana,BW,BWA,72,ISO 3166-2:BW,Africa,Sub-Saharan Africa,Southern Africa,2.0,202.0,18.0,2013,
Botswana,BW,BWA,72,ISO 3166-2:BW,Africa,Sub-Saharan Africa,Southern Africa,2.0,202.0,18.0,2014,1.06
Botswana,BW,BWA,72,ISO 3166-2:BW,Africa,Sub-Saharan Africa,Southern Africa,2.0,202.0,18.0,2015,
Botswana,BW,BWA,72,ISO 3166-2:BW,Africa,Sub-Saharan Africa,Southern Africa,2.0,202.0,18.0,2016,0.71
Bouvet Island,BV,BVT,74,ISO 3166-2:BV,Americas,Latin America and the Caribbean,South America,19.0,419.0,5.0,,
Brazil,BR,BRA,76,ISO 3166-2:BR,Americas,Latin America and the Caribbean,South America,19.0,419.0,5.0,1991,
Brazil,BR,BRA,76,ISO 3166-2:BR,Americas,Latin America and the Caribbean,South America,19.0,419.0,5.0,1992,0.53
Brazil,BR,BRA,76,ISO 3166-2:BR,Americas,Latin America and the Caribbean,South America,19.0,419.0,5.0,1993,
Brazil,BR,BRA,76,ISO 3166-2:BR,Americas,Latin America and the Caribbean,South America,19.0,419.0,5.0,1994,
Brazil,BR,BRA,76,ISO 3166-2:BR,Americas,Latin America and the Caribbean,South America,19.0,419.0,5.0,1995,0.63
Brazil,BR,BRA,76,ISO 3166-2:BR,Americas,Latin America and the Caribbean,South America,19.0,419.0,5.0,1996,
Brazil,BR,BRA,76,ISO 3166-2:BR,Americas,Latin America and the Caribbean,South America,19.0,419.0,5.0,1997,
Brazil,BR,BRA,76,ISO 3166-2:BR,Americas,Latin America and the Caribbean,South America,19.0,419.0,5.0,1998,0.8
Brazil,BR,BRA,76,ISO 3166-2:BR,Americas,Latin America and the Caribbean,South America,19.0,419.0,5.0,1999,
Brazil,BR,BRA,76,ISO 3166-2:BR,Americas,Latin America and the Caribbean,South America,19.0,419.0,5.0,2000,0.92
Brazil,BR,BRA,76,ISO 3166-2:BR,Americas,Latin America and the Caribbean,South America,19.0,419.0,5.0,2001,
Brazil,BR,BRA,76,ISO 3166-2:BR,Americas,Latin America and the Caribbean,South America,19.0,419.0,5.0,2002,0.55
Brazil,BR,BRA,76,ISO 3166-2:BR,Americas,Latin America and the Caribbean,South America,19.0,419.0,5.0,2003,
Brazil,BR,BRA,76,ISO 3166-2:BR,Americas,Latin America and the Caribbean,South America,19.0,419.0,5.0,2004,0.84
Brazil,BR,BRA,76,ISO 3166-2:BR,Americas,Latin America and the Caribbean,South America,19.0,419.0,5.0,2005,
Brazil,BR,BRA,76,ISO 3166-2:BR,Americas,Latin America and the Caribbean,South America,19.0,419.0,5.0,2006,1.26
Brazil,BR,BRA,76,ISO 3166-2:BR,Americas,Latin America and the Caribbean,South America,19.0,419.0,5.0,2007,
Brazil,BR,BRA,76,ISO 3166-2:BR,Americas,Latin America and the Caribbean,South America,19.0,419.0,5.0,2008,1.26
Brazil,BR,BRA,76,ISO 3166-2:BR,Americas,Latin America and the Caribbean,South America,19.0,419.0,5.0,2009,
Brazil,BR,BRA,76,ISO 3166-2:BR,Americas,Latin America and the Caribbean,South America,19.0,419.0,5.0,2010,1.58
Brazil,BR,BRA,76,ISO 3166-2:BR,Americas,Latin America and the Caribbean,South America,19.0,419.0,5.0,2011,
Brazil,BR,BRA,76,ISO 3166-2:BR,Americas,Latin America and the Caribbean,South America,19.0,419.0,5.0,2012,1.39
Brazil,BR,BRA,76,ISO 3166-2:BR,Americas,Latin America and the Caribbean,South America,19.0,419.0,5.0,2013,
Brazil,BR,BRA,76,ISO 3166-2:BR,Americas,Latin America and the Caribbean,South America,19.0,419.0,5.0,2014,1.27
Brazil,BR,BRA,76,ISO 3166-2:BR,Americas,Latin America and the Caribbean,South America,19.0,419.0,5.0,2015,
Brazil,BR,BRA,76,ISO 3166-2:BR,Americas,Latin America and the Caribbean,South America,19.0,419.0,5.0,2016,1.02
British Indian Ocean Territory,IO,IOT,86,ISO 3166-2:IO,Africa,Sub-Saharan Africa,Eastern Africa,2.0,202.0,14.0,,
Brunei Darussalam,BN,BRN,96,ISO 3166-2:BN,Asia,South-eastern Asia,,142.0,35.0,,,
Bulgaria,BG,BGR,100,ISO 3166-2:BG,Europe,Eastern Europe,,150.0,151.0,,1991,
Bulgaria,BG,BGR,100,ISO 3166-2:BG,Europe,Eastern Europe,,150.0,151.0,,1992,
Bulgaria,BG,BGR,100,ISO 3166-2:BG,Europe,Eastern Europe,,150.0,151.0,,1993,
Bulgaria,BG,BGR,100,ISO 3166-2:BG,Europe,Eastern Europe,,150.0,151.0,,1994,
Bulgaria,BG,BGR,100,ISO 3166-2:BG,Europe,Eastern Europe,,150.0,151.0,,1995,0.46
Bulgaria,BG,BGR,100,ISO 3166-2:BG,Europe,Eastern Europe,,150.0,151.0,,1996,
Bulgaria,BG,BGR,100,ISO 3166-2:BG,Europe,Eastern Europe,,150.0,151.0,,1997,
Bulgaria,BG,BGR,100,ISO 3166-2:BG,Europe,Eastern Europe,,150.0,151.0,,1998,0.66
Bulgaria,BG,BGR,100,ISO 3166-2:BG,Europe,Eastern Europe,,150.0,151.0,,1999,
Bulgaria,BG,BGR,100,ISO 3166-2:BG,Europe,Eastern Europe,,150.0,151.0,,2000,0.7
Bulgaria,BG,BGR,100,ISO 3166-2:BG,Europe,Eastern Europe,,150.0,151.0,,2001,
Bulgaria,BG,BGR,100,ISO 3166-2:BG,Europe,Eastern Europe,,150.0,151.0,,2002,0.68
Bulgaria,BG,BGR,100,ISO 3166-2:BG,Europe,Eastern Europe,,150.0,151.0,,2003,
Bulgaria,BG,BGR,100,ISO 3166-2:BG,Europe,Eastern Europe,,150.0,151.0,,2004,0.92
Bulgaria,BG,BGR,100,ISO 3166-2:BG,Europe,Eastern Europe,,150.0,151.0,,2005,
Bulgaria,BG,BGR,100,ISO 3166-2:BG,Europe,Eastern Europe,,150.0,151.0,,2006,1.05
Bulgaria,BG,BGR,100,ISO 3166-2:BG,Europe,Eastern Europe,,150.0,151.0,,2007,
Bulgaria,BG,BGR,100,ISO 3166-2:BG,Europe,Eastern Europe,,150.0,151.0,,2008,1.28
Bulgaria,BG,BGR,100,ISO 3166-2:BG,Europe,Eastern Europe,,150.0,151.0,,2009,
Bulgaria,BG,BGR,100,ISO 3166-2:BG,Europe,Eastern Europe,,150.0,151.0,,2010,1.51
Bulgaria,BG,BGR,100,ISO 3166-2:BG,Europe,Eastern Europe,,150.0,151.0,,2011,
Bulgaria,BG,BGR,100,ISO 3166-2:BG,Europe,Eastern Europe,,150.0,151.0,,2012,1.69
Bulgaria,BG,BGR,100,ISO 3166-2:BG,Europe,Eastern Europe,,150.0,151.0,,2013,
Bulgaria,BG,BGR,100,ISO 3166-2:BG,Europe,Eastern Europe,,150.0,151.0,,2014,1.49
Bulgaria,BG,BGR,100,ISO 3166-2:BG,Europe,Eastern Europe,,150.0,151.0,,2015,
Bulgaria,BG,BGR,100,ISO 3166-2:BG,Europe,Eastern Europe,,150.0,151.0,,2016,1.11
Burkina Faso,BF,BFA,854,ISO 3166-2:BF,Africa,Sub-Saharan Africa,Western Africa,2.0,202.0,11.0,1991,1.03
Burkina Faso,BF,BFA,854,ISO 3166-2:BF,Africa,Sub-Saharan Africa,Western Africa,2.0,202.0,11.0,1992,1.0
Burkina Faso,BF,BFA,854,ISO 3166-2:BF,Africa,Sub-Saharan Africa,Western Africa,2.0,202.0,11.0,1993,
Burkina Faso,BF,BFA,854,ISO 3166-2:BF,Africa,Sub-Saharan Africa,Western Africa,2.0,202.0,11.0,1994,
Burkina Faso,BF,BFA,854,ISO 3166-2:BF,Africa,Sub-Saharan Africa,Western Africa,2.0,202.0,11.0,1995,0.81
Burkina Faso,BF,BFA,854,ISO 3166-2:BF,Africa,Sub-Saharan Africa,Western Africa,2.0,202.0,11.0,1996,
Burkina Faso,BF,BFA,854,ISO 3166-2:BF,Africa,Sub-Saharan Africa,Western Africa,2.0,202.0,11.0,1997,
Burkina Faso,BF,BFA,854,ISO 3166-2:BF,Africa,Sub-Saharan Africa,Western Africa,2.0,202.0,11.0,1998,0.68
Burkina Faso,BF,BFA,854,ISO 3166-2:BF,Africa,Sub-Saharan Africa,Western Africa,2.0,202.0,11.0,1999,
Burkina Faso,BF,BFA,854,ISO 3166-2:BF,Africa,Sub-Saharan Africa,Western Africa,2.0,202.0,11.0,2000,0.68
Burkina Faso,BF,BFA,854,ISO 3166-2:BF,Africa,Sub-Saharan Africa,Western Africa,2.0,202.0,11.0,2001,
Burkina Faso,BF,BFA,854,ISO 3166-2:BF,Africa,Sub-Saharan Africa,Western Africa,2.0,202.0,11.0,2002,0.83
Burkina Faso,BF,BFA,854,ISO 3166-2:BF,Africa,Sub-Saharan Africa,Western Africa,2.0,202.0,11.0,2003,
Burkina Faso,BF,BFA,854,ISO 3166-2:BF,Africa,Sub-Saharan Africa,Western Africa,2.0,202.0,11.0,2004,1.18
Burkina Faso,BF,BFA,854,ISO 3166-2:BF,Africa,Sub-Saharan Africa,Western Africa,2.0,202.0,11.0,2005,
Burkina Faso,BF,BFA,854,ISO 3166-2:BF,Africa,Sub-Saharan Africa,Western Africa,2.0,202.0,11.0,2006,1.15
Burkina Faso,BF,BFA,854,ISO 3166-2:BF,Africa,Sub-Saharan Africa,Western Africa,2.0,202.0,11.0,2007,
Burkina Faso,BF,BFA,854,ISO 3166-2:BF,Africa,Sub-Saharan Africa,Western Africa,2.0,202.0,11.0,2008,1.38
Burkina Faso,BF,BFA,854,ISO 3166-2:BF,Africa,Sub-Saharan Africa,Western Africa,2.0,202.0,11.0,2009,
Burkina Faso,BF,BFA,854,ISO 3166-2:BF,Africa,Sub-Saharan Africa,Western Africa,2.0,202.0,11.0,2010,1.44
Burkina Faso,BF,BFA,854,ISO 3166-2:BF,Africa,Sub-Saharan Africa,Western Africa,2.0,202.0,11.0,2011,
Burkina Faso,BF,BFA,854,ISO 3166-2:BF,Africa,Sub-Saharan Africa,Western Africa,2.0,202.0,11.0,2012,1.43
Burkina Faso,BF,BFA,854,ISO 3166-2:BF,Africa,Sub-Saharan Africa,Western Africa,2.0,202.0,11.0,2013,
Burkina Faso,BF,BFA,854,ISO 3166-2:BF,Africa,Sub-Saharan Africa,Western Africa,2.0,202.0,11.0,2014,1.4
Burkina Faso,BF,BFA,854,ISO 3166-2:BF,Africa,Sub-Saharan Africa,Western Africa,2.0,202.0,11.0,2015,
Burkina Faso,BF,BFA,854,ISO 3166-2:BF,Africa,Sub-Saharan Africa,Western Africa,2.0,202.0,11.0,2016,0.98
Burundi,BI,BDI,108,ISO 3166-2:BI,Africa,Sub-Saharan Africa,Eastern Africa,2.0,202.0,14.0,1991,0.63
Burundi,BI,BDI,108,ISO 3166-2:BI,Africa,Sub-Saharan Africa,Eastern Africa,2.0,202.0,14.0,1992,0.59
Burundi,BI,BDI,108,ISO 3166-2:BI,Africa,Sub-Saharan Africa,Eastern Africa,2.0,202.0,14.0,1993,
Burundi,BI,BDI,108,ISO 3166-2:BI,Africa,Sub-Saharan Africa,Eastern Africa,2.0,202.0,14.0,1994,
Burundi,BI,BDI,108,ISO 3166-2:BI,Africa,Sub-Saharan Africa,Eastern Africa,2.0,202.0,14.0,1995,0.52
Burundi,BI,BDI,108,ISO 3166-2:BI,Africa,Sub-Saharan Africa,Eastern Africa,2.0,202.0,14.0,1996,
Burundi,BI,BDI,108,ISO 3166-2:BI,Africa,Sub-Saharan Africa,Eastern Africa,2.0,202.0,14.0,1997,
Burundi,BI,BDI,108,ISO 3166-2:BI,Africa,Sub-Saharan Africa,Eastern Africa,2.0,202.0,14.0,1998,0.72
Burundi,BI,BDI,108,ISO 3166-2:BI,Africa,Sub-Saharan Africa,Eastern Africa,2.0,202.0,14.0,1999,
Burundi,BI,BDI,108,ISO 3166-2:BI,Africa,Sub-Saharan Africa,Eastern Africa,2.0,202.0,14.0,2000,1.01
Burundi,BI,BDI,108,ISO 3166-2:BI,Africa,Sub-Saharan Africa,Eastern Africa,2.0,202.0,14.0,2001,
Burundi,BI,BDI,108,ISO 3166-2:BI,Africa,Sub-Saharan Africa,Eastern Africa,2.0,202.0,14.0,2002,0.58
Burundi,BI,BDI,108,ISO 3166-2:BI,Africa,Sub-Saharan Africa,Eastern Africa,2.0,202.0,14.0,2003,
Burundi,BI,BDI,108,ISO 3166-2:BI,Africa,Sub-Saharan Africa,Eastern Africa,2.0,202.0,14.0,2004,1.04
Burundi,BI,BDI,108,ISO 3166-2:BI,Africa,Sub-Saharan Africa,Eastern Africa,2.0,202.0,14.0,2005,
Burundi,BI,BDI,108,ISO 3166-2:BI,Africa,Sub-Saharan Africa,Eastern Africa,2.0,202.0,14.0,2006,1.2
Burundi,BI,BDI,108,ISO 3166-2:BI,Africa,Sub-Saharan Africa,Eastern Africa,2.0,202.0,14.0,2007,
Burundi,BI,BDI,108,ISO 3166-2:BI,Africa,Sub-Saharan Africa,Eastern Africa,2.0,202.0,14.0,2008,1.39
Burundi,BI,BDI,108,ISO 3166-2:BI,Africa,Sub-Saharan Africa,Eastern Africa,2.0,202.0,14.0,2009,
Burundi,BI,BDI,108,ISO 3166-2:BI,Africa,Sub-Saharan Africa,Eastern Africa,2.0,202.0,14.0,2010,1.43
Burundi,BI,BDI,108,ISO 3166-2:BI,Africa,Sub-Saharan Africa,Eastern Africa,2.0,202.0,14.0,2011,
Burundi,BI,BDI,108,ISO 3166-2:BI,Africa,Sub-Saharan Africa,Eastern Africa,2.0,202.0,14.0,2012,1.47
Burundi,BI,BDI,108,ISO 3166-2:BI,Africa,Sub-Saharan Africa,Eastern Africa,2.0,202.0,14.0,2013,
Burundi,BI,BDI,108,ISO 3166-2:BI,Africa,Sub-Saharan Africa,Eastern Africa,2.0,202.0,14.0,2014,1.53
Burundi,BI,BDI,108,ISO 3166-2:BI,Africa,Sub-Saharan Africa,Eastern Africa,2.0,202.0,14.0,2015,
Burundi,BI,BDI,108,ISO 3166-2:BI,Africa,Sub-Saharan Africa,Eastern Africa,2.0,202.0,14.0,2016,1.21
Cabo Verde,CV,CPV,132,ISO 3166-2:CV,Africa,Sub-Saharan Africa,Western Africa,2.0,202.0,11.0,,
Cambodia,KH,KHM,116,ISO 3166-2:KH,Asia,South-eastern Asia,,142.0,35.0,,1991,
Cambodia,KH,KHM,116,ISO 3166-2:KH,Asia,South-eastern Asia,,142.0,35.0,,1992,
Cambodia,KH,KHM,116,ISO 3166-2:KH,Asia,South-eastern Asia,,142.0,35.0,,1993,
Cambodia,KH,KHM,116,ISO 3166-2:KH,Asia,South-eastern Asia,,142.0,35.0,,1994,
Cambodia,KH,KHM,116,ISO 3166-2:KH,Asia,South-eastern Asia,,142.0,35.0,,1995,
Cambodia,KH,KHM,116,ISO 3166-2:KH,Asia,South-eastern Asia,,142.0,35.0,,1996,
Cambodia,KH,KHM,116,ISO 3166-2:KH,Asia,South-eastern Asia,,142.0,35.0,,1997,
Cambodia,KH,KHM,116,ISO 3166-2:KH,Asia,South-eastern Asia,,142.0,35.0,,1998,0.47
Cambodia,KH,KHM,116,ISO 3166-2:KH,Asia,South-eastern Asia,,142.0,35.0,,1999,
Cambodia,KH,KHM,116,ISO 3166-2:KH,Asia,South-eastern Asia,,142.0,35.0,,2000,0.61
Cambodia,KH,KHM,116,ISO 3166-2:KH,Asia,South-eastern Asia,,142.0,35.0,,2001,
Cambodia,KH,KHM,116,ISO 3166-2:KH,Asia,South-eastern Asia,,142.0,35.0,,2002,0.63
Cambodia,KH,KHM,116,ISO 3166-2:KH,Asia,South-eastern Asia,,142.0,35.0,,2003,
Cambodia,KH,KHM,116,ISO 3166-2:KH,Asia,South-eastern Asia,,142.0,35.0,,2004,0.79
Cambodia,KH,KHM,116,ISO 3166-2:KH,Asia,South-eastern Asia,,142.0,35.0,,2005,
Cambodia,KH,KHM,116,ISO 3166-2:KH,Asia,South-eastern Asia,,142.0,35.0,,2006,1.01
Cambodia,KH,KHM,116,ISO 3166-2:KH,Asia,South-eastern Asia,,142.0,35.0,,2007,
Cambodia,KH,KHM,116,ISO 3166-2:KH,Asia,South-eastern Asia,,142.0,35.0,,2008,0.94
Cambodia,KH,KHM,116,ISO 3166-2:KH,Asia,South-eastern Asia,,142.0,35.0,,2009,
Cambodia,KH,KHM,116,ISO 3166-2:KH,Asia,South-eastern Asia,,142.0,35.0,,2010,1.15
Cambodia,KH,KHM,116,ISO 3166-2:KH,Asia,South-eastern Asia,,142.0,35.0,,2011,
Cambodia,KH,KHM,116,ISO 3166-2:KH,Asia,South-eastern Asia,,142.0,35.0,,2012,1.35
Cambodia,KH,KHM,116,ISO 3166-2:KH,Asia,South-eastern Asia,,142.0,35.0,,2013,
Cambodia,KH,KHM,116,ISO 3166-2:KH,Asia,South-eastern Asia,,142.0,35.0,,2014,1.34
Cambodia,KH,KHM,116,ISO 3166-2:KH,Asia,South-eastern Asia,,142.0,35.0,,2015,
Cambodia,KH,KHM,116,ISO 3166-2:KH,Asia,South-eastern Asia,,142.0,35.0,,2016,0.9
Cameroon,CM,CMR,120,ISO 3166-2:CM,Africa,Sub-Saharan Africa,Middle Africa,2.0,202.0,17.0,1991,0.68
Cameroon,CM,CMR,120,ISO 3166-2:CM,Africa,Sub-Saharan Africa,Middle Africa,2.0,202.0,17.0,1992,0.69
Cameroon,CM,CMR,120,ISO 3166-2:CM,Africa,Sub-Saharan Africa,Middle Africa,2.0,202.0,17.0,1993,
Cameroon,CM,CMR,120,ISO 3166-2:CM,Africa,Sub-Saharan Africa,Middle Africa,2.0,202.0,17.0,1994,
Cameroon,CM,CMR,120,ISO 3166-2:CM,Africa,Sub-Saharan Africa,Middle Africa,2.0,202.0,17.0,1995,0.68
Cameroon,CM,CMR,120,ISO 3166-2:CM,Africa,Sub-Saharan Africa,Middle Africa,2.0,202.0,17.0,1996,
Cameroon,CM,CMR,120,ISO 3166-2:CM,Africa,Sub-Saharan Africa,Middle Africa,2.0,202.0,17.0,1997,
Cameroon,CM,CMR,120,ISO 3166-2:CM,Africa,Sub-Saharan Africa,Middle Africa,2.0,202.0,17.0,1998,0.64
Cameroon,CM,CMR,120,ISO 3166-2:CM,Africa,Sub-Saharan Africa,Middle Africa,2.0,202.0,17.0,1999,
Cameroon,CM,CMR,120,ISO 3166-2:CM,Africa,Sub-Saharan Africa,Middle Africa,2.0,202.0,17.0,2000,0.56
Cameroon,CM,CMR,120,ISO 3166-2:CM,Africa,Sub-Saharan Africa,Middle Africa,2.0,202.0,17.0,2001,
Cameroon,CM,CMR,120,ISO 3166-2:CM,Africa,Sub-Saharan Africa,Middle Africa,2.0,202.0,17.0,2002,0.68
Cameroon,CM,CMR,120,ISO 3166-2:CM,Africa,Sub-Saharan Africa,Middle Africa,2.0,202.0,17.0,2003,
Cameroon,CM,CMR,120,ISO 3166-2:CM,Africa,Sub-Saharan Africa,Middle Africa,2.0,202.0,17.0,2004,0.95
Cameroon,CM,CMR,120,ISO 3166-2:CM,Africa,Sub-Saharan Africa,Middle Africa,2.0,202.0,17.0,2005,
Cameroon,CM,CMR,120,ISO 3166-2:CM,Africa,Sub-Saharan Africa,Middle Africa,2.0,202.0,17.0,2006,1.14
Cameroon,CM,CMR,120,ISO 3166-2:CM,Africa,Sub-Saharan Africa,Middle Africa,2.0,202.0,17.0,2007,
Cameroon,CM,CMR,120,ISO 3166-2:CM,Africa,Sub-Saharan Africa,Middle Africa,2.0,202.0,17.0,2008,1.14
Cameroon,CM,CMR,120,ISO 3166-2:CM,Africa,Sub-Saharan Africa,Middle Africa,2.0,202.0,17.0,2009,
Cameroon,CM,CMR,120,ISO 3166-2:CM,Africa,Sub-Saharan Africa,Middle Africa,2.0,202.0,17.0,2010,1.2
Cameroon,CM,CMR,120,ISO 3166-2:CM,Africa,Sub-Saharan Africa,Middle Africa,2.0,202.0,17.0,2011,
Cameroon,CM,CMR,120,ISO 3166-2:CM,Africa,Sub-Saharan Africa,Middle Africa,2.0,202.0,17.0,2012,1.1
Cameroon,CM,CMR,120,ISO 3166-2:CM,Africa,Sub-Saharan Africa,Middle Africa,2.0,202.0,17.0,2013,
Cameroon,CM,CMR,120,ISO 3166-2:CM,Africa,Sub-Saharan Africa,Middle Africa,2.0,202.0,17.0,2014,1.24
Cameroon,CM,CMR,120,ISO 3166-2:CM,Africa,Sub-Saharan Africa,Middle Africa,2.0,202.0,17.0,2015,
Cameroon,CM,CMR,120,ISO 3166-2:CM,Africa,Sub-Saharan Africa,Middle Africa,2.0,202.0,17.0,2016,1.03
Canada,CA,CAN,124,ISO 3166-2:CA,Americas,Northern America,,19.0,21.0,,1991,
Canada,CA,CAN,124,ISO 3166-2:CA,Americas,Northern America,,19.0,21.0,,1992,0.47
Canada,CA,CAN,124,ISO 3166-2:CA,Americas,Northern America,,19.0,21.0,,1993,
Canada,CA,CAN,124,ISO 3166-2:CA,Americas,Northern America,,19.0,21.0,,1994,
Canada,CA,CAN,124,ISO 3166-2:CA,Americas,Northern America,,19.0,21.0,,1995,0.45
Canada,CA,CAN,124,ISO 3166-2:CA,Americas,Northern America,,19.0,21.0,,1996,
Canada,CA,CAN,124,ISO 3166-2:CA,Americas,Northern America,,19.0,21.0,,1997,
Canada,CA,CAN,124,ISO 3166-2:CA,Americas,Northern America,,19.0,21.0,,1998,0.41
Canada,CA,CAN,124,ISO 3166-2:CA,Americas,Northern America,,19.0,21.0,,1999,
Canada,CA,CAN,124,ISO 3166-2:CA,Americas,Northern America,,19.0,21.0,,2000,0.58
Canada,CA,CAN,124,ISO 3166-2:CA,Americas,Northern America,,19.0,21.0,,2001,
Canada,CA,CAN,124,ISO 3166-2:CA,Americas,Northern America,,19.0,21.0,,2002,0.51
Canada,CA,CAN,124,ISO 3166-2:CA,Americas,Northern America,,19.0,21.0,,2003,
Canada,CA,CAN,124,ISO 3166-2:CA,Americas,Northern America,,19.0,21.0,,2004,0.68
Canada,CA,CAN,124,ISO 3166-2:CA,Americas,Northern America,,19.0,21.0,,2005,
Canada,CA,CAN,124,ISO 3166-2:CA,Americas,Northern America,,19.0,21.0,,2006,0.84
Canada,CA,CAN,124,ISO 3166-2:CA,Americas,Northern America,,19.0,21.0,,2007,
Canada,CA,CAN,124,ISO 3166-2:CA,Americas,Northern America,,19.0,21.0,,2008,0.76
Canada,CA,CAN,124,ISO 3166-2:CA,Americas,Northern America,,19.0,21.0,,2009,
Canada,CA,CAN,124,ISO 3166-2:CA,Americas,Northern America,,19.0,21.0,,2010,1.21
Canada,CA,CAN,124,ISO 3166-2:CA,Americas,Northern America,,19.0,21.0,,2011,
Canada,CA,CAN,124,ISO 3166-2:CA,Americas,Northern America,,19.0,21.0,,2012,1.32
Canada,CA,CAN,124,ISO 3166-2:CA,Americas,Northern America,,19.0,21.0,,2013,
Canada,CA,CAN,124,ISO 3166-2:CA,Americas,Northern America,,19.0,21.0,,2014,1.17
Canada,CA,CAN,124,ISO 3166-2:CA,Americas,Northern America,,19.0,21.0,,2015,
Canada,CA,CAN,124,ISO 3166-2:CA,Americas,Northern America,,19.0,21.0,,2016,0.81
Cayman Islands,KY,CYM,136,ISO 3166-2:KY,Americas,Latin America and the Caribbean,Caribbean,19.0,419.0,29.0,,
Central African Republic,CF,CAF,140,ISO 3166-2:CF,Africa,Sub-Saharan Africa,Middle Africa,2.0,202.0,17.0,1991,1.33
Central African Republic,CF,CAF,140,ISO 3166-2:CF,Africa,Sub-Saharan Africa,Middle Africa,2.0,202.0,17.0,1992,1.28
Central African Republic,CF,CAF,140,ISO 3166-2:CF,Africa,Sub-Saharan Africa,Middle Africa,2.0,202.0,17.0,1993,
Central African Republic,CF,CAF,140,ISO 3166-2:CF,Africa,Sub-Saharan Africa,Middle Africa,2.0,202.0,17.0,1994,
Central African Republic,CF,CAF,140,ISO 3166-2:CF,Africa,Sub-Saharan Africa,Middle Africa,2.0,202.0,17.0,1995,0.82
Central African Republic,CF,CAF,140,ISO 3166-2:CF,Africa,Sub-Saharan Africa,Middle Africa,2.0,202.0,17.0,1996,
Central African Republic,CF,CAF,140,ISO 3166-2:CF,Africa,Sub-Saharan Africa,Middle Africa,2.0,202.0,17.0,1997,
Central African Republic,CF,CAF,140,ISO 3166-2:CF,Africa,Sub-Saharan Africa,Middle Africa,2.0,202.0,17.0,1998,0.81
Central African Republic,CF,CAF,140,ISO 3166-2:CF,Africa,Sub-Saharan Africa,Middle Africa,2.0,202.0,17.0,1999,
Central African Republic,CF,CAF,140,ISO 3166-2:CF,Africa,Sub-Saharan Africa,Middle Africa,2.0,202.0,17.0,2000,
Central African Republic,CF,CAF,140,ISO 3166-2:CF,Africa,Sub-Saharan Africa,Middle Africa,2.0,202.0,17.0,2001,
Central African Republic,CF,CAF,140,ISO 3166-2:CF,Africa,Sub-Saharan Africa,Middle Africa,2.0,202.0,17.0,2002,1.0
Central African Republic,CF,CAF,140,ISO 3166-2:CF,Africa,Sub-Saharan Africa,Middle Africa,2.0,202.0,17.0,2003,
Central African Republic,CF,CAF,140,ISO 3166-2:CF,Africa,Sub-Saharan Africa,Middle Africa,2.0,202.0,17.0,2004,1.29
Central African Republic,CF,CAF,140,ISO 3166-2:CF,Africa,Sub-Saharan Africa,Middle Africa,2.0,202.0,17.0,2005,
Central African Republic,CF,CAF,140,ISO 3166-2:CF,Africa,Sub-Saharan Africa,Middle Africa,2.0,202.0,17.0,2006,1.37
Central African Republic,CF,CAF,140,ISO 3166-2:CF,Africa,Sub-Saharan Africa,Middle Africa,2.0,202.0,17.0,2007,
Central African Republic,CF,CAF,140,ISO 3166-2:CF,Africa,Sub-Saharan Africa,Middle Africa,2.0,202.0,17.0,2008,1.44
Central African Republic,CF,CAF,140,ISO 3166-2:CF,Africa,Sub-Saharan Africa,Middle Africa,2.0,202.0,17.0,2009,
Central African Republic,CF,CAF,140,ISO 3166-2:CF,Africa,Sub-Saharan Africa,Middle Africa,2.0,202.0,17.0,2010,1.71
Central African Republic,CF,CAF,140,ISO 3166-2:CF,Africa,Sub-Saharan Africa,Middle Africa,2.0,202.0,17.0,2011,
Central African Republic,CF,CAF,140,ISO 3166-2:CF,Africa,Sub-Saharan Africa,Middle Africa,2.0,202.0,17.0,2012,1.71
Central African Republic,CF,CAF,140,ISO 3166-2:CF,Africa,Sub-Saharan Africa,Middle Africa,2.0,202.0,17.0,2013,
Central African Republic,CF,CAF,140,ISO 3166-2:CF,Africa,Sub-Saharan Africa,Middle Africa,2.0,202.0,17.0,2014,1.69
Central African Republic,CF,CAF,140,ISO 3166-2:CF,Africa,Sub-Saharan Africa,Middle Africa,2.0,202.0,17.0,2015,
Central African Republic,CF,CAF,140,ISO 3166-2:CF,Africa,Sub-Saharan Africa,Middle Africa,2.0,202.0,17.0,2016,1.41
Chad,TD,TCD,148,ISO 3166-2:TD,Africa,Sub-Saharan Africa,Middle Africa,2.0,202.0,17.0,1991,1.05
Chad,TD,TCD,148,ISO 3166-2:TD,Africa,Sub-Saharan Africa,Middle Africa,2.0,202.0,17.0,1992,1.02
Chad,TD,TCD,148,ISO 3166-2:TD,Africa,Sub-Saharan Africa,Middle Africa,2.0,202.0,17.0,1993,
Chad,TD,TCD,148,ISO 3166-2:TD,Africa,Sub-Saharan Africa,Middle Africa,2.0,202.0,17.0,1994,
Chad,TD,TCD,148,ISO 3166-2:TD,Africa,Sub-Saharan Africa,Middle Africa,2.0,202.0,17.0,1995,0.8
Chad,TD,TCD,148,ISO 3166-2:TD,Africa,Sub-Saharan Africa,Middle Africa,2.0,202.0,17.0,1996,
Chad,TD,TCD,148,ISO 3166-2:TD,Africa,Sub-Saharan Africa,Middle Africa,2.0,202.0,17.0,1997,
Chad,TD,TCD,148,ISO 3166-2:TD,Africa,Sub-Saharan Africa,Middle Africa,2.0,202.0,17.0,1998,0.7
Chad,TD,TCD,148,ISO 3166-2:TD,Africa,Sub-Saharan Africa,Middle Africa,2.0,202.0,17.0,1999,
Chad,TD,TCD,148,ISO 3166-2:TD,Africa,Sub-Saharan Africa,Middle Africa,2.0,202.0,17.0,2000,0.68
Chad,TD,TCD,148,ISO 3166-2:TD,Africa,Sub-Saharan Africa,Middle Africa,2.0,202.0,17.0,2001,
Chad,TD,TCD,148,ISO 3166-2:TD,Africa,Sub-Saharan Africa,Middle Africa,2.0,202.0,17.0,2002,0.79
Chad,TD,TCD,148,ISO 3166-2:TD,Africa,Sub-Saharan Africa,Middle Africa,2.0,202.0,17.0,2003,
Chad,TD,TCD,148,ISO 3166-2:TD,Africa,Sub-Saharan Africa,Middle Africa,2.0,202.0,17.0,2004,1.17
Chad,TD,TCD,148,ISO 3166-2:TD,Africa,Sub-Saharan Africa,Middle Africa,2.0,202.0,17.0,2005,
Chad,TD,TCD,148,ISO 3166-2:TD,Africa,Sub-Saharan Africa,Middle Africa,2.0,202.0,17.0,2006,1.31
Chad,TD,TCD,148,ISO 3166-2:TD,Africa,Sub-Saharan Africa,Middle Africa,2.0,202.0,17.0,2007,
Chad,TD,TCD,148,ISO 3166-2:TD,Africa,Sub-Saharan Africa,Middle Africa,2.0,202.0,17.0,2008,1.3
Chad,TD,TCD,148,ISO 3166-2:TD,Africa,Sub-Saharan Africa,Middle Africa,2.0,202.0,17.0,2009,
Chad,TD,TCD,148,ISO 3166-2:TD,Africa,Sub-Saharan Africa,Middle Africa,2.0,202.0,17.0,2010,1.32
Chad,TD,TCD,148,ISO 3166-2:TD,Africa,Sub-Saharan Africa,Middle Africa,2.0,202.0,17.0,2011,
Chad,TD,TCD,148,ISO 3166-2:TD,Africa,Sub-Saharan Africa,Middle Africa,2.0,202.0,17.0,2012,0.95
Chad,TD,TCD,148,ISO 3166-2:TD,Africa,Sub-Saharan Africa,Middle Africa,2.0,202.0,17.0,2013,
Chad,TD,TCD,148,ISO 3166-2:TD,Africa,Sub-Saharan Africa,Middle Africa,2.0,202.0,17.0,2014,0.9
Chad,TD,TCD,148,ISO 3166-2:TD,Africa,Sub-Saharan Africa,Middle Africa,2.0,202.0,17.0,2015,
Chad,TD,TCD,148,ISO 3166-2:TD,Africa,Sub-Saharan Africa,Middle Africa,2.0,202.0,17.0,2016,0.78
Chile,CL,CHL,152,ISO 3166-2:CL,Americas,Latin America and the Caribbean,South America,19.0,419.0,5.0,1991,
Chile,CL,CHL,152,ISO 3166-2:CL,Americas,Latin America and the Caribbean,South America,19.0,419.0,5.0,1992,0.43
Chile,CL,CHL,152,ISO 3166-2:CL,Americas,Latin America and the Caribbean,South America,19.0,419.0,5.0,1993,
Chile,CL,CHL,152,ISO 3166-2:CL,Americas,Latin America and the Caribbean,South America,19.0,419.0,5.0,1994,
Chile,CL,CHL,152,ISO 3166-2:CL,Americas,Latin America and the Caribbean,South America,19.0,419.0,5.0,1995,0.53
Chile,CL,CHL,152,ISO 3166-2:CL,Americas,Latin America and the Caribbean,South America,19.0,419.0,5.0,1996,
Chile,CL,CHL,152,ISO 3166-2:CL,Americas,Latin America and the Caribbean,South America,19.0,419.0,5.0,1997,
Chile,CL,CHL,152,ISO 3166-2:CL,Americas,Latin America and the Caribbean,South America,19.0,419.0,5.0,1998,0.49
Chile,CL,CHL,152,ISO 3166-2:CL,Americas,Latin America and the Caribbean,South America,19.0,419.0,5.0,1999,
Chile,CL,CHL,152,ISO 3166-2:CL,Americas,Latin America and the Caribbean,South America,19.0,419.0,5.0,2000,0.64
Chile,CL,CHL,152,ISO 3166-2:CL,Americas,Latin America and the Caribbean,South America,19.0,419.0,5.0,2001,
Chile,CL,CHL,152,ISO 3166-2:CL,Americas,Latin America and the Caribbean,South America,19.0,419.0,5.0,2002,0.58
Chile,CL,CHL,152,ISO 3166-2:CL,Americas,Latin America and the Caribbean,South America,19.0,419.0,5.0,2003,
Chile,CL,CHL,152,ISO 3166-2:CL,Americas,Latin America and the Caribbean,South America,19.0,419.0,5.0,2004,0.85
Chile,CL,CHL,152,ISO 3166-2:CL,Americas,Latin America and the Caribbean,South America,19.0,419.0,5.0,2005,
Chile,CL,CHL,152,ISO 3166-2:CL,Americas,Latin America and the Caribbean,South America,19.0,419.0,5.0,2006,1.09
Chile,CL,CHL,152,ISO 3166-2:CL,Americas,Latin America and the Caribbean,South America,19.0,419.0,5.0,2007,
Chile,CL,CHL,152,ISO 3166-2:CL,Americas,Latin America and the Caribbean,South America,19.0,419.0,5.0,2008,0.95
Chile,CL,CHL,152,ISO 3166-2:CL,Americas,Latin America and the Caribbean,South America,19.0,419.0,5.0,2009,
Chile,CL,CHL,152,ISO 3166-2:CL,Americas,Latin America and the Caribbean,South America,19.0,419.0,5.0,2010,1.38
Chile,CL,CHL,152,ISO 3166-2:CL,Americas,Latin America and the Caribbean,South America,19.0,419.0,5.0,2011,
Chile,CL,CHL,152,ISO 3166-2:CL,Americas,Latin America and the Caribbean,South America,19.0,419.0,5.0,2012,1.56
Chile,CL,CHL,152,ISO 3166-2:CL,Americas,Latin America and the Caribbean,South America,19.0,419.0,5.0,2013,
Chile,CL,CHL,152,ISO 3166-2:CL,Americas,Latin America and the Caribbean,South America,19.0,419.0,5.0,2014,1.52
Chile,CL,CHL,152,ISO 3166-2:CL,Americas,Latin America and the Caribbean,South America,19.0,419.0,5.0,2015,
Chile,CL,CHL,152,ISO 3166-2:CL,Americas,Latin America and the Caribbean,South America,19.0,419.0,5.0,2016,1.03
China,CN,CHN,156,ISO 3166-2:CN,Asia,Eastern Asia,,142.0,30.0,,1991,
China,CN,CHN,156,ISO 3166-2:CN,Asia,Eastern Asia,,142.0,30.0,,1992,
China,CN,CHN,156,ISO 3166-2:CN,Asia,Eastern Asia,,142.0,30.0,,1993,
China,CN,CHN,156,ISO 3166-2:CN,Asia,Eastern Asia,,142.0,30.0,,1994,
China,CN,CHN,156,ISO 3166-2:CN,Asia,Eastern Asia,,142.0,30.0,,1995,0.27
China,CN,CHN,156,ISO 3166-2:CN,Asia,Eastern Asia,,142.0,30.0,,1996,
China,CN,CHN,156,ISO 3166-2:CN,Asia,Eastern Asia,,142.0,30.0,,1997,
China,CN,CHN,156,ISO 3166-2:CN,Asia,Eastern Asia,,142.0,30.0,,1998,0.28
China,CN,CHN,156,ISO 3166-2:CN,Asia,Eastern Asia,,142.0,30.0,,1999,
China,CN,CHN,156,ISO 3166-2:CN,Asia,Eastern Asia,,142.0,30.0,,2000,0.4
China,CN,CHN,156,ISO 3166-2:CN,Asia,Eastern Asia,,142.0,30.0,,2001,
China,CN,CHN,156,ISO 3166-2:CN,Asia,Eastern Asia,,142.0,30.0,,2002,0.42
China,CN,CHN,156,ISO 3166-2:CN,Asia,Eastern Asia,,142.0,30.0,,2003,
China,CN,CHN,156,ISO 3166-2:CN,Asia,Eastern Asia,,142.0,30.0,,2004,0.48
China,CN,CHN,156,ISO 3166-2:CN,Asia,Eastern Asia,,142.0,30.0,,2005,
China,CN,CHN,156,ISO 3166-2:CN,Asia,Eastern Asia,,142.0,30.0,,2006,0.69
China,CN,CHN,156,ISO 3166-2:CN,Asia,Eastern Asia,,142.0,30.0,,2007,
China,CN,CHN,156,ISO 3166-2:CN,Asia,Eastern Asia,,142.0,30.0,,2008,0.99
China,CN,CHN,156,ISO 3166-2:CN,Asia,Eastern Asia,,142.0,30.0,,2009,
China,CN,CHN,156,ISO 3166-2:CN,Asia,Eastern Asia,,142.0,30.0,,2010,1.11
China,CN,CHN,156,ISO 3166-2:CN,Asia,Eastern Asia,,142.0,30.0,,2011,
China,CN,CHN,156,ISO 3166-2:CN,Asia,Eastern Asia,,142.0,30.0,,2012,1.37
China,CN,CHN,156,ISO 3166-2:CN,Asia,Eastern Asia,,142.0,30.0,,2013,
China,CN,CHN,156,ISO 3166-2:CN,Asia,Eastern Asia,,142.0,30.0,,2014,1.17
China,CN,CHN,156,ISO 3166-2:CN,Asia,Eastern Asia,,142.0,30.0,,2015,
China,CN,CHN,156,ISO 3166-2:CN,Asia,Eastern Asia,,142.0,30.0,,2016,0.96
Christmas Island,CX,CXR,162,ISO 3166-2:CX,Oceania,Australia and New Zealand,,9.0,53.0,,,
Cocos (Keeling) Islands,CC,CCK,166,ISO 3166-2:CC,Oceania,Australia and New Zealand,,9.0,53.0,,,
Colombia,CO,COL,170,ISO 3166-2:CO,Americas,Latin America and the Caribbean,South America,19.0,419.0,5.0,1991,
Colombia,CO,COL,170,ISO 3166-2:CO,Americas,Latin America and the Caribbean,South America,19.0,419.0,5.0,1992,0.23
Colombia,CO,COL,170,ISO 3166-2:CO,Americas,Latin America and the Caribbean,South America,19.0,419.0,5.0,1993,
Colombia,CO,COL,170,ISO 3166-2:CO,Americas,Latin America and the Caribbean,South America,19.0,419.0,5.0,1994,
Colombia,CO,COL,170,ISO 3166-2:CO,Americas,Latin America and the Caribbean,South America,19.0,419.0,5.0,1995,0.35
Colombia,CO,COL,170,ISO 3166-2:CO,Americas,Latin America and the Caribbean,South America,19.0,419.0,5.0,1996,
Colombia,CO,COL,170,ISO 3166-2:CO,Americas,Latin America and the Caribbean,South America,19.0,419.0,5.0,1997,
Colombia,CO,COL,170,ISO 3166-2:CO,Americas,Latin America and the Caribbean,South America,19.0,419.0,5.0,1998,0.24
Colombia,CO,COL,170,ISO 3166-2:CO,Americas,Latin America and the Caribbean,South America,19.0,419.0,5.0,1999,
Colombia,CO,COL,170,ISO 3166-2:CO,Americas,Latin America and the Caribbean,South America,19.0,419.0,5.0,2000,0.49
Colombia,CO,COL,170,ISO 3166-2:CO,Americas,Latin America and the Caribbean,South America,19.0,419.0,5.0,2001,
Colombia,CO,COL,170,ISO 3166-2:CO,Americas,Latin America and the Caribbean,South America,19.0,419.0,5.0,2002,0.44
Colombia,CO,COL,170,ISO 3166-2:CO,Americas,Latin America and the Caribbean,South America,19.0,419.0,5.0,2003,
Colombia,CO,COL,170,ISO 3166-2:CO,Americas,Latin America and the Caribbean,South America,19.0,419.0,5.0,2004,0.72
Colombia,CO,COL,170,ISO 3166-2:CO,Americas,Latin America and the Caribbean,South America,19.0,419.0,5.0,2005,
Colombia,CO,COL,170,ISO 3166-2:CO,Americas,Latin America and the Caribbean,South America,19.0,419.0,5.0,2006,0.98
Colombia,CO,COL,170,ISO 3166-2:CO,Americas,Latin America and the Caribbean,South America,19.0,419.0,5.0,2007,
Colombia,CO,COL,170,ISO 3166-2:CO,Americas,Latin America and the Caribbean,South America,19.0,419.0,5.0,2008,1.04
Colombia,CO,COL,170,ISO 3166-2:CO,Americas,Latin America and the Caribbean,South America,19.0,419.0,5.0,2009,
Colombia,CO,COL,170,ISO 3166-2:CO,Americas,Latin America and the Caribbean,South America,19.0,419.0,5.0,2010,1.41
Colombia,CO,COL,170,ISO 3166-2:CO,Americas,Latin America and the Caribbean,South America,19.0,419.0,5.0,2011,
Colombia,CO,COL,170,ISO 3166-2:CO,Americas,Latin America and the Caribbean,South America,19.0,419.0,5.0,2012,1.28
Colombia,CO,COL,170,ISO 3166-2:CO,Americas,Latin America and the Caribbean,South America,19.0,419.0,5.0,2013,
Colombia,CO,COL,170,ISO 3166-2:CO,Americas,Latin America and the Caribbean,South America,19.0,419.0,5.0,2014,1.08
Colombia,CO,COL,170,ISO 3166-2:CO,Americas,Latin America and the Caribbean,South America,19.0,419.0,5.0,2015,
Colombia,CO,COL,170,ISO 3166-2:CO,Americas,Latin America and the Caribbean,South America,19.0,419.0,5.0,2016,0.68
Comoros,KM,COM,174,ISO 3166-2:KM,Africa,Sub-Saharan Africa,Eastern Africa,2.0,202.0,14.0,,
Congo,CG,COG,178,ISO 3166-2:CG,Africa,Sub-Saharan Africa,Middle Africa,2.0,202.0,17.0,,
"Congo, Democratic Republic of the",CD,COD,180,ISO 3166-2:CD,Africa,Sub-Saharan Africa,Middle Africa,2.0,202.0,17.0,,
Cook Islands,CK,COK,184,ISO 3166-2:CK,Oceania,Polynesia,,9.0,61.0,,,
Costa Rica,CR,CRI,188,ISO 3166-2:CR,Americas,Latin America and the Caribbean,Central America,19.0,419.0,13.0,1991,
Costa Rica,CR,CRI,188,ISO 3166-2:CR,Americas,Latin America and the Caribbean,Central America,19.0,419.0,13.0,1992,
Costa Rica,CR,CRI,188,ISO 3166-2:CR,Americas,Latin America and the Caribbean,Central America,19.0,419.0,13.0,1993,
Costa Rica,CR,CRI,188,ISO 3166-2:CR,Americas,Latin America and the Caribbean,Central America,19.0,419.0,13.0,1994,
Costa Rica,CR,CRI,188,ISO 3166-2:CR,Americas,Latin America and the Caribbean,Central America,19.0,419.0,13.0,1995,
Costa Rica,CR,CRI,188,ISO 3166-2:CR,Americas,Latin America and the Caribbean,Central America,19.0,419.0,13.0,1996,
Costa Rica,CR,CRI,188,ISO 3166-2:CR,Americas,Latin America and the Caribbean,Central America,19.0,419.0,13.0,1997,
Costa Rica,CR,CRI,188,ISO 3166-2:CR,Americas,Latin America and the Caribbean,Central America,19.0,419.0,13.0,1998,
Costa Rica,CR,CRI,188,ISO 3166-2:CR,Americas,Latin America and the Caribbean,Central America,19.0,419.0,13.0,1999,
Costa Rica,CR,CRI,188,ISO 3166-2:CR,Americas,Latin America and the Caribbean,Central America,19.0,419.0,13.0,2000,
Costa Rica,CR,CRI,188,ISO 3166-2:CR,Americas,Latin America and the Caribbean,Central America,19.0,419.0,13.0,2001,
Costa Rica,CR,CRI,188,ISO 3166-2:CR,Americas,Latin America and the Caribbean,Central America,19.0,419.0,13.0,2002,0.64
Costa Rica,CR,CRI,188,ISO 3166-2:CR,Americas,Latin America and the Caribbean,Central America,19.0,419.0,13.0,2003,
Costa Rica,CR,CRI,188,ISO 3166-2:CR,Americas,Latin America and the Caribbean,Central America,19.0,419.0,13.0,2004,0.78
Costa Rica,CR,CRI,188,ISO 3166-2:CR,Americas,Latin America and the Caribbean,Central America,19.0,419.0,13.0,2005,
Costa Rica,CR,CRI,188,ISO 3166-2:CR,Americas,Latin America and the Caribbean,Central America,19.0,419.0,13.0,2006,0.98
Costa Rica,CR,CRI,188,ISO 3166-2:CR,Americas,Latin America and the Caribbean,Central America,19.0,419.0,13.0,2007,
Costa Rica,CR,CRI,188,ISO 3166-2:CR,Americas,Latin America and the Caribbean,Central America,19.0,419.0,13.0,2008,1.24
Costa Rica,CR,CRI,188,ISO 3166-2:CR,Americas,Latin America and the Caribbean,Central America,19.0,419.0,13.0,2009,
Costa Rica,CR,CRI,188,ISO 3166-2:CR,Americas,Latin America and the Caribbean,Central America,19.0,419.0,13.0,2010,1.14
Costa Rica,CR,CRI,188,ISO 3166-2:CR,Americas,Latin America and the Caribbean,Central America,19.0,419.0,13.0,2011,
Costa Rica,CR,CRI,188,ISO 3166-2:CR,Americas,Latin America and the Caribbean,Central America,19.0,419.0,13.0,2012,1.57
Costa Rica,CR,CRI,188,ISO 3166-2:CR,Americas,Latin America and the Caribbean,Central America,19.0,419.0,13.0,2013,
Costa Rica,CR,CRI,188,ISO 3166-2:CR,Americas,Latin America and the Caribbean,Central America,19.0,419.0,13.0,2014,1.44
Costa Rica,CR,CRI,188,ISO 3166-2:CR,Americas,Latin America and the Caribbean,Central America,19.0,419.0,13.0,2015,
Costa Rica,CR,CRI,188,ISO 3166-2:CR,Americas,Latin America and the Caribbean,Central America,19.0,419.0,13.0,2016,0.98
Côte d'Ivoire,CI,CIV,384,ISO 3166-2:CI,Africa,Sub-Saharan Africa,Western Africa,2.0,202.0,11.0,,
Croatia,HR,HRV,191,ISO 3166-2:HR,Europe,Southern Europe,,150.0,39.0,,1991,
Croatia,HR,HRV,191,ISO 3166-2:HR,Europe,Southern Europe,,150.0,39.0,,1992,
Croatia,HR,HRV,191,ISO 3166-2:HR,Europe,Southern Europe,,150.0,39.0,,1993,
Croatia,HR,HRV,191,ISO 3166-2:HR,Europe,Southern Europe,,150.0,39.0,,1994,
Croatia,HR,HRV,191,ISO 3166-2:HR,Europe,Southern Europe,,150.0,39.0,,1995,0.75
Croatia,HR,HRV,191,ISO 3166-2:HR,Europe,Southern Europe,,150.0,39.0,,1996,
Croatia,HR,HRV,191,ISO 3166-2:HR,Europe,Southern Europe,,150.0,39.0,,1997,
Croatia,HR,HRV,191,ISO 3166-2:HR,Europe,Southern Europe,,150.0,39.0,,1998,0.67
Croatia,HR,HRV,191,ISO 3166-2:HR,Europe,Southern Europe,,150.0,39.0,,1999,
Croatia,HR,HRV,191,ISO 3166-2:HR,Europe,Southern Europe,,150.0,39.0,,2000,0.76
Croatia,HR,HRV,191,ISO 3166-2:HR,Europe,Southern Europe,,150.0,39.0,,2001,
Croatia,HR,HRV,191,ISO 3166-2:HR,Europe,Southern Europe,,150.0,39.0,,2002,0.89
Croatia,HR,HRV,191,ISO 3166-2:HR,Europe,Southern Europe,,150.0,39.0,,2003,
Croatia,HR,HRV,191,ISO 3166-2:HR,Europe,Southern Europe,,150.0,39.0,,2004,1.24
Croatia,HR,HRV,191,ISO 3166-2:HR,Europe,Southern Europe,,150.0,39.0,,2005,
Croatia,HR,HRV,191,ISO 3166-2:HR,Europe,Southern Europe,,150.0,39.0,,2006,1.34
Croatia,HR,HRV,191,ISO 3166-2:HR,Europe,Southern Europe,,150.0,39.0,,2007,
Croatia,HR,HRV,191,ISO 3166-2:HR,Europe,Southern Europe,,150.0,39.0,,2008,1.27
Croatia,HR,HRV,191,ISO 3166-2:HR,Europe,Southern Europe,,150.0,39.0,,2009,
Croatia,HR,HRV,191,ISO 3166-2:HR,Europe,Southern Europe,,150.0,39.0,,2010,1.59
Croatia,HR,HRV,191,ISO 3166-2:HR,Europe,Southern Europe,,150.0,39.0,,2011,
Croatia,HR,HRV,191,ISO 3166-2:HR,Europe,Southern Europe,,150.0,39.0,,2012,1.77
Croatia,HR,HRV,191,ISO 3166-2:HR,Europe,Southern Europe,,150.0,39.0,,2013,
Croatia,HR,HRV,191,ISO 3166-2:HR,Europe,Southern Europe,,150.0,39.0,,2014,1.66
Croatia,HR,HRV,191,ISO 3166-2:HR,Europe,Southern Europe,,150.0,39.0,,2015,
Croatia,HR,HRV,191,ISO 3166-2:HR,Europe,Southern Europe,,150.0,39.0,,2016,1.26
Cuba,CU,CUB,192,ISO 3166-2:CU,Americas,Latin America and the Caribbean,Caribbean,19.0,419.0,29.0,1991,
Cuba,CU,CUB,192,ISO 3166-2:CU,Americas,Latin America and the Caribbean,Caribbean,19.0,419.0,29.0,1992,
Cuba,CU,CUB,192,ISO 3166-2:CU,Americas,Latin America and the Caribbean,Caribbean,19.0,419.0,29.0,1993,
Cuba,CU,CUB,192,ISO 3166-2:CU,Americas,Latin America and the Caribbean,Caribbean,19.0,419.0,29.0,1994,
Cuba,CU,CUB,192,ISO 3166-2:CU,Americas,Latin America and the Caribbean,Caribbean,19.0,419.0,29.0,1995,
Cuba,CU,CUB,192,ISO 3166-2:CU,Americas,Latin America and the Caribbean,Caribbean,19.0,419.0,29.0,1996,
Cuba,CU,CUB,192,ISO 3166-2:CU,Americas,Latin America and the Caribbean,Caribbean,19.0,419.0,29.0,1997,
Cuba,CU,CUB,192,ISO 3166-2:CU,Americas,Latin America and the Caribbean,Caribbean,19.0,419.0,29.0,1998,0.5
Cuba,CU,CUB,192,ISO 3166-2:CU,Americas,Latin America and the Caribbean,Caribbean,19.0,419.0,29.0,1999,
Cuba,CU,CUB,192,ISO 3166-2:CU,Americas,Latin America and the Caribbean,Caribbean,19.0,419.0,29.0,2000,
Cuba,CU,CUB,192,ISO 3166-2:CU,Americas,Latin America and the Caribbean,Caribbean,19.0,419.0,29.0,2001,
Cuba,CU,CUB,192,ISO 3166-2:CU,Americas,Latin America and the Caribbean,Caribbean,19.0,419.0,29.0,2002,0.9
Cuba,CU,CUB,192,ISO 3166-2:CU,Americas,Latin America and the Caribbean,Caribbean,19.0,419.0,29.0,2003,
Cuba,CU,CUB,192,ISO 3166-2:CU,Americas,Latin America and the Caribbean,Caribbean,19.0,419.0,29.0,2004,0.95
Cuba,CU,CUB,192,ISO 3166-2:CU,Americas,Latin America and the Caribbean,Caribbean,19.0,419.0,29.0,2005,
Cuba,CU,CUB,192,ISO 3166-2:CU,Americas,Latin America and the Caribbean,Caribbean,19.0,419.0,29.0,2006,1.1
Cuba,CU,CUB,192,ISO 3166-2:CU,Americas,Latin America and the Caribbean,Caribbean,19.0,419.0,29.0,2007,
Cuba,CU,CUB,192,ISO 3166-2:CU,Americas,Latin America and the Caribbean,Caribbean,19.0,419.0,29.0,2008,1.67
Cuba,CU,CUB,192,ISO 3166-2:CU,Americas,Latin America and the Caribbean,Caribbean,19.0,419.0,29.0,2009,
Cuba,CU,CUB,192,ISO 3166-2:CU,Americas,Latin America and the Caribbean,Caribbean,19.0,419.0,29.0,2010,1.72
Cuba,CU,CUB,192,ISO 3166-2:CU,Americas,Latin America and the Caribbean,Caribbean,19.0,419.0,29.0,2011,
Cuba,CU,CUB,192,ISO 3166-2:CU,Americas,Latin America and the Caribbean,Caribbean,19.0,419.0,29.0,2012,1.4
Cuba,CU,CUB,192,ISO 3166-2:CU,Americas,Latin America and the Caribbean,Caribbean,19.0,419.0,29.0,2013,
Cuba,CU,CUB,192,ISO 3166-2:CU,Americas,Latin America and the Caribbean,Caribbean,19.0,419.0,29.0,2014,1.4
Cuba,CU,CUB,192,ISO 3166-2:CU,Americas,Latin America and the Caribbean,Caribbean,19.0,419.0,29.0,2015,
Cuba,CU,CUB,192,ISO 3166-2:CU,Americas,Latin America and the Caribbean,Caribbean,19.0,419.0,29.0,2016,
Curaçao,CW,CUW,531,ISO 3166-2:CW,Americas,Latin America and the Caribbean,Caribbean,19.0,419.0,29.0,,
Cyprus,CY,CYP,196,ISO 3166-2:CY,Asia,Western Asia,,142.0,145.0,,1991,
Cyprus,CY,CYP,196,ISO 3166-2:CY,Asia,Western Asia,,142.0,145.0,,1992,
Cyprus,CY,CYP,196,ISO 3166-2:CY,Asia,Western Asia,,142.0,145.0,,1993,
Cyprus,CY,CYP,196,ISO 3166-2:CY,Asia,Western Asia,,142.0,145.0,,1994,
Cyprus,CY,CYP,196,ISO 3166-2:CY,Asia,Western Asia,,142.0,145.0,,1995,
Cyprus,CY,CYP,196,ISO 3166-2:CY,Asia,Western Asia,,142.0,145.0,,1996,
Cyprus,CY,CYP,196,ISO 3166-2:CY,Asia,Western Asia,,142.0,145.0,,1997,
Cyprus,CY,CYP,196,ISO 3166-2:CY,Asia,Western Asia,,142.0,145.0,,1998,0.78
Cyprus,CY,CYP,196,ISO 3166-2:CY,Asia,Western Asia,,142.0,145.0,,1999,
Cyprus,CY,CYP,196,ISO 3166-2:CY,Asia,Western Asia,,142.0,145.0,,2000,0.57
Cyprus,CY,CYP,196,ISO 3166-2:CY,Asia,Western Asia,,142.0,145.0,,2001,
Cyprus,CY,CYP,196,ISO 3166-2:CY,Asia,Western Asia,,142.0,145.0,,2002,0.83
Cyprus,CY,CYP,196,ISO 3166-2:CY,Asia,Western Asia,,142.0,145.0,,2003,
Cyprus,CY,CYP,196,ISO 3166-2:CY,Asia,Western Asia,,142.0,145.0,,2004,1.08
Cyprus,CY,CYP,196,ISO 3166-2:CY,Asia,Western Asia,,142.0,145.0,,2005,
Cyprus,CY,CYP,196,ISO 3166-2:CY,Asia,Western Asia,,142.0,145.0,,2006,1.25
Cyprus,CY,CYP,196,ISO 3166-2:CY,Asia,Western Asia,,142.0,145.0,,2007,
Cyprus,CY,CYP,196,ISO 3166-2:CY,Asia,Western Asia,,142.0,145.0,,2008,1.28
Cyprus,CY,CYP,196,ISO 3166-2:CY,Asia,Western Asia,,142.0,145.0,,2009,
Cyprus,CY,CYP,196,ISO 3166-2:CY,Asia,Western Asia,,142.0,145.0,,2010,1.47
Cyprus,CY,CYP,196,ISO 3166-2:CY,Asia,Western Asia,,142.0,145.0,,2011,
Cyprus,CY,CYP,196,ISO 3166-2:CY,Asia,Western Asia,,142.0,145.0,,2012,1.77
Cyprus,CY,CYP,196,ISO 3166-2:CY,Asia,Western Asia,,142.0,145.0,,2013,
Cyprus,CY,CYP,196,ISO 3166-2:CY,Asia,Western Asia,,142.0,145.0,,2014,1.61
Cyprus,CY,CYP,196,ISO 3166-2:CY,Asia,Western Asia,,142.0,145.0,,2015,
Cyprus,CY,CYP,196,ISO 3166-2:CY,Asia,Western Asia,,142.0,145.0,,2016,1.23
Czechia,CZ,CZE,203,ISO 3166-2:CZ,Europe,Eastern Europe,,150.0,151.0,,,
Denmark,DK,DNK,208,ISO 3166-2:DK,Europe,Northern Europe,,150.0,154.0,,1991,
Denmark,DK,DNK,208,ISO 3166-2:DK,Europe,Northern Europe,,150.0,154.0,,1992,
Denmark,DK,DNK,208,ISO 3166-2:DK,Europe,Northern Europe,,150.0,154.0,,1993,
Denmark,DK,DNK,208,ISO 3166-2:DK,Europe,Northern Europe,,150.0,154.0,,1994,
Denmark,DK,DNK,208,ISO 3166-2:DK,Europe,Northern Europe,,150.0,154.0,,1995,1.08
Denmark,DK,DNK,208,ISO 3166-2:DK,Europe,Northern Europe,,150.0,154.0,,1996,
Denmark,DK,DNK,208,ISO 3166-2:DK,Europe,Northern Europe,,150.0,154.0,,1997,
Denmark,DK,DNK,208,ISO 3166-2:DK,Europe,Northern Europe,,150.0,154.0,,1998,1.05
Denmark,DK,DNK,208,ISO 3166-2:DK,Europe,Northern Europe,,150.0,154.0,,1999,
Denmark,DK,DNK,208,ISO 3166-2:DK,Europe,Northern Europe,,150.0,154.0,,2000,1.01
Denmark,DK,DNK,208,ISO 3166-2:DK,Europe,Northern Europe,,150.0,154.0,,2001,
Denmark,DK,DNK,208,ISO 3166-2:DK,Europe,Northern Europe,,150.0,154.0,,2002,1.09
Denmark,DK,DNK,208,ISO 3166-2:DK,Europe,Northern Europe,,150.0,154.0,,2003,
Denmark,DK,DNK,208,ISO 3166-2:DK,Europe,Northern Europe,,150.0,154.0,,2004,1.51
Denmark,DK,DNK,208,ISO 3166-2:DK,Europe,Northern Europe,,150.0,154.0,,2005,
Denmark,DK,DNK,208,ISO 3166-2:DK,Europe,Northern Europe,,150.0,154.0,,2006,1.58
Denmark,DK,DNK,208,ISO 3166-2:DK,Europe,Northern Europe,,150.0,154.0,,2007,
Denmark,DK,DNK,208,ISO 3166-2:DK,Europe,Northern Europe,,150.0,154.0,,2008,1.54
Denmark,DK,DNK,208,ISO 3166-2:DK,Europe,Northern Europe,,150.0,154.0,,2009,
Denmark,DK,DNK,208,ISO 3166-2:DK,Europe,Northern Europe,,150.0,154.0,,2010,2.0
Denmark,DK,DNK,208,ISO 3166-2:DK,Europe,Northern Europe,,150.0,154.0,,2011,
Denmark,DK,DNK,208,ISO 3166-2:DK,Europe,Northern Europe,,150.0,154.0,,2012,2.02
Denmark,DK,DNK,208,ISO 3166-2:DK,Europe,Northern Europe,,150.0,154.0,,2013,
Denmark,DK,DNK,208,ISO 3166-2:DK,Europe,Northern Europe,,150.0,154.0,,2014,2.01
Denmark,DK,DNK,208,ISO 3166-2:DK,Europe,Northern Europe,,150.0,154.0,,2015,
Denmark,DK,DNK,208,ISO 3166-2:DK,Europe,Northern Europe,,150.0,154.0,,2016,1.55
Djibouti,DJ,DJI,262,ISO 3166-2:DJ,Africa,Sub-Saharan Africa,Eastern Africa,2.0,202.0,14.0,1991,
Djibouti,DJ,DJI,262,ISO 3166-2:DJ,Africa,Sub-Saharan Africa,Eastern Africa,2.0,202.0,14.0,1992,
Djibouti,DJ,DJI,262,ISO 3166-2:DJ,Africa,Sub-Saharan Africa,Eastern Africa,2.0,202.0,14.0,1993,
Djibouti,DJ,DJI,262,ISO 3166-2:DJ,Africa,Sub-Saharan Africa,Eastern Africa,2.0,202.0,14.0,1994,
Djibouti,DJ,DJI,262,ISO 3166-2:DJ,Africa,Sub-Saharan Africa,Eastern Africa,2.0,202.0,14.0,1995,
Djibouti,DJ,DJI,262,ISO 3166-2:DJ,Africa,Sub-Saharan Africa,Eastern Africa,2.0,202.0,14.0,1996,
Djibouti,DJ,DJI,262,ISO 3166-2:DJ,Africa,Sub-Saharan Africa,Eastern Africa,2.0,202.0,14.0,1997,
Djibouti,DJ,DJI,262,ISO 3166-2:DJ,Africa,Sub-Saharan Africa,Eastern Africa,2.0,202.0,14.0,1998,
Djibouti,DJ,DJI,262,ISO 3166-2:DJ,Africa,Sub-Saharan Africa,Eastern Africa,2.0,202.0,14.0,1999,
Djibouti,DJ,DJI,262,ISO 3166-2:DJ,Africa,Sub-Saharan Africa,Eastern Africa,2.0,202.0,14.0,2000,
Djibouti,DJ,DJI,262,ISO 3166-2:DJ,Africa,Sub-Saharan Africa,Eastern Africa,2.0,202.0,14.0,2001,
Djibouti,DJ,DJI,262,ISO 3166-2:DJ,Africa,Sub-Saharan Africa,Eastern Africa,2.0,202.0,14.0,2002,
Djibouti,DJ,DJI,262,ISO 3166-2:DJ,Africa,Sub-Saharan Africa,Eastern Africa,2.0,202.0,14.0,2003,
Djibouti,DJ,DJI,262,ISO 3166-2:DJ,Africa,Sub-Saharan Africa,Eastern Africa,2.0,202.0,14.0,2004,
Djibouti,DJ,DJI,262,ISO 3166-2:DJ,Africa,Sub-Saharan Africa,Eastern Africa,2.0,202.0,14.0,2005,
Djibouti,DJ,DJI,262,ISO 3166-2:DJ,Africa,Sub-Saharan Africa,Eastern Africa,2.0,202.0,14.0,2006,
Djibouti,DJ,DJI,262,ISO 3166-2:DJ,Africa,Sub-Saharan Africa,Eastern Africa,2.0,202.0,14.0,2007,
Djibouti,DJ,DJI,262,ISO 3166-2:DJ,Africa,Sub-Saharan Africa,Eastern Africa,2.0,202.0,14.0,2008,
Djibouti,DJ,DJI,262,ISO 3166-2:DJ,Africa,Sub-Saharan Africa,Eastern Africa,2.0,202.0,14.0,2009,
Djibouti,DJ,DJI,262,ISO 3166-2:DJ,Africa,Sub-Saharan Africa,Eastern Africa,2.0,202.0,14.0,2010,1.63
Djibouti,DJ,DJI,262,ISO 3166-2:DJ,Africa,Sub-Saharan Africa,Eastern Africa,2.0,202.0,14.0,2011,
Djibouti,DJ,DJI,262,ISO 3166-2:DJ,Africa,Sub-Saharan Africa,Eastern Africa,2.0,202.0,14.0,2012,1.75
Djibouti,DJ,DJI,262,ISO 3166-2:DJ,Africa,Sub-Saharan Africa,Eastern Africa,2.0,202.0,14.0,2013,
Djibouti,DJ,DJI,262,ISO 3166-2:DJ,Africa,Sub-Saharan Africa,Eastern Africa,2.0,202.0,14.0,2014,1.41
Djibouti,DJ,DJI,262,ISO 3166-2:DJ,Africa,Sub-Saharan Africa,Eastern Africa,2.0,202.0,14.0,2015,
Djibouti,DJ,DJI,262,ISO 3166-2:DJ,Africa,Sub-Saharan Africa,Eastern Africa,2.0,202.0,14.0,2016,1.32
Dominica,DM,DMA,212,ISO 3166-2:DM,Americas,Latin America and the Caribbean,Caribbean,19.0,419.0,29.0,,
Dominican Republic,DO,DOM,214,ISO 3166-2:DO,Americas,Latin America and the Caribbean,Caribbean,19.0,419.0,29.0,1991,
Dominican Republic,DO,DOM,214,ISO 3166-2:DO,Americas,Latin America and the Caribbean,Caribbean,19.0,419.0,29.0,1992,
Dominican Republic,DO,DOM,214,ISO 3166-2:DO,Americas,Latin America and the Caribbean,Caribbean,19.0,419.0,29.0,1993,
Dominican Republic,DO,DOM,214,ISO 3166-2:DO,Americas,Latin America and the Caribbean,Caribbean,19.0,419.0,29.0,1994,
Dominican Republic,DO,DOM,214,ISO 3166-2:DO,Americas,Latin America and the Caribbean,Caribbean,19.0,419.0,29.0,1995,0.4
Dominican Republic,DO,DOM,214,ISO 3166-2:DO,Americas,Latin America and the Caribbean,Caribbean,19.0,419.0,29.0,1996,
Dominican Republic,DO,DOM,214,ISO 3166-2:DO,Americas,Latin America and the Caribbean,Caribbean,19.0,419.0,29.0,1997,
Dominican Republic,DO,DOM,214,ISO 3166-2:DO,Americas,Latin America and the Caribbean,Caribbean,19.0,419.0,29.0,1998,0.4
Dominican Republic,DO,DOM,214,ISO 3166-2:DO,Americas,Latin America and the Caribbean,Caribbean,19.0,419.0,29.0,1999,
Dominican Republic,DO,DOM,214,ISO 3166-2:DO,Americas,Latin America and the Caribbean,Caribbean,19.0,419.0,29.0,2000,0.71
Dominican Republic,DO,DOM,214,ISO 3166-2:DO,Americas,Latin America and the Caribbean,Caribbean,19.0,419.0,29.0,2001,
Dominican Republic,DO,DOM,214,ISO 3166-2:DO,Americas,Latin America and the Caribbean,Caribbean,19.0,419.0,29.0,2002,0.49
Dominican Republic,DO,DOM,214,ISO 3166-2:DO,Americas,Latin America and the Caribbean,Caribbean,19.0,419.0,29.0,2003,
Dominican Republic,DO,DOM,214,ISO 3166-2:DO,Americas,Latin America and the Caribbean,Caribbean,19.0,419.0,29.0,2004,0.85
Dominican Republic,DO,DOM,214,ISO 3166-2:DO,Americas,Latin America and the Caribbean,Caribbean,19.0,419.0,29.0,2005,
Dominican Republic,DO,DOM,214,ISO 3166-2:DO,Americas,Latin America and the Caribbean,Caribbean,19.0,419.0,29.0,2006,1.03
Dominican Republic,DO,DOM,214,ISO 3166-2:DO,Americas,Latin America and the Caribbean,Caribbean,19.0,419.0,29.0,2007,
Dominican Republic,DO,DOM,214,ISO 3166-2:DO,Americas,Latin America and the Caribbean,Caribbean,19.0,419.0,29.0,2008,1.04
Dominican Republic,DO,DOM,214,ISO 3166-2:DO,Americas,Latin America and the Caribbean,Caribbean,19.0,419.0,29.0,2009,
Dominican Republic,DO,DOM,214,ISO 3166-2:DO,Americas,Latin America and the Caribbean,Caribbean,19.0,419.0,29.0,2010,1.23
Dominican Republic,DO,DOM,214,ISO 3166-2:DO,Americas,Latin America and the Caribbean,Caribbean,19.0,419.0,29.0,2011,
Dominican Republic,DO,DOM,214,ISO 3166-2:DO,Americas,Latin America and the Caribbean,Caribbean,19.0,419.0,29.0,2012,1.58
Dominican Republic,DO,DOM,214,ISO 3166-2:DO,Americas,Latin America and the Caribbean,Caribbean,19.0,419.0,29.0,2013,
Dominican Republic,DO,DOM,214,ISO 3166-2:DO,Americas,Latin America and the Caribbean,Caribbean,19.0,419.0,29.0,2014,1.41
Dominican Republic,DO,DOM,214,ISO 3166-2:DO,Americas,Latin America and the Caribbean,Caribbean,19.0,419.0,29.0,2015,
Dominican Republic,DO,DOM,214,ISO 3166-2:DO,Americas,Latin America and the Caribbean,Caribbean,19.0,419.0,29.0,2016,1.07
Ecuador,EC,ECU,218,ISO 3166-2:EC,Americas,Latin America and the Caribbean,South America,19.0,419.0,5.0,1991,
Ecuador,EC,ECU,218,ISO 3166-2:EC,Americas,Latin America and the Caribbean,South America,19.0,419.0,5.0,1992,0.31
Ecuador,EC,ECU,218,ISO 3166-2:EC,Americas,Latin America and the Caribbean,South America,19.0,419.0,5.0,1993,
Ecuador,EC,ECU,218,ISO 3166-2:EC,Americas,Latin America and the Caribbean,South America,19.0,419.0,5.0,1994,
Ecuador,EC,ECU,218,ISO 3166-2:EC,Americas,Latin America and the Caribbean,South America,19.0,419.0,5.0,1995,0.33
Ecuador,EC,ECU,218,ISO 3166-2:EC,Americas,Latin America and the Caribbean,South America,19.0,419.0,5.0,1996,
Ecuador,EC,ECU,218,ISO 3166-2:EC,Americas,Latin America and the Caribbean,South America,19.0,419.0,5.0,1997,
Ecuador,EC,ECU,218,ISO 3166-2:EC,Americas,Latin America and the Caribbean,South America,19.0,419.0,5.0,1998,0.38
Ecuador,EC,ECU,218,ISO 3166-2:EC,Americas,Latin America and the Caribbean,South America,19.0,419.0,5.0,1999,
Ecuador,EC,ECU,218,ISO 3166-2:EC,Americas,Latin America and the Caribbean,South America,19.0,419.0,5.0,2000,0.31
Ecuador,EC,ECU,218,ISO 3166-2:EC,Americas,Latin America and the Caribbean,South America,19.0,419.0,5.0,2001,
Ecuador,EC,ECU,218,ISO 3166-2:EC,Americas,Latin America and the Caribbean,South America,19.0,419.0,5.0,2002,0.55
Ecuador,EC,ECU,218,ISO 3166-2:EC,Americas,Latin America and the Caribbean,South America,19.0,419.0,5.0,2003,
Ecuador,EC,ECU,218,ISO 3166-2:EC,Americas,Latin America and the Caribbean,South America,19.0,419.0,5.0,2004,0.54
Ecuador,EC,ECU,218,ISO 3166-2:EC,Americas,Latin America and the Caribbean,South America,19.0,419.0,5.0,2005,
Ecuador,EC,ECU,218,ISO 3166-2:EC,Americas,Latin America and the Caribbean,South America,19.0,419.0,5.0,2006,0.47
Ecuador,EC,ECU,218,ISO 3166-2:EC,Americas,Latin America and the Caribbean,South America,19.0,419.0,5.0,2007,
Ecuador,EC,ECU,218,ISO 3166-2:EC,Americas,Latin America and the Caribbean,South America,19.0,419.0,5.0,2008,0.51
Ecuador,EC,ECU,218,ISO 3166-2:EC,Americas,Latin America and the Caribbean,South America,19.0,419.0,5.0,2009,
Ecuador,EC,ECU,218,ISO 3166-2:EC,Americas,Latin America and the Caribbean,South America,19.0,419.0,5.0,2010,0.53
Ecuador,EC,ECU,218,ISO 3166-2:EC,Americas,Latin America and the Caribbean,South America,19.0,419.0,5.0,2011,
Ecuador,EC,ECU,218,ISO 3166-2:EC,Americas,Latin America and the Caribbean,South America,19.0,419.0,5.0,2012,0.58
Ecuador,EC,ECU,218,ISO 3166-2:EC,Americas,Latin America and the Caribbean,South America,19.0,419.0,5.0,2013,
Ecuador,EC,ECU,218,ISO 3166-2:EC,Americas,Latin America and the Caribbean,South America,19.0,419.0,5.0,2014,0.6
Ecuador,EC,ECU,218,ISO 3166-2:EC,Americas,Latin America and the Caribbean,South America,19.0,419.0,5.0,2015,
Ecuador,EC,ECU,218,ISO 3166-2:EC,Americas,Latin America and the Caribbean,South America,19.0,419.0,5.0,2016,0.61
Egypt,EG,EGY,818,ISO 3166-2:EG,Africa,Northern Africa,,2.0,15.0,,1991,0.29
Egypt,EG,EGY,818,ISO 3166-2:EG,Africa,Northern Africa,,2.0,15.0,,1992,0.3
Egypt,EG,EGY,818,ISO 3166-2:EG,Africa,Northern Africa,,2.0,15.0,,1993,
Egypt,EG,EGY,818,ISO 3166-2:EG,Africa,Northern Africa,,2.0,15.0,,1994,
Egypt,EG,EGY,818,ISO 3166-2:EG,Africa,Northern Africa,,2.0,15.0,,1995,0.29
Egypt,EG,EGY,818,ISO 3166-2:EG,Africa,Northern Africa,,2.0,15.0,,1996,
Egypt,EG,EGY,818,ISO 3166-2:EG,Africa,Northern Africa,,2.0,15.0,,1997,
Egypt,EG,EGY,818,ISO 3166-2:EG,Africa,Northern Africa,,2.0,15.0,,1998,0.29
Egypt,EG,EGY,818,ISO 3166-2:EG,Africa,Northern Africa,,2.0,15.0,,1999,
Egypt,EG,EGY,818,ISO 3166-2:EG,Africa,Northern Africa,,2.0,15.0,,2000,0.26
Egypt,EG,EGY,818,ISO 3166-2:EG,Africa,Northern Africa,,2.0,15.0,,2001,
Egypt,EG,EGY,818,ISO 3166-2:EG,Africa,Northern Africa,,2.0,15.0,,2002,0.19
Egypt,EG,EGY,818,ISO 3166-2:EG,Africa,Northern Africa,,2.0,15.0,,2003,
Egypt,EG,EGY,818,ISO 3166-2:EG,Africa,Northern Africa,,2.0,15.0,,2004,0.28
Egypt,EG,EGY,818,ISO 3166-2:EG,Africa,Northern Africa,,2.0,15.0,,2005,
Egypt,EG,EGY,818,ISO 3166-2:EG,Africa,Northern Africa,,2.0,15.0,,2006,0.3
Egypt,EG,EGY,818,ISO 3166-2:EG,Africa,Northern Africa,,2.0,15.0,,2007,
Egypt,EG,EGY,818,ISO 3166-2:EG,Africa,Northern Africa,,2.0,15.0,,2008,0.49
Egypt,EG,EGY,818,ISO 3166-2:EG,Africa,Northern Africa,,2.0,15.0,,2009,
Egypt,EG,EGY,818,ISO 3166-2:EG,Africa,Northern Africa,,2.0,15.0,,2010,0.48
Egypt,EG,EGY,818,ISO 3166-2:EG,Africa,Northern Africa,,2.0,15.0,,2011,
Egypt,EG,EGY,818,ISO 3166-2:EG,Africa,Northern Africa,,2.0,15.0,,2012,0.45
Egypt,EG,EGY,818,ISO 3166-2:EG,Africa,Northern Africa,,2.0,15.0,,2013,
Egypt,EG,EGY,818,ISO 3166-2:EG,Africa,Northern Africa,,2.0,15.0,,2014,0.88
Egypt,EG,EGY,818,ISO 3166-2:EG,Africa,Northern Africa,,2.0,15.0,,2015,
Egypt,EG,EGY,818,ISO 3166-2:EG,Africa,Northern Africa,,2.0,15.0,,2016,0.4
El Salvador,SV,SLV,222,ISO 3166-2:SV,Americas,Latin America and the Caribbean,Central America,19.0,419.0,13.0,1991,
El Salvador,SV,SLV,222,ISO 3166-2:SV,Americas,Latin America and the Caribbean,Central America,19.0,419.0,13.0,1992,
El Salvador,SV,SLV,222,ISO 3166-2:SV,Americas,Latin America and the Caribbean,Central America,19.0,419.0,13.0,1993,
El Salvador,SV,SLV,222,ISO 3166-2:SV,Americas,Latin America and the Caribbean,Central America,19.0,419.0,13.0,1994,
El Salvador,SV,SLV,222,ISO 3166-2:SV,Americas,Latin America and the Caribbean,Central America,19.0,419.0,13.0,1995,
El Salvador,SV,SLV,222,ISO 3166-2:SV,Americas,Latin America and the Caribbean,Central America,19.0,419.0,13.0,1996,
El Salvador,SV,SLV,222,ISO 3166-2:SV,Americas,Latin America and the Caribbean,Central America,19.0,419.0,13.0,1997,
El Salvador,SV,SLV,222,ISO 3166-2:SV,Americas,Latin America and the Caribbean,Central America,19.0,419.0,13.0,1998,0.54
El Salvador,SV,SLV,222,ISO 3166-2:SV,Americas,Latin America and the Caribbean,Central America,19.0,419.0,13.0,1999,
El Salvador,SV,SLV,222,ISO 3166-2:SV,Americas,Latin America and the Caribbean,Central America,19.0,419.0,13.0,2000,0.67
El Salvador,SV,SLV,222,ISO 3166-2:SV,Americas,Latin America and the Caribbean,Central America,19.0,419.0,13.0,2001,
El Salvador,SV,SLV,222,ISO 3166-2:SV,Americas,Latin America and the Caribbean,Central America,19.0,419.0,13.0,2002,0.46
El Salvador,SV,SLV,222,ISO 3166-2:SV,Americas,Latin America and the Caribbean,Central America,19.0,419.0,13.0,2003,
El Salvador,SV,SLV,222,ISO 3166-2:SV,Americas,Latin America and the Caribbean,Central America,19.0,419.0,13.0,2004,0.65
El Salvador,SV,SLV,222,ISO 3166-2:SV,Americas,Latin America and the Caribbean,Central America,19.0,419.0,13.0,2005,
El Salvador,SV,SLV,222,ISO 3166-2:SV,Americas,Latin America and the Caribbean,Central America,19.0,419.0,13.0,2006,0.82
El Salvador,SV,SLV,222,ISO 3166-2:SV,Americas,Latin America and the Caribbean,Central America,19.0,419.0,13.0,2007,
El Salvador,SV,SLV,222,ISO 3166-2:SV,Americas,Latin America and the Caribbean,Central America,19.0,419.0,13.0,2008,0.78
El Salvador,SV,SLV,222,ISO 3166-2:SV,Americas,Latin America and the Caribbean,Central America,19.0,419.0,13.0,2009,
El Salvador,SV,SLV,222,ISO 3166-2:SV,Americas,Latin America and the Caribbean,Central America,19.0,419.0,13.0,2010,0.92
El Salvador,SV,SLV,222,ISO 3166-2:SV,Americas,Latin America and the Caribbean,Central America,19.0,419.0,13.0,2011,
El Salvador,SV,SLV,222,ISO 3166-2:SV,Americas,Latin America and the Caribbean,Central America,19.0,419.0,13.0,2012,1.26
El Salvador,SV,SLV,222,ISO 3166-2:SV,Americas,Latin America and the Caribbean,Central America,19.0,419.0,13.0,2013,
El Salvador,SV,SLV,222,ISO 3166-2:SV,Americas,Latin America and the Caribbean,Central America,19.0,419.0,13.0,2014,1.12
El Salvador,SV,SLV,222,ISO 3166-2:SV,Americas,Latin America and the Caribbean,Central America,19.0,419.0,13.0,2015,
El Salvador,SV,SLV,222,ISO 3166-2:SV,Americas,Latin America and the Caribbean,Central America,19.0,419.0,13.0,2016,0.83
Equatorial Guinea,GQ,GNQ,226,ISO 3166-2:GQ,Africa,Sub-Saharan Africa,Middle Africa,2.0,202.0,17.0,,
Eritrea,ER,ERI,232,ISO 3166-2:ER,Africa,Sub-Saharan Africa,Eastern Africa,2.0,202.0,14.0,1991,
Eritrea,ER,ERI,232,ISO 3166-2:ER,Africa,Sub-Saharan Africa,Eastern Africa,2.0,202.0,14.0,1992,0.5
Eritrea,ER,ERI,232,ISO 3166-2:ER,Africa,Sub-Saharan Africa,Eastern Africa,2.0,202.0,14.0,1993,
Eritrea,ER,ERI,232,ISO 3166-2:ER,Africa,Sub-Saharan Africa,Eastern Africa,2.0,202.0,14.0,1994,
Eritrea,ER,ERI,232,ISO 3166-2:ER,Africa,Sub-Saharan Africa,Eastern Africa,2.0,202.0,14.0,1995,0.4
Eritrea,ER,ERI,232,ISO 3166-2:ER,Africa,Sub-Saharan Africa,Eastern Africa,2.0,202.0,14.0,1996,
Eritrea,ER,ERI,232,ISO 3166-2:ER,Africa,Sub-Saharan Africa,Eastern Africa,2.0,202.0,14.0,1997,
Eritrea,ER,ERI,232,ISO 3166-2:ER,Africa,Sub-Saharan Africa,Eastern Africa,2.0,202.0,14.0,1998,0.37
Eritrea,ER,ERI,232,ISO 3166-2:ER,Africa,Sub-Saharan Africa,Eastern Africa,2.0,202.0,14.0,1999,
Eritrea,ER,ERI,232,ISO 3166-2:ER,Africa,Sub-Saharan Africa,Eastern Africa,2.0,202.0,14.0,2000,0.56
Eritrea,ER,ERI,232,ISO 3166-2:ER,Africa,Sub-Saharan Africa,Eastern Africa,2.0,202.0,14.0,2001,
Eritrea,ER,ERI,232,ISO 3166-2:ER,Africa,Sub-Saharan Africa,Eastern Africa,2.0,202.0,14.0,2002,0.36
Eritrea,ER,ERI,232,ISO 3166-2:ER,Africa,Sub-Saharan Africa,Eastern Africa,2.0,202.0,14.0,2003,
Eritrea,ER,ERI,232,ISO 3166-2:ER,Africa,Sub-Saharan Africa,Eastern Africa,2.0,202.0,14.0,2004,0.8
Eritrea,ER,ERI,232,ISO 3166-2:ER,Africa,Sub-Saharan Africa,Eastern Africa,2.0,202.0,14.0,2005,
Eritrea,ER,ERI,232,ISO 3166-2:ER,Africa,Sub-Saharan Africa,Eastern Africa,2.0,202.0,14.0,2006,1.9
Eritrea,ER,ERI,232,ISO 3166-2:ER,Africa,Sub-Saharan Africa,Eastern Africa,2.0,202.0,14.0,2007,
Eritrea,ER,ERI,232,ISO 3166-2:ER,Africa,Sub-Saharan Africa,Eastern Africa,2.0,202.0,14.0,2008,2.53
Eritrea,ER,ERI,232,ISO 3166-2:ER,Africa,Sub-Saharan Africa,Eastern Africa,2.0,202.0,14.0,2009,
Eritrea,ER,ERI,232,ISO 3166-2:ER,Africa,Sub-Saharan Africa,Eastern Africa,2.0,202.0,14.0,2010,2.54
Eritrea,ER,ERI,232,ISO 3166-2:ER,Africa,Sub-Saharan Africa,Eastern Africa,2.0,202.0,14.0,2011,
Eritrea,ER,ERI,232,ISO 3166-2:ER,Africa,Sub-Saharan Africa,Eastern Africa,2.0,202.0,14.0,2012,2.49
Eritrea,ER,ERI,232,ISO 3166-2:ER,Africa,Sub-Saharan Africa,Eastern Africa,2.0,202.0,14.0,2013,
Eritrea,ER,ERI,232,ISO 3166-2:ER,Africa,Sub-Saharan Africa,Eastern Africa,2.0,202.0,14.0,2014,3.33
Eritrea,ER,ERI,232,ISO 3166-2:ER,Africa,Sub-Saharan Africa,Eastern Africa,2.0,202.0,14.0,2015,
Eritrea,ER,ERI,232,ISO 3166-2:ER,Africa,Sub-Saharan Africa,Eastern Africa,2.0,202.0,14.0,2016,2
Estonia,EE,EST,233,ISO 3166-2:EE,Europe,Northern Europe,,150.0,154.0,,1991,
Estonia,EE,EST,233,ISO 3166-2:EE,Europe,Northern Europe,,150.0,154.0,,1992,
Estonia,EE,EST,233,ISO 3166-2:EE,Europe,Northern Europe,,150.0,154.0,,1993,
Estonia,EE,EST,233,ISO 3166-2:EE,Europe,Northern Europe,,150.0,154.0,,1994,
Estonia,EE,EST,233,ISO 3166-2:EE,Europe,Northern Europe,,150.0,154.0,,1995,0.33
Estonia,EE,EST,233,ISO 3166-2:EE,Europe,Northern Europe,,150.0,154.0,,1996,
Estonia,EE,EST,233,ISO 3166-2:EE,Europe,Northern Europe,,150.0,154.0,,1997,
Estonia,EE,EST,233,ISO 3166-2:EE,Europe,Northern Europe,,150.0,154.0,,1998,0.45
Estonia,EE,EST,233,ISO 3166-2:EE,Europe,Northern Europe,,150.0,154.0,,1999,
Estonia,EE,EST,233,ISO 3166-2:EE,Europe,Northern Europe,,150.0,154.0,,2000,0.6
Estonia,EE,EST,233,ISO 3166-2:EE,Europe,Northern Europe,,150.0,154.0,,2001,
Estonia,EE,EST,233,ISO 3166-2:EE,Europe,Northern Europe,,150.0,154.0,,2002,0.58
Estonia,EE,EST,233,ISO 3166-2:EE,Europe,Northern Europe,,150.0,154.0,,2003,
Estonia,EE,EST,233,ISO 3166-2:EE,Europe,Northern Europe,,150.0,154.0,,2004,0.94
Estonia,EE,EST,233,ISO 3166-2:EE,Europe,Northern Europe,,150.0,154.0,,2005,
Estonia,EE,EST,233,ISO 3166-2:EE,Europe,Northern Europe,,150.0,154.0,,2006,1.23
Estonia,EE,EST,233,ISO 3166-2:EE,Europe,Northern Europe,,150.0,154.0,,2007,
Estonia,EE,EST,233,ISO 3166-2:EE,Europe,Northern Europe,,150.0,154.0,,2008,1.18
Estonia,EE,EST,233,ISO 3166-2:EE,Europe,Northern Europe,,150.0,154.0,,2009,
Estonia,EE,EST,233,ISO 3166-2:EE,Europe,Northern Europe,,150.0,154.0,,2010,1.54
Estonia,EE,EST,233,ISO 3166-2:EE,Europe,Northern Europe,,150.0,154.0,,2011,
Estonia,EE,EST,233,ISO 3166-2:EE,Europe,Northern Europe,,150.0,154.0,,2012,1.76
Estonia,EE,EST,233,ISO 3166-2:EE,Europe,Northern Europe,,150.0,154.0,,2013,
Estonia,EE,EST,233,ISO 3166-2:EE,Europe,Northern Europe,,150.0,154.0,,2014,1.46
Estonia,EE,EST,233,ISO 3166-2:EE,Europe,Northern Europe,,150.0,154.0,,2015,
Estonia,EE,EST,233,ISO 3166-2:EE,Europe,Northern Europe,,150.0,154.0,,2016,1.14
Eswatini,SZ,SWZ,748,ISO 3166-2:SZ,Africa,Sub-Saharan Africa,Southern Africa,2.0,202.0,18.0,1991,0.46
Eswatini,SZ,SWZ,748,ISO 3166-2:SZ,Africa,Sub-Saharan Africa,Southern Africa,2.0,202.0,18.0,1992,0.43
Eswatini,SZ,SWZ,748,ISO 3166-2:SZ,Africa,Sub-Saharan Africa,Southern Africa,2.0,202.0,18.0,1993,
Eswatini,SZ,SWZ,748,ISO 3166-2:SZ,Africa,Sub-Saharan Africa,Southern Africa,2.0,202.0,18.0,1994,
Eswatini,SZ,SWZ,748,ISO 3166-2:SZ,Africa,Sub-Saharan Africa,Southern Africa,2.0,202.0,18.0,1995,
Eswatini,SZ,SWZ,748,ISO 3166-2:SZ,Africa,Sub-Saharan Africa,Southern Africa,2.0,202.0,18.0,1996,
Eswatini,SZ,SWZ,748,ISO 3166-2:SZ,Africa,Sub-Saharan Africa,Southern Africa,2.0,202.0,18.0,1997,
Eswatini,SZ,SWZ,748,ISO 3166-2:SZ,Africa,Sub-Saharan Africa,Southern Africa,2.0,202.0,18.0,1998,0.37
Eswatini,SZ,SWZ,748,ISO 3166-2:SZ,Africa,Sub-Saharan Africa,Southern Africa,2.0,202.0,18.0,1999,
Eswatini,SZ,SWZ,748,ISO 3166-2:SZ,Africa,Sub-Saharan Africa,Southern Africa,2.0,202.0,18.0,2000,0.47
Eswatini,SZ,SWZ,748,ISO 3166-2:SZ,Africa,Sub-Saharan Africa,Southern Africa,2.0,202.0,18.0,2001,
Eswatini,SZ,SWZ,748,ISO 3166-2:SZ,Africa,Sub-Saharan Africa,Southern Africa,2.0,202.0,18.0,2002,
Eswatini,SZ,SWZ,748,ISO 3166-2:SZ,Africa,Sub-Saharan Africa,Southern Africa,2.0,202.0,18.0,2003,
Eswatini,SZ,SWZ,748,ISO 3166-2:SZ,Africa,Sub-Saharan Africa,Southern Africa,2.0,202.0,18.0,2004,0.76
Eswatini,SZ,SWZ,748,ISO 3166-2:SZ,Africa,Sub-Saharan Africa,Southern Africa,2.0,202.0,18.0,2005,
Eswatini,SZ,SWZ,748,ISO 3166-2:SZ,Africa,Sub-Saharan Africa,Southern Africa,2.0,202.0,18.0,2006,0.8
Eswatini,SZ,SWZ,748,ISO 3166-2:SZ,Africa,Sub-Saharan Africa,Southern Africa,2.0,202.0,18.0,2007,
Eswatini,SZ,SWZ,748,ISO 3166-2:SZ,Africa,Sub-Saharan Africa,Southern Africa,2.0,202.0,18.0,2008,0.86
Eswatini,SZ,SWZ,748,ISO 3166-2:SZ,Africa,Sub-Saharan Africa,Southern Africa,2.0,202.0,18.0,2009,
Eswatini,SZ,SWZ,748,ISO 3166-2:SZ,Africa,Sub-Saharan Africa,Southern Africa,2.0,202.0,18.0,2010,1.07
Eswatini,SZ,SWZ,748,ISO 3166-2:SZ,Africa,Sub-Saharan Africa,Southern Africa,2.0,202.0,18.0,2011,
Eswatini,SZ,SWZ,748,ISO 3166-2:SZ,Africa,Sub-Saharan Africa,Southern Africa,2.0,202.0,18.0,2012,1.3
Eswatini,SZ,SWZ,748,ISO 3166-2:SZ,Africa,Sub-Saharan Africa,Southern Africa,2.0,202.0,18.0,2013,
Eswatini,SZ,SWZ,748,ISO 3166-2:SZ,Africa,Sub-Saharan Africa,Southern Africa,2.0,202.0,18.0,2014,1.14
Eswatini,SZ,SWZ,748,ISO 3166-2:SZ,Africa,Sub-Saharan Africa,Southern Africa,2.0,202.0,18.0,2015,
Eswatini,SZ,SWZ,748,ISO 3166-2:SZ,Africa,Sub-Saharan Africa,Southern Africa,2.0,202.0,18.0,2016,0.77
Ethiopia,ET,ETH,231,ISO 3166-2:ET,Africa,Sub-Saharan Africa,Eastern Africa,2.0,202.0,14.0,1991,0.27
Ethiopia,ET,ETH,231,ISO 3166-2:ET,Africa,Sub-Saharan Africa,Eastern Africa,2.0,202.0,14.0,1992,0.26
Ethiopia,ET,ETH,231,ISO 3166-2:ET,Africa,Sub-Saharan Africa,Eastern Africa,2.0,202.0,14.0,1993,
Ethiopia,ET,ETH,231,ISO 3166-2:ET,Africa,Sub-Saharan Africa,Eastern Africa,2.0,202.0,14.0,1994,
Ethiopia,ET,ETH,231,ISO 3166-2:ET,Africa,Sub-Saharan Africa,Eastern Africa,2.0,202.0,14.0,1995,0.32
Ethiopia,ET,ETH,231,ISO 3166-2:ET,Africa,Sub-Saharan Africa,Eastern Africa,2.0,202.0,14.0,1996,
Ethiopia,ET,ETH,231,ISO 3166-2:ET,Africa,Sub-Saharan Africa,Eastern Africa,2.0,202.0,14.0,1997,
Ethiopia,ET,ETH,231,ISO 3166-2:ET,Africa,Sub-Saharan Africa,Eastern Africa,2.0,202.0,14.0,1998,0.36
Ethiopia,ET,ETH,231,ISO 3166-2:ET,Africa,Sub-Saharan Africa,Eastern Africa,2.0,202.0,14.0,1999,
Ethiopia,ET,ETH,231,ISO 3166-2:ET,Africa,Sub-Saharan Africa,Eastern Africa,2.0,202.0,14.0,2000,0.46
Ethiopia,ET,ETH,231,ISO 3166-2:ET,Africa,Sub-Saharan Africa,Eastern Africa,2.0,202.0,14.0,2001,
Ethiopia,ET,ETH,231,ISO 3166-2:ET,Africa,Sub-Saharan Africa,Eastern Africa,2.0,202.0,14.0,2002,0.52
Ethiopia,ET,ETH,231,ISO 3166-2:ET,Africa,Sub-Saharan Africa,Eastern Africa,2.0,202.0,14.0,2003,
Ethiopia,ET,ETH,231,ISO 3166-2:ET,Africa,Sub-Saharan Africa,Eastern Africa,2.0,202.0,14.0,2004,0.6
Ethiopia,ET,ETH,231,ISO 3166-2:ET,Africa,Sub-Saharan Africa,Eastern Africa,2.0,202.0,14.0,2005,
Ethiopia,ET,ETH,231,ISO 3166-2:ET,Africa,Sub-Saharan Africa,Eastern Africa,2.0,202.0,14.0,2006,0.93
Ethiopia,ET,ETH,231,ISO 3166-2:ET,Africa,Sub-Saharan Africa,Eastern Africa,2.0,202.0,14.0,2007,
Ethiopia,ET,ETH,231,ISO 3166-2:ET,Africa,Sub-Saharan Africa,Eastern Africa,2.0,202.0,14.0,2008,0.92
Ethiopia,ET,ETH,231,ISO 3166-2:ET,Africa,Sub-Saharan Africa,Eastern Africa,2.0,202.0,14.0,2009,
Ethiopia,ET,ETH,231,ISO 3166-2:ET,Africa,Sub-Saharan Africa,Eastern Africa,2.0,202.0,14.0,2010,0.91
Ethiopia,ET,ETH,231,ISO 3166-2:ET,Africa,Sub-Saharan Africa,Eastern Africa,2.0,202.0,14.0,2011,
Ethiopia,ET,ETH,231,ISO 3166-2:ET,Africa,Sub-Saharan Africa,Eastern Africa,2.0,202.0,14.0,2012,1.05
Ethiopia,ET,ETH,231,ISO 3166-2:ET,Africa,Sub-Saharan Africa,Eastern Africa,2.0,202.0,14.0,2013,
Ethiopia,ET,ETH,231,ISO 3166-2:ET,Africa,Sub-Saharan Africa,Eastern Africa,2.0,202.0,14.0,2014,0.99
Ethiopia,ET,ETH,231,ISO 3166-2:ET,Africa,Sub-Saharan Africa,Eastern Africa,2.0,202.0,14.0,2015,
Ethiopia,ET,ETH,231,ISO 3166-2:ET,Africa,Sub-Saharan Africa,Eastern Africa,2.0,202.0,14.0,2016,0.75
Falkland Islands (Malvinas),FK,FLK,238,ISO 3166-2:FK,Americas,Latin America and the Caribbean,South America,19.0,419.0,5.0,,
Faroe Islands,FO,FRO,234,ISO 3166-2:FO,Europe,Northern Europe,,150.0,154.0,,,
Fiji,FJ,FJI,242,ISO 3166-2:FJ,Oceania,Melanesia,,9.0,54.0,,1991,
Fiji,FJ,FJI,242,ISO 3166-2:FJ,Oceania,Melanesia,,9.0,54.0,,1992,
Fiji,FJ,FJI,242,ISO 3166-2:FJ,Oceania,Melanesia,,9.0,54.0,,1993,
Fiji,FJ,FJI,242,ISO 3166-2:FJ,Oceania,Melanesia,,9.0,54.0,,1994,
Fiji,FJ,FJI,242,ISO 3166-2:FJ,Oceania,Melanesia,,9.0,54.0,,1995,
Fiji,FJ,FJI,242,ISO 3166-2:FJ,Oceania,Melanesia,,9.0,54.0,,1996,
Fiji,FJ,FJI,242,ISO 3166-2:FJ,Oceania,Melanesia,,9.0,54.0,,1997,
Fiji,FJ,FJI,242,ISO 3166-2:FJ,Oceania,Melanesia,,9.0,54.0,,1998,0.5
Fiji,FJ,FJI,242,ISO 3166-2:FJ,Oceania,Melanesia,,9.0,54.0,,1999,
Fiji,FJ,FJI,242,ISO 3166-2:FJ,Oceania,Melanesia,,9.0,54.0,,2000,
Fiji,FJ,FJI,242,ISO 3166-2:FJ,Oceania,Melanesia,,9.0,54.0,,2001,
Fiji,FJ,FJI,242,ISO 3166-2:FJ,Oceania,Melanesia,,9.0,54.0,,2002,
Fiji,FJ,FJI,242,ISO 3166-2:FJ,Oceania,Melanesia,,9.0,54.0,,2003,
Fiji,FJ,FJI,242,ISO 3166-2:FJ,Oceania,Melanesia,,9.0,54.0,,2004,0.91
Fiji,FJ,FJI,242,ISO 3166-2:FJ,Oceania,Melanesia,,9.0,54.0,,2005,
Fiji,FJ,FJI,242,ISO 3166-2:FJ,Oceania,Melanesia,,9.0,54.0,,2006,1.07
Fiji,FJ,FJI,242,ISO 3166-2:FJ,Oceania,Melanesia,,9.0,54.0,,2007,
Fiji,FJ,FJI,242,ISO 3166-2:FJ,Oceania,Melanesia,,9.0,54.0,,2008,1.15
Fiji,FJ,FJI,242,ISO 3166-2:FJ,Oceania,Melanesia,,9.0,54.0,,2009,
Fiji,FJ,FJI,242,ISO 3166-2:FJ,Oceania,Melanesia,,9.0,54.0,,2010,
Fiji,FJ,FJI,242,ISO 3166-2:FJ,Oceania,Melanesia,,9.0,54.0,,2011,
Fiji,FJ,FJI,242,ISO 3166-2:FJ,Oceania,Melanesia,,9.0,54.0,,2012,1.41
Fiji,FJ,FJI,242,ISO 3166-2:FJ,Oceania,Melanesia,,9.0,54.0,,2013,
Fiji,FJ,FJI,242,ISO 3166-2:FJ,Oceania,Melanesia,,9.0,54.0,,2014,1.34
Fiji,FJ,FJI,242,ISO 3166-2:FJ,Oceania,Melanesia,,9.0,54.0,,2015,
Fiji,FJ,FJI,242,ISO 3166-2:FJ,Oceania,Melanesia,,9.0,54.0,,2016,0.82
Finland,FI,FIN,246,ISO 3166-2:FI,Europe,Northern Europe,,150.0,154.0,,1991,
Finland,FI,FIN,246,ISO 3166-2:FI,Europe,Northern Europe,,150.0,154.0,,1992,
Finland,FI,FIN,246,ISO 3166-2:FI,Europe,Northern Europe,,150.0,154.0,,1993,
Finland,FI,FIN,246,ISO 3166-2:FI,Europe,Northern Europe,,150.0,154.0,,1994,
Finland,FI,FIN,246,ISO 3166-2:FI,Europe,Northern Europe,,150.0,154.0,,1995,1.2
Finland,FI,FIN,246,ISO 3166-2:FI,Europe,Northern Europe,,150.0,154.0,,1996,
Finland,FI,FIN,246,ISO 3166-2:FI,Europe,Northern Europe,,150.0,154.0,,1997,
Finland,FI,FIN,246,ISO 3166-2:FI,Europe,Northern Europe,,150.0,154.0,,1998,1.17
Finland,FI,FIN,246,ISO 3166-2:FI,Europe,Northern Europe,,150.0,154.0,,1999,
Finland,FI,FIN,246,ISO 3166-2:FI,Europe,Northern Europe,,150.0,154.0,,2000,1.06
Finland,FI,FIN,246,ISO 3166-2:FI,Europe,Northern Europe,,150.0,154.0,,2001,
Finland,FI,FIN,246,ISO 3166-2:FI,Europe,Northern Europe,,150.0,154.0,,2002,1.12
Finland,FI,FIN,246,ISO 3166-2:FI,Europe,Northern Europe,,150.0,154.0,,2003,
Finland,FI,FIN,246,ISO 3166-2:FI,Europe,Northern Europe,,150.0,154.0,,2004,1.54
Finland,FI,FIN,246,ISO 3166-2:FI,Europe,Northern Europe,,150.0,154.0,,2005,
Finland,FI,FIN,246,ISO 3166-2:FI,Europe,Northern Europe,,150.0,154.0,,2006,1.55
Finland,FI,FIN,246,ISO 3166-2:FI,Europe,Northern Europe,,150.0,154.0,,2007,
Finland,FI,FIN,246,ISO 3166-2:FI,Europe,Northern Europe,,150.0,154.0,,2008,1.57
Finland,FI,FIN,246,ISO 3166-2:FI,Europe,Northern Europe,,150.0,154.0,,2009,
Finland,FI,FIN,246,ISO 3166-2:FI,Europe,Northern Europe,,150.0,154.0,,2010,1.94
Finland,FI,FIN,246,ISO 3166-2:FI,Europe,Northern Europe,,150.0,154.0,,2011,
Finland,FI,FIN,246,ISO 3166-2:FI,Europe,Northern Europe,,150.0,154.0,,2012,2.08
Finland,FI,FIN,246,ISO 3166-2:FI,Europe,Northern Europe,,150.0,154.0,,2013,
Finland,FI,FIN,246,ISO 3166-2:FI,Europe,Northern Europe,,150.0,154.0,,2014,1.89
Finland,FI,FIN,246,ISO 3166-2:FI,Europe,Northern Europe,,150.0,154.0,,2015,
Finland,FI,FIN,246,ISO 3166-2:FI,Europe,Northern Europe,,150.0,154.0,,2016,1.45
France,FR,FRA,250,ISO 3166-2:FR,Europe,Western Europe,,150.0,155.0,,1991,
France,FR,FRA,250,ISO 3166-2:FR,Europe,Western Europe,,150.0,155.0,,1992,
France,FR,FRA,250,ISO 3166-2:FR,Europe,Western Europe,,150.0,155.0,,1993,
France,FR,FRA,250,ISO 3166-2:FR,Europe,Western Europe,,150.0,155.0,,1994,
France,FR,FRA,250,ISO 3166-2:FR,Europe,Western Europe,,150.0,155.0,,1995,1.17
France,FR,FRA,250,ISO 3166-2:FR,Europe,Western Europe,,150.0,155.0,,1996,
France,FR,FRA,250,ISO 3166-2:FR,Europe,Western Europe,,150.0,155.0,,1997,
France,FR,FRA,250,ISO 3166-2:FR,Europe,Western Europe,,150.0,155.0,,1998,1.11
France,FR,FRA,250,ISO 3166-2:FR,Europe,Western Europe,,150.0,155.0,,1999,
France,FR,FRA,250,ISO 3166-2:FR,Europe,Western Europe,,150.0,155.0,,2000,0.99
France,FR,FRA,250,ISO 3166-2:FR,Europe,Western Europe,,150.0,155.0,,2001,
France,FR,FRA,250,ISO 3166-2:FR,Europe,Western Europe,,150.0,155.0,,2002,1.05
France,FR,FRA,250,ISO 3166-2:FR,Europe,Western Europe,,150.0,155.0,,2003,
France,FR,FRA,250,ISO 3166-2:FR,Europe,Western Europe,,150.0,155.0,,2004,1.42
France,FR,FRA,250,ISO 3166-2:FR,Europe,Western Europe,,150.0,155.0,,2005,
France,FR,FRA,250,ISO 3166-2:FR,Europe,Western Europe,,150.0,155.0,,2006,1.48
France,FR,FRA,250,ISO 3166-2:FR,Europe,Western Europe,,150.0,155.0,,2007,
France,FR,FRA,250,ISO 3166-2:FR,Europe,Western Europe,,150.0,155.0,,2008,1.52
France,FR,FRA,250,ISO 3166-2:FR,Europe,Western Europe,,150.0,155.0,,2009,
France,FR,FRA,250,ISO 3166-2:FR,Europe,Western Europe,,150.0,155.0,,2010,1.98
France,FR,FRA,250,ISO 3166-2:FR,Europe,Western Europe,,150.0,155.0,,2011,
France,FR,FRA,250,ISO 3166-2:FR,Europe,Western Europe,,150.0,155.0,,2012,1.91
France,FR,FRA,250,ISO 3166-2:FR,Europe,Western Europe,,150.0,155.0,,2013,
France,FR,FRA,250,ISO 3166-2:FR,Europe,Western Europe,,150.0,155.0,,2014,1.79
France,FR,FRA,250,ISO 3166-2:FR,Europe,Western Europe,,150.0,155.0,,2015,
France,FR,FRA,250,ISO 3166-2:FR,Europe,Western Europe,,150.0,155.0,,2016,1.39
French Guiana,GF,GUF,254,ISO 3166-2:GF,Americas,Latin America and the Caribbean,South America,19.0,419.0,5.0,,
French Polynesia,PF,PYF,258,ISO 3166-2:PF,Oceania,Polynesia,,9.0,61.0,,1991,
French Polynesia,PF,PYF,258,ISO 3166-2:PF,Oceania,Polynesia,,9.0,61.0,,1992,
French Polynesia,PF,PYF,258,ISO 3166-2:PF,Oceania,Polynesia,,9.0,61.0,,1993,
French Polynesia,PF,PYF,258,ISO 3166-2:PF,Oceania,Polynesia,,9.0,61.0,,1994,
French Polynesia,PF,PYF,258,ISO 3166-2:PF,Oceania,Polynesia,,9.0,61.0,,1995,
French Polynesia,PF,PYF,258,ISO 3166-2:PF,Oceania,Polynesia,,9.0,61.0,,1996,
French Polynesia,PF,PYF,258,ISO 3166-2:PF,Oceania,Polynesia,,9.0,61.0,,1997,
French Polynesia,PF,PYF,258,ISO 3166-2:PF,Oceania,Polynesia,,9.0,61.0,,1998,
French Polynesia,PF,PYF,258,ISO 3166-2:PF,Oceania,Polynesia,,9.0,61.0,,1999,
French Polynesia,PF,PYF,258,ISO 3166-2:PF,Oceania,Polynesia,,9.0,61.0,,2000,
French Polynesia,PF,PYF,258,ISO 3166-2:PF,Oceania,Polynesia,,9.0,61.0,,2001,
French Polynesia,PF,PYF,258,ISO 3166-2:PF,Oceania,Polynesia,,9.0,61.0,,2002,
French Polynesia,PF,PYF,258,ISO 3166-2:PF,Oceania,Polynesia,,9.0,61.0,,2003,
French Polynesia,PF,PYF,258,ISO 3166-2:PF,Oceania,Polynesia,,9.0,61.0,,2004,
French Polynesia,PF,PYF,258,ISO 3166-2:PF,Oceania,Polynesia,,9.0,61.0,,2005,
French Polynesia,PF,PYF,258,ISO 3166-2:PF,Oceania,Polynesia,,9.0,61.0,,2006,1.49
French Polynesia,PF,PYF,258,ISO 3166-2:PF,Oceania,Polynesia,,9.0,61.0,,2007,
French Polynesia,PF,PYF,258,ISO 3166-2:PF,Oceania,Polynesia,,9.0,61.0,,2008,1.58
French Polynesia,PF,PYF,258,ISO 3166-2:PF,Oceania,Polynesia,,9.0,61.0,,2009,
French Polynesia,PF,PYF,258,ISO 3166-2:PF,Oceania,Polynesia,,9.0,61.0,,2010,1.7
French Polynesia,PF,PYF,258,ISO 3166-2:PF,Oceania,Polynesia,,9.0,61.0,,2011,
French Polynesia,PF,PYF,258,ISO 3166-2:PF,Oceania,Polynesia,,9.0,61.0,,2012,
French Polynesia,PF,PYF,258,ISO 3166-2:PF,Oceania,Polynesia,,9.0,61.0,,2013,
French Polynesia,PF,PYF,258,ISO 3166-2:PF,Oceania,Polynesia,,9.0,61.0,,2014,
French Polynesia,PF,PYF,258,ISO 3166-2:PF,Oceania,Polynesia,,9.0,61.0,,2015,
French Polynesia,PF,PYF,258,ISO 3166-2:PF,Oceania,Polynesia,,9.0,61.0,,2016,
French Southern Territories,TF,ATF,260,ISO 3166-2:TF,Africa,Sub-Saharan Africa,Eastern Africa,2.0,202.0,14.0,,
Gabon,GA,GAB,266,ISO 3166-2:GA,Africa,Sub-Saharan Africa,Middle Africa,2.0,202.0,17.0,1991,1.18
Gabon,GA,GAB,266,ISO 3166-2:GA,Africa,Sub-Saharan Africa,Middle Africa,2.0,202.0,17.0,1992,1.16
Gabon,GA,GAB,266,ISO 3166-2:GA,Africa,Sub-Saharan Africa,Middle Africa,2.0,202.0,17.0,1993,
Gabon,GA,GAB,266,ISO 3166-2:GA,Africa,Sub-Saharan Africa,Middle Africa,2.0,202.0,17.0,1994,
Gabon,GA,GAB,266,ISO 3166-2:GA,Africa,Sub-Saharan Africa,Middle Africa,2.0,202.0,17.0,1995,
Gabon,GA,GAB,266,ISO 3166-2:GA,Africa,Sub-Saharan Africa,Middle Africa,2.0,202.0,17.0,1996,
Gabon,GA,GAB,266,ISO 3166-2:GA,Africa,Sub-Saharan Africa,Middle Africa,2.0,202.0,17.0,1997,
Gabon,GA,GAB,266,ISO 3166-2:GA,Africa,Sub-Saharan Africa,Middle Africa,2.0,202.0,17.0,1998,0.63
Gabon,GA,GAB,266,ISO 3166-2:GA,Africa,Sub-Saharan Africa,Middle Africa,2.0,202.0,17.0,1999,
Gabon,GA,GAB,266,ISO 3166-2:GA,Africa,Sub-Saharan Africa,Middle Africa,2.0,202.0,17.0,2000,0.53
Gabon,GA,GAB,266,ISO 3166-2:GA,Africa,Sub-Saharan Africa,Middle Africa,2.0,202.0,17.0,2001,
Gabon,GA,GAB,266,ISO 3166-2:GA,Africa,Sub-Saharan Africa,Middle Africa,2.0,202.0,17.0,2002,0.69
Gabon,GA,GAB,266,ISO 3166-2:GA,Africa,Sub-Saharan Africa,Middle Africa,2.0,202.0,17.0,2003,
Gabon,GA,GAB,266,ISO 3166-2:GA,Africa,Sub-Saharan Africa,Middle Africa,2.0,202.0,17.0,2004,0.9
Gabon,GA,GAB,266,ISO 3166-2:GA,Africa,Sub-Saharan Africa,Middle Africa,2.0,202.0,17.0,2005,
Gabon,GA,GAB,266,ISO 3166-2:GA,Africa,Sub-Saharan Africa,Middle Africa,2.0,202.0,17.0,2006,0.64
Gabon,GA,GAB,266,ISO 3166-2:GA,Africa,Sub-Saharan Africa,Middle Africa,2.0,202.0,17.0,2007,
Gabon,GA,GAB,266,ISO 3166-2:GA,Africa,Sub-Saharan Africa,Middle Africa,2.0,202.0,17.0,2008,1.14
Gabon,GA,GAB,266,ISO 3166-2:GA,Africa,Sub-Saharan Africa,Middle Africa,2.0,202.0,17.0,2009,
Gabon,GA,GAB,266,ISO 3166-2:GA,Africa,Sub-Saharan Africa,Middle Africa,2.0,202.0,17.0,2010,
Gabon,GA,GAB,266,ISO 3166-2:GA,Africa,Sub-Saharan Africa,Middle Africa,2.0,202.0,17.0,2011,
Gabon,GA,GAB,266,ISO 3166-2:GA,Africa,Sub-Saharan Africa,Middle Africa,2.0,202.0,17.0,2012,1.04
Gabon,GA,GAB,266,ISO 3166-2:GA,Africa,Sub-Saharan Africa,Middle Africa,2.0,202.0,17.0,2013,
Gabon,GA,GAB,266,ISO 3166-2:GA,Africa,Sub-Saharan Africa,Middle Africa,2.0,202.0,17.0,2014,1.02
Gabon,GA,GAB,266,ISO 3166-2:GA,Africa,Sub-Saharan Africa,Middle Africa,2.0,202.0,17.0,2015,
Gabon,GA,GAB,266,ISO 3166-2:GA,Africa,Sub-Saharan Africa,Middle Africa,2.0,202.0,17.0,2016,0.92
Gambia,GM,GMB,270,ISO 3166-2:GM,Africa,Sub-Saharan Africa,Western Africa,2.0,202.0,11.0,1991,0.73
Gambia,GM,GMB,270,ISO 3166-2:GM,Africa,Sub-Saharan Africa,Western Africa,2.0,202.0,11.0,1992,0.67
Gambia,GM,GMB,270,ISO 3166-2:GM,Africa,Sub-Saharan Africa,Western Africa,2.0,202.0,11.0,1993,
Gambia,GM,GMB,270,ISO 3166-2:GM,Africa,Sub-Saharan Africa,Western Africa,2.0,202.0,11.0,1994,
Gambia,GM,GMB,270,ISO 3166-2:GM,Africa,Sub-Saharan Africa,Western Africa,2.0,202.0,11.0,1995,
Gambia,GM,GMB,270,ISO 3166-2:GM,Africa,Sub-Saharan Africa,Western Africa,2.0,202.0,11.0,1996,
Gambia,GM,GMB,270,ISO 3166-2:GM,Africa,Sub-Saharan Africa,Western Africa,2.0,202.0,11.0,1997,
Gambia,GM,GMB,270,ISO 3166-2:GM,Africa,Sub-Saharan Africa,Western Africa,2.0,202.0,11.0,1998,0.83
Gambia,GM,GMB,270,ISO 3166-2:GM,Africa,Sub-Saharan Africa,Western Africa,2.0,202.0,11.0,1999,
Gambia,GM,GMB,270,ISO 3166-2:GM,Africa,Sub-Saharan Africa,Western Africa,2.0,202.0,11.0,2000,0.64
Gambia,GM,GMB,270,ISO 3166-2:GM,Africa,Sub-Saharan Africa,Western Africa,2.0,202.0,11.0,2001,
Gambia,GM,GMB,270,ISO 3166-2:GM,Africa,Sub-Saharan Africa,Western Africa,2.0,202.0,11.0,2002,0.46
Gambia,GM,GMB,270,ISO 3166-2:GM,Africa,Sub-Saharan Africa,Western Africa,2.0,202.0,11.0,2003,
Gambia,GM,GMB,270,ISO 3166-2:GM,Africa,Sub-Saharan Africa,Western Africa,2.0,202.0,11.0,2004,0.75
Gambia,GM,GMB,270,ISO 3166-2:GM,Africa,Sub-Saharan Africa,Western Africa,2.0,202.0,11.0,2005,
Gambia,GM,GMB,270,ISO 3166-2:GM,Africa,Sub-Saharan Africa,Western Africa,2.0,202.0,11.0,2006,1.08
Gambia,GM,GMB,270,ISO 3166-2:GM,Africa,Sub-Saharan Africa,Western Africa,2.0,202.0,11.0,2007,
Gambia,GM,GMB,270,ISO 3166-2:GM,Africa,Sub-Saharan Africa,Western Africa,2.0,202.0,11.0,2008,0.79
Gambia,GM,GMB,270,ISO 3166-2:GM,Africa,Sub-Saharan Africa,Western Africa,2.0,202.0,11.0,2009,
Gambia,GM,GMB,270,ISO 3166-2:GM,Africa,Sub-Saharan Africa,Western Africa,2.0,202.0,11.0,2010,
Gambia,GM,GMB,270,ISO 3166-2:GM,Africa,Sub-Saharan Africa,Western Africa,2.0,202.0,11.0,2011,
Gambia,GM,GMB,270,ISO 3166-2:GM,Africa,Sub-Saharan Africa,Western Africa,2.0,202.0,11.0,2012,
Gambia,GM,GMB,270,ISO 3166-2:GM,Africa,Sub-Saharan Africa,Western Africa,2.0,202.0,11.0,2013,
Gambia,GM,GMB,270,ISO 3166-2:GM,Africa,Sub-Saharan Africa,Western Africa,2.0,202.0,11.0,2014,1.37
Gambia,GM,GMB,270,ISO 3166-2:GM,Africa,Sub-Saharan Africa,Western Africa,2.0,202.0,11.0,2015,
Gambia,GM,GMB,270,ISO 3166-2:GM,Africa,Sub-Saharan Africa,Western Africa,2.0,202.0,11.0,2016,1.18
Georgia,GE,GEO,268,ISO 3166-2:GE,Asia,Western Asia,,142.0,145.0,,1991,
Georgia,GE,GEO,268,ISO 3166-2:GE,Asia,Western Asia,,142.0,145.0,,1992,
Georgia,GE,GEO,268,ISO 3166-2:GE,Asia,Western Asia,,142.0,145.0,,1993,
Georgia,GE,GEO,268,ISO 3166-2:GE,Asia,Western Asia,,142.0,145.0,,1994,
Georgia,GE,GEO,268,ISO 3166-2:GE,Asia,Western Asia,,142.0,145.0,,1995,
Georgia,GE,GEO,268,ISO 3166-2:GE,Asia,Western Asia,,142.0,145.0,,1996,
Georgia,GE,GEO,268,ISO 3166-2:GE,Asia,Western Asia,,142.0,145.0,,1997,
Georgia,GE,GEO,268,ISO 3166-2:GE,Asia,Western Asia,,142.0,145.0,,1998,0.46
Georgia,GE,GEO,268,ISO 3166-2:GE,Asia,Western Asia,,142.0,145.0,,1999,
Georgia,GE,GEO,268,ISO 3166-2:GE,Asia,Western Asia,,142.0,145.0,,2000,
Georgia,GE,GEO,268,ISO 3166-2:GE,Asia,Western Asia,,142.0,145.0,,2001,
Georgia,GE,GEO,268,ISO 3166-2:GE,Asia,Western Asia,,142.0,145.0,,2002,0.48
Georgia,GE,GEO,268,ISO 3166-2:GE,Asia,Western Asia,,142.0,145.0,,2003,
Georgia,GE,GEO,268,ISO 3166-2:GE,Asia,Western Asia,,142.0,145.0,,2004,0.73
Georgia,GE,GEO,268,ISO 3166-2:GE,Asia,Western Asia,,142.0,145.0,,2005,
Georgia,GE,GEO,268,ISO 3166-2:GE,Asia,Western Asia,,142.0,145.0,,2006,0.86
Georgia,GE,GEO,268,ISO 3166-2:GE,Asia,Western Asia,,142.0,145.0,,2007,
Georgia,GE,GEO,268,ISO 3166-2:GE,Asia,Western Asia,,142.0,145.0,,2008,1.09
Georgia,GE,GEO,268,ISO 3166-2:GE,Asia,Western Asia,,142.0,145.0,,2009,
Georgia,GE,GEO,268,ISO 3166-2:GE,Asia,Western Asia,,142.0,145.0,,2010,1.13
Georgia,GE,GEO,268,ISO 3166-2:GE,Asia,Western Asia,,142.0,145.0,,2011,
Georgia,GE,GEO,268,ISO 3166-2:GE,Asia,Western Asia,,142.0,145.0,,2012,1.34
Georgia,GE,GEO,268,ISO 3166-2:GE,Asia,Western Asia,,142.0,145.0,,2013,
Georgia,GE,GEO,268,ISO 3166-2:GE,Asia,Western Asia,,142.0,145.0,,2014,1.24
Georgia,GE,GEO,268,ISO 3166-2:GE,Asia,Western Asia,,142.0,145.0,,2015,
Georgia,GE,GEO,268,ISO 3166-2:GE,Asia,Western Asia,,142.0,145.0,,2016,0.76
Germany,DE,DEU,276,ISO 3166-2:DE,Europe,Western Europe,,150.0,155.0,,1991,
Germany,DE,DEU,276,ISO 3166-2:DE,Europe,Western Europe,,150.0,155.0,,1992,
Germany,DE,DEU,276,ISO 3166-2:DE,Europe,Western Europe,,150.0,155.0,,1993,
Germany,DE,DEU,276,ISO 3166-2:DE,Europe,Western Europe,,150.0,155.0,,1994,
Germany,DE,DEU,276,ISO 3166-2:DE,Europe,Western Europe,,150.0,155.0,,1995,1.12
Germany,DE,DEU,276,ISO 3166-2:DE,Europe,Western Europe,,150.0,155.0,,1996,
Germany,DE,DEU,276,ISO 3166-2:DE,Europe,Western Europe,,150.0,155.0,,1997,
Germany,DE,DEU,276,ISO 3166-2:DE,Europe,Western Europe,,150.0,155.0,,1998,0.96
Germany,DE,DEU,276,ISO 3166-2:DE,Europe,Western Europe,,150.0,155.0,,1999,
Germany,DE,DEU,276,ISO 3166-2:DE,Europe,Western Europe,,150.0,155.0,,2000,0.91
Germany,DE,DEU,276,ISO 3166-2:DE,Europe,Western Europe,,150.0,155.0,,2001,
Germany,DE,DEU,276,ISO 3166-2:DE,Europe,Western Europe,,150.0,155.0,,2002,1.03
Germany,DE,DEU,276,ISO 3166-2:DE,Europe,Western Europe,,150.0,155.0,,2003,
Germany,DE,DEU,276,ISO 3166-2:DE,Europe,Western Europe,,150.0,155.0,,2004,1.46
Germany,DE,DEU,276,ISO 3166-2:DE,Europe,Western Europe,,150.0,155.0,,2005,
Germany,DE,DEU,276,ISO 3166-2:DE,Europe,Western Europe,,150.0,155.0,,2006,1.55
Germany,DE,DEU,276,ISO 3166-2:DE,Europe,Western Europe,,150.0,155.0,,2007,
Germany,DE,DEU,276,ISO 3166-2:DE,Europe,Western Europe,,150.0,155.0,,2008,1.56
Germany,DE,DEU,276,ISO 3166-2:DE,Europe,Western Europe,,150.0,155.0,,2009,
Germany,DE,DEU,276,ISO 3166-2:DE,Europe,Western Europe,,150.0,155.0,,2010,1.9
Germany,DE,DEU,276,ISO 3166-2:DE,Europe,Western Europe,,150.0,155.0,,2011,
Germany,DE,DEU,276,ISO 3166-2:DE,Europe,Western Europe,,150.0,155.0,,2012,1.96
Germany,DE,DEU,276,ISO 3166-2:DE,Europe,Western Europe,,150.0,155.0,,2013,
Germany,DE,DEU,276,ISO 3166-2:DE,Europe,Western Europe,,150.0,155.0,,2014,1.8
Germany,DE,DEU,276,ISO 3166-2:DE,Europe,Western Europe,,150.0,155.0,,2015,
Germany,DE,DEU,276,ISO 3166-2:DE,Europe,Western Europe,,150.0,155.0,,2016,1.39
Ghana,GH,GHA,288,ISO 3166-2:GH,Africa,Sub-Saharan Africa,Western Africa,2.0,202.0,11.0,1991,0.53
Ghana,GH,GHA,288,ISO 3166-2:GH,Africa,Sub-Saharan Africa,Western Africa,2.0,202.0,11.0,1992,0.53
Ghana,GH,GHA,288,ISO 3166-2:GH,Africa,Sub-Saharan Africa,Western Africa,2.0,202.0,11.0,1993,
Ghana,GH,GHA,288,ISO 3166-2:GH,Africa,Sub-Saharan Africa,Western Africa,2.0,202.0,11.0,1994,
Ghana,GH,GHA,288,ISO 3166-2:GH,Africa,Sub-Saharan Africa,Western Africa,2.0,202.0,11.0,1995,0.38
Ghana,GH,GHA,288,ISO 3166-2:GH,Africa,Sub-Saharan Africa,Western Africa,2.0,202.0,11.0,1996,
Ghana,GH,GHA,288,ISO 3166-2:GH,Africa,Sub-Saharan Africa,Western Africa,2.0,202.0,11.0,1997,
Ghana,GH,GHA,288,ISO 3166-2:GH,Africa,Sub-Saharan Africa,Western Africa,2.0,202.0,11.0,1998,0.32
Ghana,GH,GHA,288,ISO 3166-2:GH,Africa,Sub-Saharan Africa,Western Africa,2.0,202.0,11.0,1999,
Ghana,GH,GHA,288,ISO 3166-2:GH,Africa,Sub-Saharan Africa,Western Africa,2.0,202.0,11.0,2000,0.2
Ghana,GH,GHA,288,ISO 3166-2:GH,Africa,Sub-Saharan Africa,Western Africa,2.0,202.0,11.0,2001,
Ghana,GH,GHA,288,ISO 3166-2:GH,Africa,Sub-Saharan Africa,Western Africa,2.0,202.0,11.0,2002,0.28
Ghana,GH,GHA,288,ISO 3166-2:GH,Africa,Sub-Saharan Africa,Western Africa,2.0,202.0,11.0,2003,
Ghana,GH,GHA,288,ISO 3166-2:GH,Africa,Sub-Saharan Africa,Western Africa,2.0,202.0,11.0,2004,0.49
Ghana,GH,GHA,288,ISO 3166-2:GH,Africa,Sub-Saharan Africa,Western Africa,2.0,202.0,11.0,2005,
Ghana,GH,GHA,288,ISO 3166-2:GH,Africa,Sub-Saharan Africa,Western Africa,2.0,202.0,11.0,2006,0.86
Ghana,GH,GHA,288,ISO 3166-2:GH,Africa,Sub-Saharan Africa,Western Africa,2.0,202.0,11.0,2007,
Ghana,GH,GHA,288,ISO 3166-2:GH,Africa,Sub-Saharan Africa,Western Africa,2.0,202.0,11.0,2008,0.9
Ghana,GH,GHA,288,ISO 3166-2:GH,Africa,Sub-Saharan Africa,Western Africa,2.0,202.0,11.0,2009,
Ghana,GH,GHA,288,ISO 3166-2:GH,Africa,Sub-Saharan Africa,Western Africa,2.0,202.0,11.0,2010,0.82
Ghana,GH,GHA,288,ISO 3166-2:GH,Africa,Sub-Saharan Africa,Western Africa,2.0,202.0,11.0,2011,
Ghana,GH,GHA,288,ISO 3166-2:GH,Africa,Sub-Saharan Africa,Western Africa,2.0,202.0,11.0,2012,0.92
Ghana,GH,GHA,288,ISO 3166-2:GH,Africa,Sub-Saharan Africa,Western Africa,2.0,202.0,11.0,2013,
Ghana,GH,GHA,288,ISO 3166-2:GH,Africa,Sub-Saharan Africa,Western Africa,2.0,202.0,11.0,2014,1.06
Ghana,GH,GHA,288,ISO 3166-2:GH,Africa,Sub-Saharan Africa,Western Africa,2.0,202.0,11.0,2015,
Ghana,GH,GHA,288,ISO 3166-2:GH,Africa,Sub-Saharan Africa,Western Africa,2.0,202.0,11.0,2016,0.92
Gibraltar,GI,GIB,292,ISO 3166-2:GI,Europe,Southern Europe,,150.0,39.0,,,
Greece,GR,GRC,300,ISO 3166-2:GR,Europe,Southern Europe,,150.0,39.0,,1991,
Greece,GR,GRC,300,ISO 3166-2:GR,Europe,Southern Europe,,150.0,39.0,,1992,
Greece,GR,GRC,300,ISO 3166-2:GR,Europe,Southern Europe,,150.0,39.0,,1993,
Greece,GR,GRC,300,ISO 3166-2:GR,Europe,Southern Europe,,150.0,39.0,,1994,
Greece,GR,GRC,300,ISO 3166-2:GR,Europe,Southern Europe,,150.0,39.0,,1995,0.88
Greece,GR,GRC,300,ISO 3166-2:GR,Europe,Southern Europe,,150.0,39.0,,1996,
Greece,GR,GRC,300,ISO 3166-2:GR,Europe,Southern Europe,,150.0,39.0,,1997,
Greece,GR,GRC,300,ISO 3166-2:GR,Europe,Southern Europe,,150.0,39.0,,1998,0.65
Greece,GR,GRC,300,ISO 3166-2:GR,Europe,Southern Europe,,150.0,39.0,,1999,
Greece,GR,GRC,300,ISO 3166-2:GR,Europe,Southern Europe,,150.0,39.0,,2000,0.72
Greece,GR,GRC,300,ISO 3166-2:GR,Europe,Southern Europe,,150.0,39.0,,2001,
Greece,GR,GRC,300,ISO 3166-2:GR,Europe,Southern Europe,,150.0,39.0,,2002,0.78
Greece,GR,GRC,300,ISO 3166-2:GR,Europe,Southern Europe,,150.0,39.0,,2003,
Greece,GR,GRC,300,ISO 3166-2:GR,Europe,Southern Europe,,150.0,39.0,,2004,1.14
Greece,GR,GRC,300,ISO 3166-2:GR,Europe,Southern Europe,,150.0,39.0,,2005,
Greece,GR,GRC,300,ISO 3166-2:GR,Europe,Southern Europe,,150.0,39.0,,2006,1.16
Greece,GR,GRC,300,ISO 3166-2:GR,Europe,Southern Europe,,150.0,39.0,,2007,
Greece,GR,GRC,300,ISO 3166-2:GR,Europe,Southern Europe,,150.0,39.0,,2008,1.23
Greece,GR,GRC,300,ISO 3166-2:GR,Europe,Southern Europe,,150.0,39.0,,2009,
Greece,GR,GRC,300,ISO 3166-2:GR,Europe,Southern Europe,,150.0,39.0,,2010,2.05
Greece,GR,GRC,300,ISO 3166-2:GR,Europe,Southern Europe,,150.0,39.0,,2011,
Greece,GR,GRC,300,ISO 3166-2:GR,Europe,Southern Europe,,150.0,39.0,,2012,2.06
Greece,GR,GRC,300,ISO 3166-2:GR,Europe,Southern Europe,,150.0,39.0,,2013,
Greece,GR,GRC,300,ISO 3166-2:GR,Europe,Southern Europe,,150.0,39.0,,2014,1.98
Greece,GR,GRC,300,ISO 3166-2:GR,Europe,Southern Europe,,150.0,39.0,,2015,
Greece,GR,GRC,300,ISO 3166-2:GR,Europe,Southern Europe,,150.0,39.0,,2016,1.54
Greenland,GL,GRL,304,ISO 3166-2:GL,Americas,Northern America,,19.0,21.0,,,
Grenada,GD,GRD,308,ISO 3166-2:GD,Americas,Latin America and the Caribbean,Caribbean,19.0,419.0,29.0,1991,
Grenada,GD,GRD,308,ISO 3166-2:GD,Americas,Latin America and the Caribbean,Caribbean,19.0,419.0,29.0,1992,
Grenada,GD,GRD,308,ISO 3166-2:GD,Americas,Latin America and the Caribbean,Caribbean,19.0,419.0,29.0,1993,
Grenada,GD,GRD,308,ISO 3166-2:GD,Americas,Latin America and the Caribbean,Caribbean,19.0,419.0,29.0,1994,
Grenada,GD,GRD,308,ISO 3166-2:GD,Americas,Latin America and the Caribbean,Caribbean,19.0,419.0,29.0,1995,
Grenada,GD,GRD,308,ISO 3166-2:GD,Americas,Latin America and the Caribbean,Caribbean,19.0,419.0,29.0,1996,
Grenada,GD,GRD,308,ISO 3166-2:GD,Americas,Latin America and the Caribbean,Caribbean,19.0,419.0,29.0,1997,
Grenada,GD,GRD,308,ISO 3166-2:GD,Americas,Latin America and the Caribbean,Caribbean,19.0,419.0,29.0,1998,0.54
Grenada,GD,GRD,308,ISO 3166-2:GD,Americas,Latin America and the Caribbean,Caribbean,19.0,419.0,29.0,1999,
Grenada,GD,GRD,308,ISO 3166-2:GD,Americas,Latin America and the Caribbean,Caribbean,19.0,419.0,29.0,2000,0.54
Grenada,GD,GRD,308,ISO 3166-2:GD,Americas,Latin America and the Caribbean,Caribbean,19.0,419.0,29.0,2001,
Grenada,GD,GRD,308,ISO 3166-2:GD,Americas,Latin America and the Caribbean,Caribbean,19.0,419.0,29.0,2002,0.54
Grenada,GD,GRD,308,ISO 3166-2:GD,Americas,Latin America and the Caribbean,Caribbean,19.0,419.0,29.0,2003,
Grenada,GD,GRD,308,ISO 3166-2:GD,Americas,Latin America and the Caribbean,Caribbean,19.0,419.0,29.0,2004,0.73
Grenada,GD,GRD,308,ISO 3166-2:GD,Americas,Latin America and the Caribbean,Caribbean,19.0,419.0,29.0,2005,
Grenada,GD,GRD,308,ISO 3166-2:GD,Americas,Latin America and the Caribbean,Caribbean,19.0,419.0,29.0,2006,0.89
Grenada,GD,GRD,308,ISO 3166-2:GD,Americas,Latin America and the Caribbean,Caribbean,19.0,419.0,29.0,2007,
Grenada,GD,GRD,308,ISO 3166-2:GD,Americas,Latin America and the Caribbean,Caribbean,19.0,419.0,29.0,2008,1.28
Grenada,GD,GRD,308,ISO 3166-2:GD,Americas,Latin America and the Caribbean,Caribbean,19.0,419.0,29.0,2009,
Grenada,GD,GRD,308,ISO 3166-2:GD,Americas,Latin America and the Caribbean,Caribbean,19.0,419.0,29.0,2010,1.02
Grenada,GD,GRD,308,ISO 3166-2:GD,Americas,Latin America and the Caribbean,Caribbean,19.0,419.0,29.0,2011,
Grenada,GD,GRD,308,ISO 3166-2:GD,Americas,Latin America and the Caribbean,Caribbean,19.0,419.0,29.0,2012,1.4
Grenada,GD,GRD,308,ISO 3166-2:GD,Americas,Latin America and the Caribbean,Caribbean,19.0,419.0,29.0,2013,
Grenada,GD,GRD,308,ISO 3166-2:GD,Americas,Latin America and the Caribbean,Caribbean,19.0,419.0,29.0,2014,
Grenada,GD,GRD,308,ISO 3166-2:GD,Americas,Latin America and the Caribbean,Caribbean,19.0,419.0,29.0,2015,
Grenada,GD,GRD,308,ISO 3166-2:GD,Americas,Latin America and the Caribbean,Caribbean,19.0,419.0,29.0,2016,1.12
Guadeloupe,GP,GLP,312,ISO 3166-2:GP,Americas,Latin America and the Caribbean,Caribbean,19.0,419.0,29.0,,
Guam,GU,GUM,316,ISO 3166-2:GU,Oceania,Micronesia,,9.0,57.0,,,
Guatemala,GT,GTM,320,ISO 3166-2:GT,Americas,Latin America and the Caribbean,Central America,19.0,419.0,13.0,1991,
Guatemala,GT,GTM,320,ISO 3166-2:GT,Americas,Latin America and the Caribbean,Central America,19.0,419.0,13.0,1992,0.32
Guatemala,GT,GTM,320,ISO 3166-2:GT,Americas,Latin America and the Caribbean,Central America,19.0,419.0,13.0,1993,
Guatemala,GT,GTM,320,ISO 3166-2:GT,Americas,Latin America and the Caribbean,Central America,19.0,419.0,13.0,1994,
Guatemala,GT,GTM,320,ISO 3166-2:GT,Americas,Latin America and the Caribbean,Central America,19.0,419.0,13.0,1995,0.39
Guatemala,GT,GTM,320,ISO 3166-2:GT,Americas,Latin America and the Caribbean,Central America,19.0,419.0,13.0,1996,
Guatemala,GT,GTM,320,ISO 3166-2:GT,Americas,Latin America and the Caribbean,Central America,19.0,419.0,13.0,1997,
Guatemala,GT,GTM,320,ISO 3166-2:GT,Americas,Latin America and the Caribbean,Central America,19.0,419.0,13.0,1998,0.41
Guatemala,GT,GTM,320,ISO 3166-2:GT,Americas,Latin America and the Caribbean,Central America,19.0,419.0,13.0,1999,
Guatemala,GT,GTM,320,ISO 3166-2:GT,Americas,Latin America and the Caribbean,Central America,19.0,419.0,13.0,2000,0.53
Guatemala,GT,GTM,320,ISO 3166-2:GT,Americas,Latin America and the Caribbean,Central America,19.0,419.0,13.0,2001,
Guatemala,GT,GTM,320,ISO 3166-2:GT,Americas,Latin America and the Caribbean,Central America,19.0,419.0,13.0,2002,0.48
Guatemala,GT,GTM,320,ISO 3166-2:GT,Americas,Latin America and the Caribbean,Central America,19.0,419.0,13.0,2003,
Guatemala,GT,GTM,320,ISO 3166-2:GT,Americas,Latin America and the Caribbean,Central America,19.0,419.0,13.0,2004,0.68
Guatemala,GT,GTM,320,ISO 3166-2:GT,Americas,Latin America and the Caribbean,Central America,19.0,419.0,13.0,2005,
Guatemala,GT,GTM,320,ISO 3166-2:GT,Americas,Latin America and the Caribbean,Central America,19.0,419.0,13.0,2006,0.78
Guatemala,GT,GTM,320,ISO 3166-2:GT,Americas,Latin America and the Caribbean,Central America,19.0,419.0,13.0,2007,
Guatemala,GT,GTM,320,ISO 3166-2:GT,Americas,Latin America and the Caribbean,Central America,19.0,419.0,13.0,2008,0.86
Guatemala,GT,GTM,320,ISO 3166-2:GT,Americas,Latin America and the Caribbean,Central America,19.0,419.0,13.0,2009,
Guatemala,GT,GTM,320,ISO 3166-2:GT,Americas,Latin America and the Caribbean,Central America,19.0,419.0,13.0,2010,0.95
Guatemala,GT,GTM,320,ISO 3166-2:GT,Americas,Latin America and the Caribbean,Central America,19.0,419.0,13.0,2011,
Guatemala,GT,GTM,320,ISO 3166-2:GT,Americas,Latin America and the Caribbean,Central America,19.0,419.0,13.0,2012,1.14
Guatemala,GT,GTM,320,ISO 3166-2:GT,Americas,Latin America and the Caribbean,Central America,19.0,419.0,13.0,2013,
Guatemala,GT,GTM,320,ISO 3166-2:GT,Americas,Latin America and the Caribbean,Central America,19.0,419.0,13.0,2014,1.01
Guatemala,GT,GTM,320,ISO 3166-2:GT,Americas,Latin America and the Caribbean,Central America,19.0,419.0,13.0,2015,
Guatemala,GT,GTM,320,ISO 3166-2:GT,Americas,Latin America and the Caribbean,Central America,19.0,419.0,13.0,2016,0.79
Guernsey,GG,GGY,831,ISO 3166-2:GG,Europe,Northern Europe,,150.0,154.0,,,
Guinea,GN,GIN,324,ISO 3166-2:GN,Africa,Sub-Saharan Africa,Western Africa,2.0,202.0,11.0,1991,0.67
Guinea,GN,GIN,324,ISO 3166-2:GN,Africa,Sub-Saharan Africa,Western Africa,2.0,202.0,11.0,1992,0.61
Guinea,GN,GIN,324,ISO 3166-2:GN,Africa,Sub-Saharan Africa,Western Africa,2.0,202.0,11.0,1993,
Guinea,GN,GIN,324,ISO 3166-2:GN,Africa,Sub-Saharan Africa,Western Africa,2.0,202.0,11.0,1994,
Guinea,GN,GIN,324,ISO 3166-2:GN,Africa,Sub-Saharan Africa,Western Africa,2.0,202.0,11.0,1995,
Guinea,GN,GIN,324,ISO 3166-2:GN,Africa,Sub-Saharan Africa,Western Africa,2.0,202.0,11.0,1996,
Guinea,GN,GIN,324,ISO 3166-2:GN,Africa,Sub-Saharan Africa,Western Africa,2.0,202.0,11.0,1997,
Guinea,GN,GIN,324,ISO 3166-2:GN,Africa,Sub-Saharan Africa,Western Africa,2.0,202.0,11.0,1998,0.68
Guinea,GN,GIN,324,ISO 3166-2:GN,Africa,Sub-Saharan Africa,Western Africa,2.0,202.0,11.0,1999,
Guinea,GN,GIN,324,ISO 3166-2:GN,Africa,Sub-Saharan Africa,Western Africa,2.0,202.0,11.0,2000,0.85
Guinea,GN,GIN,324,ISO 3166-2:GN,Africa,Sub-Saharan Africa,Western Africa,2.0,202.0,11.0,2001,
Guinea,GN,GIN,324,ISO 3166-2:GN,Africa,Sub-Saharan Africa,Western Africa,2.0,202.0,11.0,2002,0.66
Guinea,GN,GIN,324,ISO 3166-2:GN,Africa,Sub-Saharan Africa,Western Africa,2.0,202.0,11.0,2003,
Guinea,GN,GIN,324,ISO 3166-2:GN,Africa,Sub-Saharan Africa,Western Africa,2.0,202.0,11.0,2004,0.75
Guinea,GN,GIN,324,ISO 3166-2:GN,Africa,Sub-Saharan Africa,Western Africa,2.0,202.0,11.0,2005,
Guinea,GN,GIN,324,ISO 3166-2:GN,Africa,Sub-Saharan Africa,Western Africa,2.0,202.0,11.0,2006,0.79
Guinea,GN,GIN,324,ISO 3166-2:GN,Africa,Sub-Saharan Africa,Western Africa,2.0,202.0,11.0,2007,
Guinea,GN,GIN,324,ISO 3166-2:GN,Africa,Sub-Saharan Africa,Western Africa,2.0,202.0,11.0,2008,1.02
Guinea,GN,GIN,324,ISO 3166-2:GN,Africa,Sub-Saharan Africa,Western Africa,2.0,202.0,11.0,2009,
Guinea,GN,GIN,324,ISO 3166-2:GN,Africa,Sub-Saharan Africa,Western Africa,2.0,202.0,11.0,2010,0.95
Guinea,GN,GIN,324,ISO 3166-2:GN,Africa,Sub-Saharan Africa,Western Africa,2.0,202.0,11.0,2011,
Guinea,GN,GIN,324,ISO 3166-2:GN,Africa,Sub-Saharan Africa,Western Africa,2.0,202.0,11.0,2012,1.34
Guinea,GN,GIN,324,ISO 3166-2:GN,Africa,Sub-Saharan Africa,Western Africa,2.0,202.0,11.0,2013,
Guinea,GN,GIN,324,ISO 3166-2:GN,Africa,Sub-Saharan Africa,Western Africa,2.0,202.0,11.0,2014,1.45
Guinea,GN,GIN,324,ISO 3166-2:GN,Africa,Sub-Saharan Africa,Western Africa,2.0,202.0,11.0,2015,
Guinea,GN,GIN,324,ISO 3166-2:GN,Africa,Sub-Saharan Africa,Western Africa,2.0,202.0,11.0,2016,0.9
Guinea-Bissau,GW,GNB,624,ISO 3166-2:GW,Africa,Sub-Saharan Africa,Western Africa,2.0,202.0,11.0,,
Guyana,GY,GUY,328,ISO 3166-2:GY,Americas,Latin America and the Caribbean,South America,19.0,419.0,5.0,1991,
Guyana,GY,GUY,328,ISO 3166-2:GY,Americas,Latin America and the Caribbean,South America,19.0,419.0,5.0,1992,
Guyana,GY,GUY,328,ISO 3166-2:GY,Americas,Latin America and the Caribbean,South America,19.0,419.0,5.0,1993,
Guyana,GY,GUY,328,ISO 3166-2:GY,Americas,Latin America and the Caribbean,South America,19.0,419.0,5.0,1994,
Guyana,GY,GUY,328,ISO 3166-2:GY,Americas,Latin America and the Caribbean,South America,19.0,419.0,5.0,1995,
Guyana,GY,GUY,328,ISO 3166-2:GY,Americas,Latin America and the Caribbean,South America,19.0,419.0,5.0,1996,
Guyana,GY,GUY,328,ISO 3166-2:GY,Americas,Latin America and the Caribbean,South America,19.0,419.0,5.0,1997,
Guyana,GY,GUY,328,ISO 3166-2:GY,Americas,Latin America and the Caribbean,South America,19.0,419.0,5.0,1998,0.3
Guyana,GY,GUY,328,ISO 3166-2:GY,Americas,Latin America and the Caribbean,South America,19.0,419.0,5.0,1999,
Guyana,GY,GUY,328,ISO 3166-2:GY,Americas,Latin America and the Caribbean,South America,19.0,419.0,5.0,2000,0.37
Guyana,GY,GUY,328,ISO 3166-2:GY,Americas,Latin America and the Caribbean,South America,19.0,419.0,5.0,2001,
Guyana,GY,GUY,328,ISO 3166-2:GY,Americas,Latin America and the Caribbean,South America,19.0,419.0,5.0,2002,0.31
Guyana,GY,GUY,328,ISO 3166-2:GY,Americas,Latin America and the Caribbean,South America,19.0,419.0,5.0,2003,
Guyana,GY,GUY,328,ISO 3166-2:GY,Americas,Latin America and the Caribbean,South America,19.0,419.0,5.0,2004,0.74
Guyana,GY,GUY,328,ISO 3166-2:GY,Americas,Latin America and the Caribbean,South America,19.0,419.0,5.0,2005,
Guyana,GY,GUY,328,ISO 3166-2:GY,Americas,Latin America and the Caribbean,South America,19.0,419.0,5.0,2006,
Guyana,GY,GUY,328,ISO 3166-2:GY,Americas,Latin America and the Caribbean,South America,19.0,419.0,5.0,2007,
Guyana,GY,GUY,328,ISO 3166-2:GY,Americas,Latin America and the Caribbean,South America,19.0,419.0,5.0,2008,0.84
Guyana,GY,GUY,328,ISO 3166-2:GY,Americas,Latin America and the Caribbean,South America,19.0,419.0,5.0,2009,
Guyana,GY,GUY,328,ISO 3166-2:GY,Americas,Latin America and the Caribbean,South America,19.0,419.0,5.0,2010,0.93
Guyana,GY,GUY,328,ISO 3166-2:GY,Americas,Latin America and the Caribbean,South America,19.0,419.0,5.0,2011,
Guyana,GY,GUY,328,ISO 3166-2:GY,Americas,Latin America and the Caribbean,South America,19.0,419.0,5.0,2012,1.08
Guyana,GY,GUY,328,ISO 3166-2:GY,Americas,Latin America and the Caribbean,South America,19.0,419.0,5.0,2013,
Guyana,GY,GUY,328,ISO 3166-2:GY,Americas,Latin America and the Caribbean,South America,19.0,419.0,5.0,2014,1.15
Guyana,GY,GUY,328,ISO 3166-2:GY,Americas,Latin America and the Caribbean,South America,19.0,419.0,5.0,2015,
Guyana,GY,GUY,328,ISO 3166-2:GY,Americas,Latin America and the Caribbean,South America,19.0,419.0,5.0,2016,0.9
Haiti,HT,HTI,332,ISO 3166-2:HT,Americas,Latin America and the Caribbean,Caribbean,19.0,419.0,29.0,1991,
Haiti,HT,HTI,332,ISO 3166-2:HT,Americas,Latin America and the Caribbean,Caribbean,19.0,419.0,29.0,1992,
Haiti,HT,HTI,332,ISO 3166-2:HT,Americas,Latin America and the Caribbean,Caribbean,19.0,419.0,29.0,1993,
Haiti,HT,HTI,332,ISO 3166-2:HT,Americas,Latin America and the Caribbean,Caribbean,19.0,419.0,29.0,1994,
Haiti,HT,HTI,332,ISO 3166-2:HT,Americas,Latin America and the Caribbean,Caribbean,19.0,419.0,29.0,1995,
Haiti,HT,HTI,332,ISO 3166-2:HT,Americas,Latin America and the Caribbean,Caribbean,19.0,419.0,29.0,1996,
Haiti,HT,HTI,332,ISO 3166-2:HT,Americas,Latin America and the Caribbean,Caribbean,19.0,419.0,29.0,1997,
Haiti,HT,HTI,332,ISO 3166-2:HT,Americas,Latin America and the Caribbean,Caribbean,19.0,419.0,29.0,1998,0.59
Haiti,HT,HTI,332,ISO 3166-2:HT,Americas,Latin America and the Caribbean,Caribbean,19.0,419.0,29.0,1999,
Haiti,HT,HTI,332,ISO 3166-2:HT,Americas,Latin America and the Caribbean,Caribbean,19.0,419.0,29.0,2000,0.64
Haiti,HT,HTI,332,ISO 3166-2:HT,Americas,Latin America and the Caribbean,Caribbean,19.0,419.0,29.0,2001,
Haiti,HT,HTI,332,ISO 3166-2:HT,Americas,Latin America and the Caribbean,Caribbean,19.0,419.0,29.0,2002,0.54
Haiti,HT,HTI,332,ISO 3166-2:HT,Americas,Latin America and the Caribbean,Caribbean,19.0,419.0,29.0,2003,
Haiti,HT,HTI,332,ISO 3166-2:HT,Americas,Latin America and the Caribbean,Caribbean,19.0,419.0,29.0,2004,0.88
Haiti,HT,HTI,332,ISO 3166-2:HT,Americas,Latin America and the Caribbean,Caribbean,19.0,419.0,29.0,2005,
Haiti,HT,HTI,332,ISO 3166-2:HT,Americas,Latin America and the Caribbean,Caribbean,19.0,419.0,29.0,2006,
Haiti,HT,HTI,332,ISO 3166-2:HT,Americas,Latin America and the Caribbean,Caribbean,19.0,419.0,29.0,2007,
Haiti,HT,HTI,332,ISO 3166-2:HT,Americas,Latin America and the Caribbean,Caribbean,19.0,419.0,29.0,2008,1.16
Haiti,HT,HTI,332,ISO 3166-2:HT,Americas,Latin America and the Caribbean,Caribbean,19.0,419.0,29.0,2009,
Haiti,HT,HTI,332,ISO 3166-2:HT,Americas,Latin America and the Caribbean,Caribbean,19.0,419.0,29.0,2010,
Haiti,HT,HTI,332,ISO 3166-2:HT,Americas,Latin America and the Caribbean,Caribbean,19.0,419.0,29.0,2011,
Haiti,HT,HTI,332,ISO 3166-2:HT,Americas,Latin America and the Caribbean,Caribbean,19.0,419.0,29.0,2012,1.25
Haiti,HT,HTI,332,ISO 3166-2:HT,Americas,Latin America and the Caribbean,Caribbean,19.0,419.0,29.0,2013,
Haiti,HT,HTI,332,ISO 3166-2:HT,Americas,Latin America and the Caribbean,Caribbean,19.0,419.0,29.0,2014,1.16
Haiti,HT,HTI,332,ISO 3166-2:HT,Americas,Latin America and the Caribbean,Caribbean,19.0,419.0,29.0,2015,
Haiti,HT,HTI,332,ISO 3166-2:HT,Americas,Latin America and the Caribbean,Caribbean,19.0,419.0,29.0,2016,0.81
Heard Island and McDonald Islands,HM,HMD,334,ISO 3166-2:HM,Oceania,Australia and New Zealand,,9.0,53.0,,,
Holy See,VA,VAT,336,ISO 3166-2:VA,Europe,Southern Europe,,150.0,39.0,,,
Honduras,HN,HND,340,ISO 3166-2:HN,Americas,Latin America and the Caribbean,Central America,19.0,419.0,13.0,1991,
Honduras,HN,HND,340,ISO 3166-2:HN,Americas,Latin America and the Caribbean,Central America,19.0,419.0,13.0,1992,0.41
Honduras,HN,HND,340,ISO 3166-2:HN,Americas,Latin America and the Caribbean,Central America,19.0,419.0,13.0,1993,
Honduras,HN,HND,340,ISO 3166-2:HN,Americas,Latin America and the Caribbean,Central America,19.0,419.0,13.0,1994,
Honduras,HN,HND,340,ISO 3166-2:HN,Americas,Latin America and the Caribbean,Central America,19.0,419.0,13.0,1995,0.35
Honduras,HN,HND,340,ISO 3166-2:HN,Americas,Latin America and the Caribbean,Central America,19.0,419.0,13.0,1996,
Honduras,HN,HND,340,ISO 3166-2:HN,Americas,Latin America and the Caribbean,Central America,19.0,419.0,13.0,1997,
Honduras,HN,HND,340,ISO 3166-2:HN,Americas,Latin America and the Caribbean,Central America,19.0,419.0,13.0,1998,0.5
Honduras,HN,HND,340,ISO 3166-2:HN,Americas,Latin America and the Caribbean,Central America,19.0,419.0,13.0,1999,
Honduras,HN,HND,340,ISO 3166-2:HN,Americas,Latin America and the Caribbean,Central America,19.0,419.0,13.0,2000,0.62
Honduras,HN,HND,340,ISO 3166-2:HN,Americas,Latin America and the Caribbean,Central America,19.0,419.0,13.0,2001,
Honduras,HN,HND,340,ISO 3166-2:HN,Americas,Latin America and the Caribbean,Central America,19.0,419.0,13.0,2002,0.63
Honduras,HN,HND,340,ISO 3166-2:HN,Americas,Latin America and the Caribbean,Central America,19.0,419.0,13.0,2003,
Honduras,HN,HND,340,ISO 3166-2:HN,Americas,Latin America and the Caribbean,Central America,19.0,419.0,13.0,2004,0.81
Honduras,HN,HND,340,ISO 3166-2:HN,Americas,Latin America and the Caribbean,Central America,19.0,419.0,13.0,2005,
Honduras,HN,HND,340,ISO 3166-2:HN,Americas,Latin America and the Caribbean,Central America,19.0,419.0,13.0,2006,0.89
Honduras,HN,HND,340,ISO 3166-2:HN,Americas,Latin America and the Caribbean,Central America,19.0,419.0,13.0,2007,
Honduras,HN,HND,340,ISO 3166-2:HN,Americas,Latin America and the Caribbean,Central America,19.0,419.0,13.0,2008,0.8
Honduras,HN,HND,340,ISO 3166-2:HN,Americas,Latin America and the Caribbean,Central America,19.0,419.0,13.0,2009,
Honduras,HN,HND,340,ISO 3166-2:HN,Americas,Latin America and the Caribbean,Central America,19.0,419.0,13.0,2010,1.04
Honduras,HN,HND,340,ISO 3166-2:HN,Americas,Latin America and the Caribbean,Central America,19.0,419.0,13.0,2011,
Honduras,HN,HND,340,ISO 3166-2:HN,Americas,Latin America and the Caribbean,Central America,19.0,419.0,13.0,2012,1.25
Honduras,HN,HND,340,ISO 3166-2:HN,Americas,Latin America and the Caribbean,Central America,19.0,419.0,13.0,2013,
Honduras,HN,HND,340,ISO 3166-2:HN,Americas,Latin America and the Caribbean,Central America,19.0,419.0,13.0,2014,1.2
Honduras,HN,HND,340,ISO 3166-2:HN,Americas,Latin America and the Caribbean,Central America,19.0,419.0,13.0,2015,
Honduras,HN,HND,340,ISO 3166-2:HN,Americas,Latin America and the Caribbean,Central America,19.0,419.0,13.0,2016,0.98
Hong Kong,HK,HKG,344,ISO 3166-2:HK,Asia,Eastern Asia,,142.0,30.0,,,
Hungary,HU,HUN,348,ISO 3166-2:HU,Europe,Eastern Europe,,150.0,151.0,,1991,
Hungary,HU,HUN,348,ISO 3166-2:HU,Europe,Eastern Europe,,150.0,151.0,,1992,
Hungary,HU,HUN,348,ISO 3166-2:HU,Europe,Eastern Europe,,150.0,151.0,,1993,
Hungary,HU,HUN,348,ISO 3166-2:HU,Europe,Eastern Europe,,150.0,151.0,,1994,
Hungary,HU,HUN,348,ISO 3166-2:HU,Europe,Eastern Europe,,150.0,151.0,,1995,0.74
Hungary,HU,HUN,348,ISO 3166-2:HU,Europe,Eastern Europe,,150.0,151.0,,1996,
Hungary,HU,HUN,348,ISO 3166-2:HU,Europe,Eastern Europe,,150.0,151.0,,1997,
Hungary,HU,HUN,348,ISO 3166-2:HU,Europe,Eastern Europe,,150.0,151.0,,1998,0.72
Hungary,HU,HUN,348,ISO 3166-2:HU,Europe,Eastern Europe,,150.0,151.0,,1999,
Hungary,HU,HUN,348,ISO 3166-2:HU,Europe,Eastern Europe,,150.0,151.0,,2000,0.81
Hungary,HU,HUN,348,ISO 3166-2:HU,Europe,Eastern Europe,,150.0,151.0,,2001,
Hungary,HU,HUN,348,ISO 3166-2:HU,Europe,Eastern Europe,,150.0,151.0,,2002,0.94
Hungary,HU,HUN,348,ISO 3166-2:HU,Europe,Eastern Europe,,150.0,151.0,,2003,
Hungary,HU,HUN,348,ISO 3166-2:HU,Europe,Eastern Europe,,150.0,151.0,,2004,1.3
Hungary,HU,HUN,348,ISO 3166-2:HU,Europe,Eastern Europe,,150.0,151.0,,2005,
Hungary,HU,HUN,348,ISO 3166-2:HU,Europe,Eastern Europe,,150.0,151.0,,2006,1.3
Hungary,HU,HUN,348,ISO 3166-2:HU,Europe,Eastern Europe,,150.0,151.0,,2007,
Hungary,HU,HUN,348,ISO 3166-2:HU,Europe,Eastern Europe,,150.0,151.0,,2008,1.27
Hungary,HU,HUN,348,ISO 3166-2:HU,Europe,Eastern Europe,,150.0,151.0,,2009,
Hungary,HU,HUN,348,ISO 3166-2:HU,Europe,Eastern Europe,,150.0,151.0,,2010,1.67
Hungary,HU,HUN,348,ISO 3166-2:HU,Europe,Eastern Europe,,150.0,151.0,,2011,
Hungary,HU,HUN,348,ISO 3166-2:HU,Europe,Eastern Europe,,150.0,151.0,,2012,1.84
Hungary,HU,HUN,348,ISO 3166-2:HU,Europe,Eastern Europe,,150.0,151.0,,2013,
Hungary,HU,HUN,348,ISO 3166-2:HU,Europe,Eastern Europe,,150.0,151.0,,2014,1.58
Hungary,HU,HUN,348,ISO 3166-2:HU,Europe,Eastern Europe,,150.0,151.0,,2015,
Hungary,HU,HUN,348,ISO 3166-2:HU,Europe,Eastern Europe,,150.0,151.0,,2016,1.18
Iceland,IS,ISL,352,ISO 3166-2:IS,Europe,Northern Europe,,150.0,154.0,,1991,
Iceland,IS,ISL,352,ISO 3166-2:IS,Europe,Northern Europe,,150.0,154.0,,1992,
Iceland,IS,ISL,352,ISO 3166-2:IS,Europe,Northern Europe,,150.0,154.0,,1993,
Iceland,IS,ISL,352,ISO 3166-2:IS,Europe,Northern Europe,,150.0,154.0,,1994,
Iceland,IS,ISL,352,ISO 3166-2:IS,Europe,Northern Europe,,150.0,154.0,,1995,
Iceland,IS,ISL,352,ISO 3166-2:IS,Europe,Northern Europe,,150.0,154.0,,1996,
Iceland,IS,ISL,352,ISO 3166-2:IS,Europe,Northern Europe,,150.0,154.0,,1997,
Iceland,IS,ISL,352,ISO 3166-2:IS,Europe,Northern Europe,,150.0,154.0,,1998,1.12
Iceland,IS,ISL,352,ISO 3166-2:IS,Europe,Northern Europe,,150.0,154.0,,1999,
Iceland,IS,ISL,352,ISO 3166-2:IS,Europe,Northern Europe,,150.0,154.0,,2000,1.05
Iceland,IS,ISL,352,ISO 3166-2:IS,Europe,Northern Europe,,150.0,154.0,,2001,
Iceland,IS,ISL,352,ISO 3166-2:IS,Europe,Northern Europe,,150.0,154.0,,2002,1.16
Iceland,IS,ISL,352,ISO 3166-2:IS,Europe,Northern Europe,,150.0,154.0,,2003,
Iceland,IS,ISL,352,ISO 3166-2:IS,Europe,Northern Europe,,150.0,154.0,,2004,1.64
Iceland,IS,ISL,352,ISO 3166-2:IS,Europe,Northern Europe,,150.0,154.0,,2005,
Iceland,IS,ISL,352,ISO 3166-2:IS,Europe,Northern Europe,,150.0,154.0,,2006,1.86
Iceland,IS,ISL,352,ISO 3166-2:IS,Europe,Northern Europe,,150.0,154.0,,2007,
Iceland,IS,ISL,352,ISO 3166-2:IS,Europe,Northern Europe,,150.0,154.0,,2008,1.15
Iceland,IS,ISL,352,ISO 3166-2:IS,Europe,Northern Europe,,150.0,154.0,,2009,
Iceland,IS,ISL,352,ISO 3166-2:IS,Europe,Northern Europe,,150.0,154.0,,2010,1.71
Iceland,IS,ISL,352,ISO 3166-2:IS,Europe,Northern Europe,,150.0,154.0,,2011,
Iceland,IS,ISL,352,ISO 3166-2:IS,Europe,Northern Europe,,150.0,154.0,,2012,1.99
Iceland,IS,ISL,352,ISO 3166-2:IS,Europe,Northern Europe,,150.0,154.0,,2013,
Iceland,IS,ISL,352,ISO 3166-2:IS,Europe,Northern Europe,,150.0,154.0,,2014,1.85
Iceland,IS,ISL,352,ISO 3166-2:IS,Europe,Northern Europe,,150.0,154.0,,2015,
Iceland,IS,ISL,352,ISO 3166-2:IS,Europe,Northern Europe,,150.0,154.0,,2016,1.69
India,IN,IND,356,ISO 3166-2:IN,Asia,Southern Asia,,142.0,34.0,,1991,0.56
India,IN,IND,356,ISO 3166-2:IN,Asia,Southern Asia,,142.0,34.0,,1992,
India,IN,IND,356,ISO 3166-2:IN,Asia,Southern Asia,,142.0,34.0,,1993,
India,IN,IND,356,ISO 3166-2:IN,Asia,Southern Asia,,142.0,34.0,,1994,
India,IN,IND,356,ISO 3166-2:IN,Asia,Southern Asia,,142.0,34.0,,1995,0.48
India,IN,IND,356,ISO 3166-2:IN,Asia,Southern Asia,,142.0,34.0,,1996,
India,IN,IND,356,ISO 3166-2:IN,Asia,Southern Asia,,142.0,34.0,,1997,
India,IN,IND,356,ISO 3166-2:IN,Asia,Southern Asia,,142.0,34.0,,1998,0.56
India,IN,IND,356,ISO 3166-2:IN,Asia,Southern Asia,,142.0,34.0,,1999,
India,IN,IND,356,ISO 3166-2:IN,Asia,Southern Asia,,142.0,34.0,,2000,0.6
India,IN,IND,356,ISO 3166-2:IN,Asia,Southern Asia,,142.0,34.0,,2001,
India,IN,IND,356,ISO 3166-2:IN,Asia,Southern Asia,,142.0,34.0,,2002,0.66
India,IN,IND,356,ISO 3166-2:IN,Asia,Southern Asia,,142.0,34.0,,2003,
India,IN,IND,356,ISO 3166-2:IN,Asia,Southern Asia,,142.0,34.0,,2004,0.87
India,IN,IND,356,ISO 3166-2:IN,Asia,Southern Asia,,142.0,34.0,,2005,
India,IN,IND,356,ISO 3166-2:IN,Asia,Southern Asia,,142.0,34.0,,2006,1.01
India,IN,IND,356,ISO 3166-2:IN,Asia,Southern Asia,,142.0,34.0,,2007,
India,IN,IND,356,ISO 3166-2:IN,Asia,Southern Asia,,142.0,34.0,,2008,1.09
India,IN,IND,356,ISO 3166-2:IN,Asia,Southern Asia,,142.0,34.0,,2009,
India,IN,IND,356,ISO 3166-2:IN,Asia,Southern Asia,,142.0,34.0,,2010,1.15
India,IN,IND,356,ISO 3166-2:IN,Asia,Southern Asia,,142.0,34.0,,2011,
India,IN,IND,356,ISO 3166-2:IN,Asia,Southern Asia,,142.0,34.0,,2012,1.25
India,IN,IND,356,ISO 3166-2:IN,Asia,Southern Asia,,142.0,34.0,,2013,
India,IN,IND,356,ISO 3166-2:IN,Asia,Southern Asia,,142.0,34.0,,2014,1.1
India,IN,IND,356,ISO 3166-2:IN,Asia,Southern Asia,,142.0,34.0,,2015,
India,IN,IND,356,ISO 3166-2:IN,Asia,Southern Asia,,142.0,34.0,,2016,0.97
Indonesia,ID,IDN,360,ISO 3166-2:ID,Asia,South-eastern Asia,,142.0,35.0,,1991,0.24
Indonesia,ID,IDN,360,ISO 3166-2:ID,Asia,South-eastern Asia,,142.0,35.0,,1992,
Indonesia,ID,IDN,360,ISO 3166-2:ID,Asia,South-eastern Asia,,142.0,35.0,,1993,
Indonesia,ID,IDN,360,ISO 3166-2:ID,Asia,South-eastern Asia,,142.0,35.0,,1994,
Indonesia,ID,IDN,360,ISO 3166-2:ID,Asia,South-eastern Asia,,142.0,35.0,,1995,0.44
Indonesia,ID,IDN,360,ISO 3166-2:ID,Asia,South-eastern Asia,,142.0,35.0,,1996,
Indonesia,ID,IDN,360,ISO 3166-2:ID,Asia,South-eastern Asia,,142.0,35.0,,1997,
Indonesia,ID,IDN,360,ISO 3166-2:ID,Asia,South-eastern Asia,,142.0,35.0,,1998,0.16
Indonesia,ID,IDN,360,ISO 3166-2:ID,Asia,South-eastern Asia,,142.0,35.0,,1999,
Indonesia,ID,IDN,360,ISO 3166-2:ID,Asia,South-eastern Asia,,142.0,35.0,,2000,0.17
Indonesia,ID,IDN,360,ISO 3166-2:ID,Asia,South-eastern Asia,,142.0,35.0,,2001,
Indonesia,ID,IDN,360,ISO 3166-2:ID,Asia,South-eastern Asia,,142.0,35.0,,2002,0.27
Indonesia,ID,IDN,360,ISO 3166-2:ID,Asia,South-eastern Asia,,142.0,35.0,,2003,
Indonesia,ID,IDN,360,ISO 3166-2:ID,Asia,South-eastern Asia,,142.0,35.0,,2004,0.27
Indonesia,ID,IDN,360,ISO 3166-2:ID,Asia,South-eastern Asia,,142.0,35.0,,2005,
Indonesia,ID,IDN,360,ISO 3166-2:ID,Asia,South-eastern Asia,,142.0,35.0,,2006,0.57
Indonesia,ID,IDN,360,ISO 3166-2:ID,Asia,South-eastern Asia,,142.0,35.0,,2007,
Indonesia,ID,IDN,360,ISO 3166-2:ID,Asia,South-eastern Asia,,142.0,35.0,,2008,0.5
Indonesia,ID,IDN,360,ISO 3166-2:ID,Asia,South-eastern Asia,,142.0,35.0,,2009,
Indonesia,ID,IDN,360,ISO 3166-2:ID,Asia,South-eastern Asia,,142.0,35.0,,2010,0.79
Indonesia,ID,IDN,360,ISO 3166-2:ID,Asia,South-eastern Asia,,142.0,35.0,,2011,
Indonesia,ID,IDN,360,ISO 3166-2:ID,Asia,South-eastern Asia,,142.0,35.0,,2012,0.47
Indonesia,ID,IDN,360,ISO 3166-2:ID,Asia,South-eastern Asia,,142.0,35.0,,2013,
Indonesia,ID,IDN,360,ISO 3166-2:ID,Asia,South-eastern Asia,,142.0,35.0,,2014,0.93
Indonesia,ID,IDN,360,ISO 3166-2:ID,Asia,South-eastern Asia,,142.0,35.0,,2015,
Indonesia,ID,IDN,360,ISO 3166-2:ID,Asia,South-eastern Asia,,142.0,35.0,,2016,0.63
"Iran, Islamic Republic of",IR,IRN,364,ISO 3166-2:IR,Asia,Southern Asia,,142.0,34.0,,,
Iraq,IQ,IRQ,368,ISO 3166-2:IQ,Asia,Western Asia,,142.0,145.0,,1991,
Iraq,IQ,IRQ,368,ISO 3166-2:IQ,Asia,Western Asia,,142.0,145.0,,1992,
Iraq,IQ,IRQ,368,ISO 3166-2:IQ,Asia,Western Asia,,142.0,145.0,,1993,
Iraq,IQ,IRQ,368,ISO 3166-2:IQ,Asia,Western Asia,,142.0,145.0,,1994,
Iraq,IQ,IRQ,368,ISO 3166-2:IQ,Asia,Western Asia,,142.0,145.0,,1995,
Iraq,IQ,IRQ,368,ISO 3166-2:IQ,Asia,Western Asia,,142.0,145.0,,1996,
Iraq,IQ,IRQ,368,ISO 3166-2:IQ,Asia,Western Asia,,142.0,145.0,,1997,
Iraq,IQ,IRQ,368,ISO 3166-2:IQ,Asia,Western Asia,,142.0,145.0,,1998,
Iraq,IQ,IRQ,368,ISO 3166-2:IQ,Asia,Western Asia,,142.0,145.0,,1999,
Iraq,IQ,IRQ,368,ISO 3166-2:IQ,Asia,Western Asia,,142.0,145.0,,2000,
Iraq,IQ,IRQ,368,ISO 3166-2:IQ,Asia,Western Asia,,142.0,145.0,,2001,
Iraq,IQ,IRQ,368,ISO 3166-2:IQ,Asia,Western Asia,,142.0,145.0,,2002,
Iraq,IQ,IRQ,368,ISO 3166-2:IQ,Asia,Western Asia,,142.0,145.0,,2003,
Iraq,IQ,IRQ,368,ISO 3166-2:IQ,Asia,Western Asia,,142.0,145.0,,2004,
Iraq,IQ,IRQ,368,ISO 3166-2:IQ,Asia,Western Asia,,142.0,145.0,,2005,
Iraq,IQ,IRQ,368,ISO 3166-2:IQ,Asia,Western Asia,,142.0,145.0,,2006,
Iraq,IQ,IRQ,368,ISO 3166-2:IQ,Asia,Western Asia,,142.0,145.0,,2007,
Iraq,IQ,IRQ,368,ISO 3166-2:IQ,Asia,Western Asia,,142.0,145.0,,2008,
Iraq,IQ,IRQ,368,ISO 3166-2:IQ,Asia,Western Asia,,142.0,145.0,,2009,
Iraq,IQ,IRQ,368,ISO 3166-2:IQ,Asia,Western Asia,,142.0,145.0,,2010,0.78
Iraq,IQ,IRQ,368,ISO 3166-2:IQ,Asia,Western Asia,,142.0,145.0,,2011,
Iraq,IQ,IRQ,368,ISO 3166-2:IQ,Asia,Western Asia,,142.0,145.0,,2012,
Iraq,IQ,IRQ,368,ISO 3166-2:IQ,Asia,Western Asia,,142.0,145.0,,2013,
Iraq,IQ,IRQ,368,ISO 3166-2:IQ,Asia,Western Asia,,142.0,145.0,,2014,0.43
Iraq,IQ,IRQ,368,ISO 3166-2:IQ,Asia,Western Asia,,142.0,145.0,,2015,
Iraq,IQ,IRQ,368,ISO 3166-2:IQ,Asia,Western Asia,,142.0,145.0,,2016,0.61
Ireland,IE,IRL,372,ISO 3166-2:IE,Europe,Northern Europe,,150.0,154.0,,1991,
Ireland,IE,IRL,372,ISO 3166-2:IE,Europe,Northern Europe,,150.0,154.0,,1992,
Ireland,IE,IRL,372,ISO 3166-2:IE,Europe,Northern Europe,,150.0,154.0,,1993,
Ireland,IE,IRL,372,ISO 3166-2:IE,Europe,Northern Europe,,150.0,154.0,,1994,
Ireland,IE,IRL,372,ISO 3166-2:IE,Europe,Northern Europe,,150.0,154.0,,1995,0.96
Ireland,IE,IRL,372,ISO 3166-2:IE,Europe,Northern Europe,,150.0,154.0,,1996,
Ireland,IE,IRL,372,ISO 3166-2:IE,Europe,Northern Europe,,150.0,154.0,,1997,
Ireland,IE,IRL,372,ISO 3166-2:IE,Europe,Northern Europe,,150.0,154.0,,1998,1.02
Ireland,IE,IRL,372,ISO 3166-2:IE,Europe,Northern Europe,,150.0,154.0,,1999,
Ireland,IE,IRL,372,ISO 3166-2:IE,Europe,Northern Europe,,150.0,154.0,,2000,0.72
Ireland,IE,IRL,372,ISO 3166-2:IE,Europe,Northern Europe,,150.0,154.0,,2001,
Ireland,IE,IRL,372,ISO 3166-2:IE,Europe,Northern Europe,,150.0,154.0,,2002,0.9
Ireland,IE,IRL,372,ISO 3166-2:IE,Europe,Northern Europe,,150.0,154.0,,2003,
Ireland,IE,IRL,372,ISO 3166-2:IE,Europe,Northern Europe,,150.0,154.0,,2004,1.29
Ireland,IE,IRL,372,ISO 3166-2:IE,Europe,Northern Europe,,150.0,154.0,,2005,
Ireland,IE,IRL,372,ISO 3166-2:IE,Europe,Northern Europe,,150.0,154.0,,2006,1.34
Ireland,IE,IRL,372,ISO 3166-2:IE,Europe,Northern Europe,,150.0,154.0,,2007,
Ireland,IE,IRL,372,ISO 3166-2:IE,Europe,Northern Europe,,150.0,154.0,,2008,1.56
Ireland,IE,IRL,372,ISO 3166-2:IE,Europe,Northern Europe,,150.0,154.0,,2009,
Ireland,IE,IRL,372,ISO 3166-2:IE,Europe,Northern Europe,,150.0,154.0,,2010,1.78
Ireland,IE,IRL,372,ISO 3166-2:IE,Europe,Northern Europe,,150.0,154.0,,2011,
Ireland,IE,IRL,372,ISO 3166-2:IE,Europe,Northern Europe,,150.0,154.0,,2012,2.02
Ireland,IE,IRL,372,ISO 3166-2:IE,Europe,Northern Europe,,150.0,154.0,,2013,
Ireland,IE,IRL,372,ISO 3166-2:IE,Europe,Northern Europe,,150.0,154.0,,2014,1.92
Ireland,IE,IRL,372,ISO 3166-2:IE,Europe,Northern Europe,,150.0,154.0,,2015,
Ireland,IE,IRL,372,ISO 3166-2:IE,Europe,Northern Europe,,150.0,154.0,,2016,1.37
Isle of Man,IM,IMN,833,ISO 3166-2:IM,Europe,Northern Europe,,150.0,154.0,,,
Israel,IL,ISR,376,ISO 3166-2:IL,Asia,Western Asia,,142.0,145.0,,1991,
Israel,IL,ISR,376,ISO 3166-2:IL,Asia,Western Asia,,142.0,145.0,,1992,
Israel,IL,ISR,376,ISO 3166-2:IL,Asia,Western Asia,,142.0,145.0,,1993,
Israel,IL,ISR,376,ISO 3166-2:IL,Asia,Western Asia,,142.0,145.0,,1994,
Israel,IL,ISR,376,ISO 3166-2:IL,Asia,Western Asia,,142.0,145.0,,1995,0.73
Israel,IL,ISR,376,ISO 3166-2:IL,Asia,Western Asia,,142.0,145.0,,1996,
Israel,IL,ISR,376,ISO 3166-2:IL,Asia,Western Asia,,142.0,145.0,,1997,
Israel,IL,ISR,376,ISO 3166-2:IL,Asia,Western Asia,,142.0,145.0,,1998,0.86
Israel,IL,ISR,376,ISO 3166-2:IL,Asia,Western Asia,,142.0,145.0,,1999,
Israel,IL,ISR,376,ISO 3166-2:IL,Asia,Western Asia,,142.0,145.0,,2000,1.14
Israel,IL,ISR,376,ISO 3166-2:IL,Asia,Western Asia,,142.0,145.0,,2001,
Israel,IL,ISR,376,ISO 3166-2:IL,Asia,Western Asia,,142.0,145.0,,2002,0.9
Israel,IL,ISR,376,ISO 3166-2:IL,Asia,Western Asia,,142.0,145.0,,2003,
Israel,IL,ISR,376,ISO 3166-2:IL,Asia,Western Asia,,142.0,145.0,,2004,1.05
Israel,IL,ISR,376,ISO 3166-2:IL,Asia,Western Asia,,142.0,145.0,,2005,
Israel,IL,ISR,376,ISO 3166-2:IL,Asia,Western Asia,,142.0,145.0,,2006,1.47
Israel,IL,ISR,376,ISO 3166-2:IL,Asia,Western Asia,,142.0,145.0,,2007,
Israel,IL,ISR,376,ISO 3166-2:IL,Asia,Western Asia,,142.0,145.0,,2008,1.37
Israel,IL,ISR,376,ISO 3166-2:IL,Asia,Western Asia,,142.0,145.0,,2009,
Israel,IL,ISR,376,ISO 3166-2:IL,Asia,Western Asia,,142.0,145.0,,2010,1.85
Israel,IL,ISR,376,ISO 3166-2:IL,Asia,Western Asia,,142.0,145.0,,2011,
Israel,IL,ISR,376,ISO 3166-2:IL,Asia,Western Asia,,142.0,145.0,,2012,2.01
Israel,IL,ISR,376,ISO 3166-2:IL,Asia,Western Asia,,142.0,145.0,,2013,
Israel,IL,ISR,376,ISO 3166-2:IL,Asia,Western Asia,,142.0,145.0,,2014,1.88
Israel,IL,ISR,376,ISO 3166-2:IL,Asia,Western Asia,,142.0,145.0,,2015,
Israel,IL,ISR,376,ISO 3166-2:IL,Asia,Western Asia,,142.0,145.0,,2016,1.57
Italy,IT,ITA,380,ISO 3166-2:IT,Europe,Southern Europe,,150.0,39.0,,1991,
Italy,IT,ITA,380,ISO 3166-2:IT,Europe,Southern Europe,,150.0,39.0,,1992,
Italy,IT,ITA,380,ISO 3166-2:IT,Europe,Southern Europe,,150.0,39.0,,1993,
Italy,IT,ITA,380,ISO 3166-2:IT,Europe,Southern Europe,,150.0,39.0,,1994,
Italy,IT,ITA,380,ISO 3166-2:IT,Europe,Southern Europe,,150.0,39.0,,1995,1.18
Italy,IT,ITA,380,ISO 3166-2:IT,Europe,Southern Europe,,150.0,39.0,,1996,
Italy,IT,ITA,380,ISO 3166-2:IT,Europe,Southern Europe,,150.0,39.0,,1997,
Italy,IT,ITA,380,ISO 3166-2:IT,Europe,Southern Europe,,150.0,39.0,,1998,1.19
Italy,IT,ITA,380,ISO 3166-2:IT,Europe,Southern Europe,,150.0,39.0,,1999,
Italy,IT,ITA,380,ISO 3166-2:IT,Europe,Southern Europe,,150.0,39.0,,2000,0.97
Italy,IT,ITA,380,ISO 3166-2:IT,Europe,Southern Europe,,150.0,39.0,,2001,
Italy,IT,ITA,380,ISO 3166-2:IT,Europe,Southern Europe,,150.0,39.0,,2002,1.05
Italy,IT,ITA,380,ISO 3166-2:IT,Europe,Southern Europe,,150.0,39.0,,2003,
Italy,IT,ITA,380,ISO 3166-2:IT,Europe,Southern Europe,,150.0,39.0,,2004,1.53
Italy,IT,ITA,380,ISO 3166-2:IT,Europe,Southern Europe,,150.0,39.0,,2005,
Italy,IT,ITA,380,ISO 3166-2:IT,Europe,Southern Europe,,150.0,39.0,,2006,1.56
Italy,IT,ITA,380,ISO 3166-2:IT,Europe,Southern Europe,,150.0,39.0,,2007,
Italy,IT,ITA,380,ISO 3166-2:IT,Europe,Southern Europe,,150.0,39.0,,2008,1.57
Italy,IT,ITA,380,ISO 3166-2:IT,Europe,Southern Europe,,150.0,39.0,,2009,
Italy,IT,ITA,380,ISO 3166-2:IT,Europe,Southern Europe,,150.0,39.0,,2010,1.87
Italy,IT,ITA,380,ISO 3166-2:IT,Europe,Southern Europe,,150.0,39.0,,2011,
Italy,IT,ITA,380,ISO 3166-2:IT,Europe,Southern Europe,,150.0,39.0,,2012,2.28
Italy,IT,ITA,380,ISO 3166-2:IT,Europe,Southern Europe,,150.0,39.0,,2013,
Italy,IT,ITA,380,ISO 3166-2:IT,Europe,Southern Europe,,150.0,39.0,,2014,2.14
Italy,IT,ITA,380,ISO 3166-2:IT,Europe,Southern Europe,,150.0,39.0,,2015,
Italy,IT,ITA,380,ISO 3166-2:IT,Europe,Southern Europe,,150.0,39.0,,2016,1.61
Jamaica,JM,JAM,388,ISO 3166-2:JM,Americas,Latin America and the Caribbean,Caribbean,19.0,419.0,29.0,1991,
Jamaica,JM,JAM,388,ISO 3166-2:JM,Americas,Latin America and the Caribbean,Caribbean,19.0,419.0,29.0,1992,
Jamaica,JM,JAM,388,ISO 3166-2:JM,Americas,Latin America and the Caribbean,Caribbean,19.0,419.0,29.0,1993,
Jamaica,JM,JAM,388,ISO 3166-2:JM,Americas,Latin America and the Caribbean,Caribbean,19.0,419.0,29.0,1994,
Jamaica,JM,JAM,388,ISO 3166-2:JM,Americas,Latin America and the Caribbean,Caribbean,19.0,419.0,29.0,1995,
Jamaica,JM,JAM,388,ISO 3166-2:JM,Americas,Latin America and the Caribbean,Caribbean,19.0,419.0,29.0,1996,
Jamaica,JM,JAM,388,ISO 3166-2:JM,Americas,Latin America and the Caribbean,Caribbean,19.0,419.0,29.0,1997,
Jamaica,JM,JAM,388,ISO 3166-2:JM,Americas,Latin America and the Caribbean,Caribbean,19.0,419.0,29.0,1998,0.37
Jamaica,JM,JAM,388,ISO 3166-2:JM,Americas,Latin America and the Caribbean,Caribbean,19.0,419.0,29.0,1999,
Jamaica,JM,JAM,388,ISO 3166-2:JM,Americas,Latin America and the Caribbean,Caribbean,19.0,419.0,29.0,2000,0.62
Jamaica,JM,JAM,388,ISO 3166-2:JM,Americas,Latin America and the Caribbean,Caribbean,19.0,419.0,29.0,2001,
Jamaica,JM,JAM,388,ISO 3166-2:JM,Americas,Latin America and the Caribbean,Caribbean,19.0,419.0,29.0,2002,0.52
Jamaica,JM,JAM,388,ISO 3166-2:JM,Americas,Latin America and the Caribbean,Caribbean,19.0,419.0,29.0,2003,
Jamaica,JM,JAM,388,ISO 3166-2:JM,Americas,Latin America and the Caribbean,Caribbean,19.0,419.0,29.0,2004,0.63
Jamaica,JM,JAM,388,ISO 3166-2:JM,Americas,Latin America and the Caribbean,Caribbean,19.0,419.0,29.0,2005,
Jamaica,JM,JAM,388,ISO 3166-2:JM,Americas,Latin America and the Caribbean,Caribbean,19.0,419.0,29.0,2006,0.82
Jamaica,JM,JAM,388,ISO 3166-2:JM,Americas,Latin America and the Caribbean,Caribbean,19.0,419.0,29.0,2007,
Jamaica,JM,JAM,388,ISO 3166-2:JM,Americas,Latin America and the Caribbean,Caribbean,19.0,419.0,29.0,2008,0.74
Jamaica,JM,JAM,388,ISO 3166-2:JM,Americas,Latin America and the Caribbean,Caribbean,19.0,419.0,29.0,2009,
Jamaica,JM,JAM,388,ISO 3166-2:JM,Americas,Latin America and the Caribbean,Caribbean,19.0,419.0,29.0,2010,0.98
Jamaica,JM,JAM,388,ISO 3166-2:JM,Americas,Latin America and the Caribbean,Caribbean,19.0,419.0,29.0,2011,
Jamaica,JM,JAM,388,ISO 3166-2:JM,Americas,Latin America and the Caribbean,Caribbean,19.0,419.0,29.0,2012,1.2
Jamaica,JM,JAM,388,ISO 3166-2:JM,Americas,Latin America and the Caribbean,Caribbean,19.0,419.0,29.0,2013,
Jamaica,JM,JAM,388,ISO 3166-2:JM,Americas,Latin America and the Caribbean,Caribbean,19.0,419.0,29.0,2014,1.14
Jamaica,JM,JAM,388,ISO 3166-2:JM,Americas,Latin America and the Caribbean,Caribbean,19.0,419.0,29.0,2015,
Jamaica,JM,JAM,388,ISO 3166-2:JM,Americas,Latin America and the Caribbean,Caribbean,19.0,419.0,29.0,2016,1.11
Japan,JP,JPN,392,ISO 3166-2:JP,Asia,Eastern Asia,,142.0,30.0,,1991,
Japan,JP,JPN,392,ISO 3166-2:JP,Asia,Eastern Asia,,142.0,30.0,,1992,
Japan,JP,JPN,392,ISO 3166-2:JP,Asia,Eastern Asia,,142.0,30.0,,1993,
Japan,JP,JPN,392,ISO 3166-2:JP,Asia,Eastern Asia,,142.0,30.0,,1994,
Japan,JP,JPN,392,ISO 3166-2:JP,Asia,Eastern Asia,,142.0,30.0,,1995,1.25
Japan,JP,JPN,392,ISO 3166-2:JP,Asia,Eastern Asia,,142.0,30.0,,1996,
Japan,JP,JPN,392,ISO 3166-2:JP,Asia,Eastern Asia,,142.0,30.0,,1997,
Japan,JP,JPN,392,ISO 3166-2:JP,Asia,Eastern Asia,,142.0,30.0,,1998,1.02
Japan,JP,JPN,392,ISO 3166-2:JP,Asia,Eastern Asia,,142.0,30.0,,1999,
Japan,JP,JPN,392,ISO 3166-2:JP,Asia,Eastern Asia,,142.0,30.0,,2000,1.06
Japan,JP,JPN,392,ISO 3166-2:JP,Asia,Eastern Asia,,142.0,30.0,,2001,
Japan,JP,JPN,392,ISO 3166-2:JP,Asia,Eastern Asia,,142.0,30.0,,2002,0.91
Japan,JP,JPN,392,ISO 3166-2:JP,Asia,Eastern Asia,,142.0,30.0,,2003,
Japan,JP,JPN,392,ISO 3166-2:JP,Asia,Eastern Asia,,142.0,30.0,,2004,1.26
Japan,JP,JPN,392,ISO 3166-2:JP,Asia,Eastern Asia,,142.0,30.0,,2005,
Japan,JP,JPN,392,ISO 3166-2:JP,Asia,Eastern Asia,,142.0,30.0,,2006,1.09
Japan,JP,JPN,392,ISO 3166-2:JP,Asia,Eastern Asia,,142.0,30.0,,2007,
Japan,JP,JPN,392,ISO 3166-2:JP,Asia,Eastern Asia,,142.0,30.0,,2008,1.42
Japan,JP,JPN,392,ISO 3166-2:JP,Asia,Eastern Asia,,142.0,30.0,,2009,
Japan,JP,JPN,392,ISO 3166-2:JP,Asia,Eastern Asia,,142.0,30.0,,2010,1.6
Japan,JP,JPN,392,ISO 3166-2:JP,Asia,Eastern Asia,,142.0,30.0,,2011,
Japan,JP,JPN,392,ISO 3166-2:JP,Asia,Eastern Asia,,142.0,30.0,,2012,2.0
Japan,JP,JPN,392,ISO 3166-2:JP,Asia,Eastern Asia,,142.0,30.0,,2013,
Japan,JP,JPN,392,ISO 3166-2:JP,Asia,Eastern Asia,,142.0,30.0,,2014,1.38
Japan,JP,JPN,392,ISO 3166-2:JP,Asia,Eastern Asia,,142.0,30.0,,2015,
Japan,JP,JPN,392,ISO 3166-2:JP,Asia,Eastern Asia,,142.0,30.0,,2016,1.06
Jersey,JE,JEY,832,ISO 3166-2:JE,Europe,Northern Europe,,150.0,154.0,,,
Jordan,JO,JOR,400,ISO 3166-2:JO,Asia,Western Asia,,142.0,145.0,,1991,
Jordan,JO,JOR,400,ISO 3166-2:JO,Asia,Western Asia,,142.0,145.0,,1992,
Jordan,JO,JOR,400,ISO 3166-2:JO,Asia,Western Asia,,142.0,145.0,,1993,
Jordan,JO,JOR,400,ISO 3166-2:JO,Asia,Western Asia,,142.0,145.0,,1994,
Jordan,JO,JOR,400,ISO 3166-2:JO,Asia,Western Asia,,142.0,145.0,,1995,0.4
Jordan,JO,JOR,400,ISO 3166-2:JO,Asia,Western Asia,,142.0,145.0,,1996,
Jordan,JO,JOR,400,ISO 3166-2:JO,Asia,Western Asia,,142.0,145.0,,1997,
Jordan,JO,JOR,400,ISO 3166-2:JO,Asia,Western Asia,,142.0,145.0,,1998,0.42
Jordan,JO,JOR,400,ISO 3166-2:JO,Asia,Western Asia,,142.0,145.0,,1999,
Jordan,JO,JOR,400,ISO 3166-2:JO,Asia,Western Asia,,142.0,145.0,,2000,0.45
Jordan,JO,JOR,400,ISO 3166-2:JO,Asia,Western Asia,,142.0,145.0,,2001,
Jordan,JO,JOR,400,ISO 3166-2:JO,Asia,Western Asia,,142.0,145.0,,2002,0.52
Jordan,JO,JOR,400,ISO 3166-2:JO,Asia,Western Asia,,142.0,145.0,,2003,
Jordan,JO,JOR,400,ISO 3166-2:JO,Asia,Western Asia,,142.0,145.0,,2004,0.61
Jordan,JO,JOR,400,ISO 3166-2:JO,Asia,Western Asia,,142.0,145.0,,2005,
Jordan,JO,JOR,400,ISO 3166-2:JO,Asia,Western Asia,,142.0,145.0,,2006,0.86
Jordan,JO,JOR,400,ISO 3166-2:JO,Asia,Western Asia,,142.0,145.0,,2007,
Jordan,JO,JOR,400,ISO 3166-2:JO,Asia,Western Asia,,142.0,145.0,,2008,0.61
Jordan,JO,JOR,400,ISO 3166-2:JO,Asia,Western Asia,,142.0,145.0,,2009,
Jordan,JO,JOR,400,ISO 3166-2:JO,Asia,Western Asia,,142.0,145.0,,2010,1.04
Jordan,JO,JOR,400,ISO 3166-2:JO,Asia,Western Asia,,142.0,145.0,,2011,
Jordan,JO,JOR,400,ISO 3166-2:JO,Asia,Western Asia,,142.0,145.0,,2012,1.44
Jordan,JO,JOR,400,ISO 3166-2:JO,Asia,Western Asia,,142.0,145.0,,2013,
Jordan,JO,JOR,400,ISO 3166-2:JO,Asia,Western Asia,,142.0,145.0,,2014,1.27
Jordan,JO,JOR,400,ISO 3166-2:JO,Asia,Western Asia,,142.0,145.0,,2015,
Jordan,JO,JOR,400,ISO 3166-2:JO,Asia,Western Asia,,142.0,145.0,,2016,1.1
Kazakhstan,KZ,KAZ,398,ISO 3166-2:KZ,Asia,Central Asia,,142.0,143.0,,1991,
Kazakhstan,KZ,KAZ,398,ISO 3166-2:KZ,Asia,Central Asia,,142.0,143.0,,1992,
Kazakhstan,KZ,KAZ,398,ISO 3166-2:KZ,Asia,Central Asia,,142.0,143.0,,1993,
Kazakhstan,KZ,KAZ,398,ISO 3166-2:KZ,Asia,Central Asia,,142.0,143.0,,1994,
Kazakhstan,KZ,KAZ,398,ISO 3166-2:KZ,Asia,Central Asia,,142.0,143.0,,1995,0.3
Kazakhstan,KZ,KAZ,398,ISO 3166-2:KZ,Asia,Central Asia,,142.0,143.0,,1996,
Kazakhstan,KZ,KAZ,398,ISO 3166-2:KZ,Asia,Central Asia,,142.0,143.0,,1997,
Kazakhstan,KZ,KAZ,398,ISO 3166-2:KZ,Asia,Central Asia,,142.0,143.0,,1998,0.3
Kazakhstan,KZ,KAZ,398,ISO 3166-2:KZ,Asia,Central Asia,,142.0,143.0,,1999,
Kazakhstan,KZ,KAZ,398,ISO 3166-2:KZ,Asia,Central Asia,,142.0,143.0,,2000,0.36
Kazakhstan,KZ,KAZ,398,ISO 3166-2:KZ,Asia,Central Asia,,142.0,143.0,,2001,
Kazakhstan,KZ,KAZ,398,ISO 3166-2:KZ,Asia,Central Asia,,142.0,143.0,,2002,0.35
Kazakhstan,KZ,KAZ,398,ISO 3166-2:KZ,Asia,Central Asia,,142.0,143.0,,2003,
Kazakhstan,KZ,KAZ,398,ISO 3166-2:KZ,Asia,Central Asia,,142.0,143.0,,2004,0.52
Kazakhstan,KZ,KAZ,398,ISO 3166-2:KZ,Asia,Central Asia,,142.0,143.0,,2005,
Kazakhstan,KZ,KAZ,398,ISO 3166-2:KZ,Asia,Central Asia,,142.0,143.0,,2006,0.7
Kazakhstan,KZ,KAZ,398,ISO 3166-2:KZ,Asia,Central Asia,,142.0,143.0,,2007,
Kazakhstan,KZ,KAZ,398,ISO 3166-2:KZ,Asia,Central Asia,,142.0,143.0,,2008,0.83
Kazakhstan,KZ,KAZ,398,ISO 3166-2:KZ,Asia,Central Asia,,142.0,143.0,,2009,
Kazakhstan,KZ,KAZ,398,ISO 3166-2:KZ,Asia,Central Asia,,142.0,143.0,,2010,0.71
Kazakhstan,KZ,KAZ,398,ISO 3166-2:KZ,Asia,Central Asia,,142.0,143.0,,2011,
Kazakhstan,KZ,KAZ,398,ISO 3166-2:KZ,Asia,Central Asia,,142.0,143.0,,2012,1.01
Kazakhstan,KZ,KAZ,398,ISO 3166-2:KZ,Asia,Central Asia,,142.0,143.0,,2013,
Kazakhstan,KZ,KAZ,398,ISO 3166-2:KZ,Asia,Central Asia,,142.0,143.0,,2014,0.81
Kazakhstan,KZ,KAZ,398,ISO 3166-2:KZ,Asia,Central Asia,,142.0,143.0,,2015,
Kazakhstan,KZ,KAZ,398,ISO 3166-2:KZ,Asia,Central Asia,,142.0,143.0,,2016,0.42
Kenya,KE,KEN,404,ISO 3166-2:KE,Africa,Sub-Saharan Africa,Eastern Africa,2.0,202.0,14.0,1991,0.53
Kenya,KE,KEN,404,ISO 3166-2:KE,Africa,Sub-Saharan Africa,Eastern Africa,2.0,202.0,14.0,1992,0.4
Kenya,KE,KEN,404,ISO 3166-2:KE,Africa,Sub-Saharan Africa,Eastern Africa,2.0,202.0,14.0,1993,
Kenya,KE,KEN,404,ISO 3166-2:KE,Africa,Sub-Saharan Africa,Eastern Africa,2.0,202.0,14.0,1994,
Kenya,KE,KEN,404,ISO 3166-2:KE,Africa,Sub-Saharan Africa,Eastern Africa,2.0,202.0,14.0,1995,0.56
Kenya,KE,KEN,404,ISO 3166-2:KE,Africa,Sub-Saharan Africa,Eastern Africa,2.0,202.0,14.0,1996,
Kenya,KE,KEN,404,ISO 3166-2:KE,Africa,Sub-Saharan Africa,Eastern Africa,2.0,202.0,14.0,1997,
Kenya,KE,KEN,404,ISO 3166-2:KE,Africa,Sub-Saharan Africa,Eastern Africa,2.0,202.0,14.0,1998,0.7
Kenya,KE,KEN,404,ISO 3166-2:KE,Africa,Sub-Saharan Africa,Eastern Africa,2.0,202.0,14.0,1999,
Kenya,KE,KEN,404,ISO 3166-2:KE,Africa,Sub-Saharan Africa,Eastern Africa,2.0,202.0,14.0,2000,0.71
Kenya,KE,KEN,404,ISO 3166-2:KE,Africa,Sub-Saharan Africa,Eastern Africa,2.0,202.0,14.0,2001,
Kenya,KE,KEN,404,ISO 3166-2:KE,Africa,Sub-Saharan Africa,Eastern Africa,2.0,202.0,14.0,2002,0.7
Kenya,KE,KEN,404,ISO 3166-2:KE,Africa,Sub-Saharan Africa,Eastern Africa,2.0,202.0,14.0,2003,
Kenya,KE,KEN,404,ISO 3166-2:KE,Africa,Sub-Saharan Africa,Eastern Africa,2.0,202.0,14.0,2004,0.92
Kenya,KE,KEN,404,ISO 3166-2:KE,Africa,Sub-Saharan Africa,Eastern Africa,2.0,202.0,14.0,2005,
Kenya,KE,KEN,404,ISO 3166-2:KE,Africa,Sub-Saharan Africa,Eastern Africa,2.0,202.0,14.0,2006,1.12
Kenya,KE,KEN,404,ISO 3166-2:KE,Africa,Sub-Saharan Africa,Eastern Africa,2.0,202.0,14.0,2007,
Kenya,KE,KEN,404,ISO 3166-2:KE,Africa,Sub-Saharan Africa,Eastern Africa,2.0,202.0,14.0,2008,1.2
Kenya,KE,KEN,404,ISO 3166-2:KE,Africa,Sub-Saharan Africa,Eastern Africa,2.0,202.0,14.0,2009,
Kenya,KE,KEN,404,ISO 3166-2:KE,Africa,Sub-Saharan Africa,Eastern Africa,2.0,202.0,14.0,2010,1.33
Kenya,KE,KEN,404,ISO 3166-2:KE,Africa,Sub-Saharan Africa,Eastern Africa,2.0,202.0,14.0,2011,
Kenya,KE,KEN,404,ISO 3166-2:KE,Africa,Sub-Saharan Africa,Eastern Africa,2.0,202.0,14.0,2012,1.37
Kenya,KE,KEN,404,ISO 3166-2:KE,Africa,Sub-Saharan Africa,Eastern Africa,2.0,202.0,14.0,2013,
Kenya,KE,KEN,404,ISO 3166-2:KE,Africa,Sub-Saharan Africa,Eastern Africa,2.0,202.0,14.0,2014,1.21
Kenya,KE,KEN,404,ISO 3166-2:KE,Africa,Sub-Saharan Africa,Eastern Africa,2.0,202.0,14.0,2015,
Kenya,KE,KEN,404,ISO 3166-2:KE,Africa,Sub-Saharan Africa,Eastern Africa,2.0,202.0,14.0,2016,0.95
Kiribati,KI,KIR,296,ISO 3166-2:KI,Oceania,Micronesia,,9.0,57.0,,,
"Korea, Democratic People's Republic of",KP,PRK,408,ISO 3166-2:KP,Asia,Eastern Asia,,142.0,30.0,,,
"Korea, Republic of",KR,KOR,410,ISO 3166-2:KR,Asia,Eastern Asia,,142.0,30.0,,,
Kuwait,KW,KWT,414,ISO 3166-2:KW,Asia,Western Asia,,142.0,145.0,,1991,
Kuwait,KW,KWT,414,ISO 3166-2:KW,Asia,Western Asia,,142.0,145.0,,1992,
Kuwait,KW,KWT,414,ISO 3166-2:KW,Asia,Western Asia,,142.0,145.0,,1993,
Kuwait,KW,KWT,414,ISO 3166-2:KW,Asia,Western Asia,,142.0,145.0,,1994,
Kuwait,KW,KWT,414,ISO 3166-2:KW,Asia,Western Asia,,142.0,145.0,,1995,
Kuwait,KW,KWT,414,ISO 3166-2:KW,Asia,Western Asia,,142.0,145.0,,1996,
Kuwait,KW,KWT,414,ISO 3166-2:KW,Asia,Western Asia,,142.0,145.0,,1997,
Kuwait,KW,KWT,414,ISO 3166-2:KW,Asia,Western Asia,,142.0,145.0,,1998,0.17
Kuwait,KW,KWT,414,ISO 3166-2:KW,Asia,Western Asia,,142.0,145.0,,1999,
Kuwait,KW,KWT,414,ISO 3166-2:KW,Asia,Western Asia,,142.0,145.0,,2000,0.21
Kuwait,KW,KWT,414,ISO 3166-2:KW,Asia,Western Asia,,142.0,145.0,,2001,
Kuwait,KW,KWT,414,ISO 3166-2:KW,Asia,Western Asia,,142.0,145.0,,2002,0.2
Kuwait,KW,KWT,414,ISO 3166-2:KW,Asia,Western Asia,,142.0,145.0,,2003,
Kuwait,KW,KWT,414,ISO 3166-2:KW,Asia,Western Asia,,142.0,145.0,,2004,0.24
Kuwait,KW,KWT,414,ISO 3166-2:KW,Asia,Western Asia,,142.0,145.0,,2005,
Kuwait,KW,KWT,414,ISO 3166-2:KW,Asia,Western Asia,,142.0,145.0,,2006,0.22
Kuwait,KW,KWT,414,ISO 3166-2:KW,Asia,Western Asia,,142.0,145.0,,2007,
Kuwait,KW,KWT,414,ISO 3166-2:KW,Asia,Western Asia,,142.0,145.0,,2008,0.24
Kuwait,KW,KWT,414,ISO 3166-2:KW,Asia,Western Asia,,142.0,145.0,,2009,
Kuwait,KW,KWT,414,ISO 3166-2:KW,Asia,Western Asia,,142.0,145.0,,2010,0.23
Kuwait,KW,KWT,414,ISO 3166-2:KW,Asia,Western Asia,,142.0,145.0,,2011,
Kuwait,KW,KWT,414,ISO 3166-2:KW,Asia,Western Asia,,142.0,145.0,,2012,0.23
Kuwait,KW,KWT,414,ISO 3166-2:KW,Asia,Western Asia,,142.0,145.0,,2013,
Kuwait,KW,KWT,414,ISO 3166-2:KW,Asia,Western Asia,,142.0,145.0,,2014,0.22
Kuwait,KW,KWT,414,ISO 3166-2:KW,Asia,Western Asia,,142.0,145.0,,2015,
Kuwait,KW,KWT,414,ISO 3166-2:KW,Asia,Western Asia,,142.0,145.0,,2016,0.35
Kyrgyzstan,KG,KGZ,417,ISO 3166-2:KG,Asia,Central Asia,,142.0,143.0,,,
Lao People's Democratic Republic,LA,LAO,418,ISO 3166-2:LA,Asia,South-eastern Asia,,142.0,35.0,,,
Latvia,LV,LVA,428,ISO 3166-2:LV,Europe,Northern Europe,,150.0,154.0,,1991,
Latvia,LV,LVA,428,ISO 3166-2:LV,Europe,Northern Europe,,150.0,154.0,,1992,
Latvia,LV,LVA,428,ISO 3166-2:LV,Europe,Northern Europe,,150.0,154.0,,1993,
Latvia,LV,LVA,428,ISO 3166-2:LV,Europe,Northern Europe,,150.0,154.0,,1994,
Latvia,LV,LVA,428,ISO 3166-2:LV,Europe,Northern Europe,,150.0,154.0,,1995,0.41
Latvia,LV,LVA,428,ISO 3166-2:LV,Europe,Northern Europe,,150.0,154.0,,1996,
Latvia,LV,LVA,428,ISO 3166-2:LV,Europe,Northern Europe,,150.0,154.0,,1997,
Latvia,LV,LVA,428,ISO 3166-2:LV,Europe,Northern Europe,,150.0,154.0,,1998,0.55
Latvia,LV,LVA,428,ISO 3166-2:LV,Europe,Northern Europe,,150.0,154.0,,1999,
Latvia,LV,LVA,428,ISO 3166-2:LV,Europe,Northern Europe,,150.0,154.0,,2000,0.67
Latvia,LV,LVA,428,ISO 3166-2:LV,Europe,Northern Europe,,150.0,154.0,,2001,
Latvia,LV,LVA,428,ISO 3166-2:LV,Europe,Northern Europe,,150.0,154.0,,2002,0.7
Latvia,LV,LVA,428,ISO 3166-2:LV,Europe,Northern Europe,,150.0,154.0,,2003,
Latvia,LV,LVA,428,ISO 3166-2:LV,Europe,Northern Europe,,150.0,154.0,,2004,0.94
Latvia,LV,LVA,428,ISO 3166-2:LV,Europe,Northern Europe,,150.0,154.0,,2005,
Latvia,LV,LVA,428,ISO 3166-2:LV,Europe,Northern Europe,,150.0,154.0,,2006,1.2
Latvia,LV,LVA,428,ISO 3166-2:LV,Europe,Northern Europe,,150.0,154.0,,2007,
Latvia,LV,LVA,428,ISO 3166-2:LV,Europe,Northern Europe,,150.0,154.0,,2008,1.12
Latvia,LV,LVA,428,ISO 3166-2:LV,Europe,Northern Europe,,150.0,154.0,,2009,
Latvia,LV,LVA,428,ISO 3166-2:LV,Europe,Northern Europe,,150.0,154.0,,2010,1.48
Latvia,LV,LVA,428,ISO 3166-2:LV,Europe,Northern Europe,,150.0,154.0,,2011,
Latvia,LV,LVA,428,ISO 3166-2:LV,Europe,Northern Europe,,150.0,154.0,,2012,1.8
Latvia,LV,LVA,428,ISO 3166-2:LV,Europe,Northern Europe,,150.0,154.0,,2013,
Latvia,LV,LVA,428,ISO 3166-2:LV,Europe,Northern Europe,,150.0,154.0,,2014,1.48
Latvia,LV,LVA,428,ISO 3166-2:LV,Europe,Northern Europe,,150.0,154.0,,2015,
Latvia,LV,LVA,428,ISO 3166-2:LV,Europe,Northern Europe,,150.0,154.0,,2016,1.16
Lebanon,LB,LBN,422,ISO 3166-2:LB,Asia,Western Asia,,142.0,145.0,,1991,
Lebanon,LB,LBN,422,ISO 3166-2:LB,Asia,Western Asia,,142.0,145.0,,1992,
Lebanon,LB,LBN,422,ISO 3166-2:LB,Asia,Western Asia,,142.0,145.0,,1993,
Lebanon,LB,LBN,422,ISO 3166-2:LB,Asia,Western Asia,,142.0,145.0,,1994,
Lebanon,LB,LBN,422,ISO 3166-2:LB,Asia,Western Asia,,142.0,145.0,,1995,
Lebanon,LB,LBN,422,ISO 3166-2:LB,Asia,Western Asia,,142.0,145.0,,1996,
Lebanon,LB,LBN,422,ISO 3166-2:LB,Asia,Western Asia,,142.0,145.0,,1997,
Lebanon,LB,LBN,422,ISO 3166-2:LB,Asia,Western Asia,,142.0,145.0,,1998,0.35
Lebanon,LB,LBN,422,ISO 3166-2:LB,Asia,Western Asia,,142.0,145.0,,1999,
Lebanon,LB,LBN,422,ISO 3166-2:LB,Asia,Western Asia,,142.0,145.0,,2000,0.53
Lebanon,LB,LBN,422,ISO 3166-2:LB,Asia,Western Asia,,142.0,145.0,,2001,
Lebanon,LB,LBN,422,ISO 3166-2:LB,Asia,Western Asia,,142.0,145.0,,2002,0.65
Lebanon,LB,LBN,422,ISO 3166-2:LB,Asia,Western Asia,,142.0,145.0,,2003,
Lebanon,LB,LBN,422,ISO 3166-2:LB,Asia,Western Asia,,142.0,145.0,,2004,0.71
Lebanon,LB,LBN,422,ISO 3166-2:LB,Asia,Western Asia,,142.0,145.0,,2005,
Lebanon,LB,LBN,422,ISO 3166-2:LB,Asia,Western Asia,,142.0,145.0,,2006,0.74
Lebanon,LB,LBN,422,ISO 3166-2:LB,Asia,Western Asia,,142.0,145.0,,2007,
Lebanon,LB,LBN,422,ISO 3166-2:LB,Asia,Western Asia,,142.0,145.0,,2008,0.76
Lebanon,LB,LBN,422,ISO 3166-2:LB,Asia,Western Asia,,142.0,145.0,,2009,
Lebanon,LB,LBN,422,ISO 3166-2:LB,Asia,Western Asia,,142.0,145.0,,2010,1.13
Lebanon,LB,LBN,422,ISO 3166-2:LB,Asia,Western Asia,,142.0,145.0,,2011,
Lebanon,LB,LBN,422,ISO 3166-2:LB,Asia,Western Asia,,142.0,145.0,,2012,1.11
Lebanon,LB,LBN,422,ISO 3166-2:LB,Asia,Western Asia,,142.0,145.0,,2013,
Lebanon,LB,LBN,422,ISO 3166-2:LB,Asia,Western Asia,,142.0,145.0,,2014,0.96
Lebanon,LB,LBN,422,ISO 3166-2:LB,Asia,Western Asia,,142.0,145.0,,2015,
Lebanon,LB,LBN,422,ISO 3166-2:LB,Asia,Western Asia,,142.0,145.0,,2016,0.74
Lesotho,LS,LSO,426,ISO 3166-2:LS,Africa,Sub-Saharan Africa,Southern Africa,2.0,202.0,18.0,1991,
Lesotho,LS,LSO,426,ISO 3166-2:LS,Africa,Sub-Saharan Africa,Southern Africa,2.0,202.0,18.0,1992,
Lesotho,LS,LSO,426,ISO 3166-2:LS,Africa,Sub-Saharan Africa,Southern Africa,2.0,202.0,18.0,1993,
Lesotho,LS,LSO,426,ISO 3166-2:LS,Africa,Sub-Saharan Africa,Southern Africa,2.0,202.0,18.0,1994,
Lesotho,LS,LSO,426,ISO 3166-2:LS,Africa,Sub-Saharan Africa,Southern Africa,2.0,202.0,18.0,1995,
Lesotho,LS,LSO,426,ISO 3166-2:LS,Africa,Sub-Saharan Africa,Southern Africa,2.0,202.0,18.0,1996,
Lesotho,LS,LSO,426,ISO 3166-2:LS,Africa,Sub-Saharan Africa,Southern Africa,2.0,202.0,18.0,1997,
Lesotho,LS,LSO,426,ISO 3166-2:LS,Africa,Sub-Saharan Africa,Southern Africa,2.0,202.0,18.0,1998,0.39
Lesotho,LS,LSO,426,ISO 3166-2:LS,Africa,Sub-Saharan Africa,Southern Africa,2.0,202.0,18.0,1999,
Lesotho,LS,LSO,426,ISO 3166-2:LS,Africa,Sub-Saharan Africa,Southern Africa,2.0,202.0,18.0,2000,0.5
Lesotho,LS,LSO,426,ISO 3166-2:LS,Africa,Sub-Saharan Africa,Southern Africa,2.0,202.0,18.0,2001,
Lesotho,LS,LSO,426,ISO 3166-2:LS,Africa,Sub-Saharan Africa,Southern Africa,2.0,202.0,18.0,2002,
Lesotho,LS,LSO,426,ISO 3166-2:LS,Africa,Sub-Saharan Africa,Southern Africa,2.0,202.0,18.0,2003,
Lesotho,LS,LSO,426,ISO 3166-2:LS,Africa,Sub-Saharan Africa,Southern Africa,2.0,202.0,18.0,2004,0.73
Lesotho,LS,LSO,426,ISO 3166-2:LS,Africa,Sub-Saharan Africa,Southern Africa,2.0,202.0,18.0,2005,
Lesotho,LS,LSO,426,ISO 3166-2:LS,Africa,Sub-Saharan Africa,Southern Africa,2.0,202.0,18.0,2006,0.89
Lesotho,LS,LSO,426,ISO 3166-2:LS,Africa,Sub-Saharan Africa,Southern Africa,2.0,202.0,18.0,2007,
Lesotho,LS,LSO,426,ISO 3166-2:LS,Africa,Sub-Saharan Africa,Southern Africa,2.0,202.0,18.0,2008,0.79
Lesotho,LS,LSO,426,ISO 3166-2:LS,Africa,Sub-Saharan Africa,Southern Africa,2.0,202.0,18.0,2009,
Lesotho,LS,LSO,426,ISO 3166-2:LS,Africa,Sub-Saharan Africa,Southern Africa,2.0,202.0,18.0,2010,0.97
Lesotho,LS,LSO,426,ISO 3166-2:LS,Africa,Sub-Saharan Africa,Southern Africa,2.0,202.0,18.0,2011,
Lesotho,LS,LSO,426,ISO 3166-2:LS,Africa,Sub-Saharan Africa,Southern Africa,2.0,202.0,18.0,2012,1.24
Lesotho,LS,LSO,426,ISO 3166-2:LS,Africa,Sub-Saharan Africa,Southern Africa,2.0,202.0,18.0,2013,
Lesotho,LS,LSO,426,ISO 3166-2:LS,Africa,Sub-Saharan Africa,Southern Africa,2.0,202.0,18.0,2014,1.03
Lesotho,LS,LSO,426,ISO 3166-2:LS,Africa,Sub-Saharan Africa,Southern Africa,2.0,202.0,18.0,2015,
Lesotho,LS,LSO,426,ISO 3166-2:LS,Africa,Sub-Saharan Africa,Southern Africa,2.0,202.0,18.0,2016,0.7
Liberia,LR,LBR,430,ISO 3166-2:LR,Africa,Sub-Saharan Africa,Western Africa,2.0,202.0,11.0,1991,
Liberia,LR,LBR,430,ISO 3166-2:LR,Africa,Sub-Saharan Africa,Western Africa,2.0,202.0,11.0,1992,
Liberia,LR,LBR,430,ISO 3166-2:LR,Africa,Sub-Saharan Africa,Western Africa,2.0,202.0,11.0,1993,
Liberia,LR,LBR,430,ISO 3166-2:LR,Africa,Sub-Saharan Africa,Western Africa,2.0,202.0,11.0,1994,
Liberia,LR,LBR,430,ISO 3166-2:LR,Africa,Sub-Saharan Africa,Western Africa,2.0,202.0,11.0,1995,
Liberia,LR,LBR,430,ISO 3166-2:LR,Africa,Sub-Saharan Africa,Western Africa,2.0,202.0,11.0,1996,
Liberia,LR,LBR,430,ISO 3166-2:LR,Africa,Sub-Saharan Africa,Western Africa,2.0,202.0,11.0,1997,
Liberia,LR,LBR,430,ISO 3166-2:LR,Africa,Sub-Saharan Africa,Western Africa,2.0,202.0,11.0,1998,
Liberia,LR,LBR,430,ISO 3166-2:LR,Africa,Sub-Saharan Africa,Western Africa,2.0,202.0,11.0,1999,
Liberia,LR,LBR,430,ISO 3166-2:LR,Africa,Sub-Saharan Africa,Western Africa,2.0,202.0,11.0,2000,
Liberia,LR,LBR,430,ISO 3166-2:LR,Africa,Sub-Saharan Africa,Western Africa,2.0,202.0,11.0,2001,
Liberia,LR,LBR,430,ISO 3166-2:LR,Africa,Sub-Saharan Africa,Western Africa,2.0,202.0,11.0,2002,
Liberia,LR,LBR,430,ISO 3166-2:LR,Africa,Sub-Saharan Africa,Western Africa,2.0,202.0,11.0,2003,
Liberia,LR,LBR,430,ISO 3166-2:LR,Africa,Sub-Saharan Africa,Western Africa,2.0,202.0,11.0,2004,0.75
Liberia,LR,LBR,430,ISO 3166-2:LR,Africa,Sub-Saharan Africa,Western Africa,2.0,202.0,11.0,2005,
Liberia,LR,LBR,430,ISO 3166-2:LR,Africa,Sub-Saharan Africa,Western Africa,2.0,202.0,11.0,2006,0.79
Liberia,LR,LBR,430,ISO 3166-2:LR,Africa,Sub-Saharan Africa,Western Africa,2.0,202.0,11.0,2007,
Liberia,LR,LBR,430,ISO 3166-2:LR,Africa,Sub-Saharan Africa,Western Africa,2.0,202.0,11.0,2008,0.77
Liberia,LR,LBR,430,ISO 3166-2:LR,Africa,Sub-Saharan Africa,Western Africa,2.0,202.0,11.0,2009,
Liberia,LR,LBR,430,ISO 3166-2:LR,Africa,Sub-Saharan Africa,Western Africa,2.0,202.0,11.0,2010,0.98
Liberia,LR,LBR,430,ISO 3166-2:LR,Africa,Sub-Saharan Africa,Western Africa,2.0,202.0,11.0,2011,
Liberia,LR,LBR,430,ISO 3166-2:LR,Africa,Sub-Saharan Africa,Western Africa,2.0,202.0,11.0,2012,1.17
Liberia,LR,LBR,430,ISO 3166-2:LR,Africa,Sub-Saharan Africa,Western Africa,2.0,202.0,11.0,2013,
Liberia,LR,LBR,430,ISO 3166-2:LR,Africa,Sub-Saharan Africa,Western Africa,2.0,202.0,11.0,2014,0.91
Liberia,LR,LBR,430,ISO 3166-2:LR,Africa,Sub-Saharan Africa,Western Africa,2.0,202.0,11.0,2015,
Liberia,LR,LBR,430,ISO 3166-2:LR,Africa,Sub-Saharan Africa,Western Africa,2.0,202.0,11.0,2016,0.8
Libya,LY,LBY,434,ISO 3166-2:LY,Africa,Northern Africa,,2.0,15.0,,1991,
Libya,LY,LBY,434,ISO 3166-2:LY,Africa,Northern Africa,,2.0,15.0,,1992,
Libya,LY,LBY,434,ISO 3166-2:LY,Africa,Northern Africa,,2.0,15.0,,1993,
Libya,LY,LBY,434,ISO 3166-2:LY,Africa,Northern Africa,,2.0,15.0,,1994,
Libya,LY,LBY,434,ISO 3166-2:LY,Africa,Northern Africa,,2.0,15.0,,1995,
Libya,LY,LBY,434,ISO 3166-2:LY,Africa,Northern Africa,,2.0,15.0,,1996,
Libya,LY,LBY,434,ISO 3166-2:LY,Africa,Northern Africa,,2.0,15.0,,1997,
Libya,LY,LBY,434,ISO 3166-2:LY,Africa,Northern Africa,,2.0,15.0,,1998,0.22
Libya,LY,LBY,434,ISO 3166-2:LY,Africa,Northern Africa,,2.0,15.0,,1999,
Libya,LY,LBY,434,ISO 3166-2:LY,Africa,Northern Africa,,2.0,15.0,,2000,0.25
Libya,LY,LBY,434,ISO 3166-2:LY,Africa,Northern Africa,,2.0,15.0,,2001,
Libya,LY,LBY,434,ISO 3166-2:LY,Africa,Northern Africa,,2.0,15.0,,2002,0.1
Libya,LY,LBY,434,ISO 3166-2:LY,Africa,Northern Africa,,2.0,15.0,,2003,
Libya,LY,LBY,434,ISO 3166-2:LY,Africa,Northern Africa,,2.0,15.0,,2004,0.09
Libya,LY,LBY,434,ISO 3166-2:LY,Africa,Northern Africa,,2.0,15.0,,2005,
Libya,LY,LBY,434,ISO 3166-2:LY,Africa,Northern Africa,,2.0,15.0,,2006,0.12
Libya,LY,LBY,434,ISO 3166-2:LY,Africa,Northern Africa,,2.0,15.0,,2007,
Libya,LY,LBY,434,ISO 3166-2:LY,Africa,Northern Africa,,2.0,15.0,,2008,0.14
Libya,LY,LBY,434,ISO 3166-2:LY,Africa,Northern Africa,,2.0,15.0,,2009,
Libya,LY,LBY,434,ISO 3166-2:LY,Africa,Northern Africa,,2.0,15.0,,2010,0.17
Libya,LY,LBY,434,ISO 3166-2:LY,Africa,Northern Africa,,2.0,15.0,,2011,
Libya,LY,LBY,434,ISO 3166-2:LY,Africa,Northern Africa,,2.0,15.0,,2012,0.12
Libya,LY,LBY,434,ISO 3166-2:LY,Africa,Northern Africa,,2.0,15.0,,2013,
Libya,LY,LBY,434,ISO 3166-2:LY,Africa,Northern Africa,,2.0,15.0,,2014,
Libya,LY,LBY,434,ISO 3166-2:LY,Africa,Northern Africa,,2.0,15.0,,2015,
Libya,LY,LBY,434,ISO 3166-2:LY,Africa,Northern Africa,,2.0,15.0,,2016,0.11
Liechtenstein,LI,LIE,438,ISO 3166-2:LI,Europe,Western Europe,,150.0,155.0,,1991,
Liechtenstein,LI,LIE,438,ISO 3166-2:LI,Europe,Western Europe,,150.0,155.0,,1992,
Liechtenstein,LI,LIE,438,ISO 3166-2:LI,Europe,Western Europe,,150.0,155.0,,1993,
Liechtenstein,LI,LIE,438,ISO 3166-2:LI,Europe,Western Europe,,150.0,155.0,,1994,
Liechtenstein,LI,LIE,438,ISO 3166-2:LI,Europe,Western Europe,,150.0,155.0,,1995,
Liechtenstein,LI,LIE,438,ISO 3166-2:LI,Europe,Western Europe,,150.0,155.0,,1996,
Liechtenstein,LI,LIE,438,ISO 3166-2:LI,Europe,Western Europe,,150.0,155.0,,1997,
Liechtenstein,LI,LIE,438,ISO 3166-2:LI,Europe,Western Europe,,150.0,155.0,,1998,0.85
Liechtenstein,LI,LIE,438,ISO 3166-2:LI,Europe,Western Europe,,150.0,155.0,,1999,
Liechtenstein,LI,LIE,438,ISO 3166-2:LI,Europe,Western Europe,,150.0,155.0,,2000,0.81
Liechtenstein,LI,LIE,438,ISO 3166-2:LI,Europe,Western Europe,,150.0,155.0,,2001,
Liechtenstein,LI,LIE,438,ISO 3166-2:LI,Europe,Western Europe,,150.0,155.0,,2002,0.89
Liechtenstein,LI,LIE,438,ISO 3166-2:LI,Europe,Western Europe,,150.0,155.0,,2003,
Liechtenstein,LI,LIE,438,ISO 3166-2:LI,Europe,Western Europe,,150.0,155.0,,2004,1.29
Liechtenstein,LI,LIE,438,ISO 3166-2:LI,Europe,Western Europe,,150.0,155.0,,2005,
Liechtenstein,LI,LIE,438,ISO 3166-2:LI,Europe,Western Europe,,150.0,155.0,,2006,1.27
Liechtenstein,LI,LIE,438,ISO 3166-2:LI,Europe,Western Europe,,150.0,155.0,,2007,
Liechtenstein,LI,LIE,438,ISO 3166-2:LI,Europe,Western Europe,,150.0,155.0,,2008,1.3
Liechtenstein,LI,LIE,438,ISO 3166-2:LI,Europe,Western Europe,,150.0,155.0,,2009,
Liechtenstein,LI,LIE,438,ISO 3166-2:LI,Europe,Western Europe,,150.0,155.0,,2010,1.66
Liechtenstein,LI,LIE,438,ISO 3166-2:LI,Europe,Western Europe,,150.0,155.0,,2011,
Liechtenstein,LI,LIE,438,ISO 3166-2:LI,Europe,Western Europe,,150.0,155.0,,2012,1.88
Liechtenstein,LI,LIE,438,ISO 3166-2:LI,Europe,Western Europe,,150.0,155.0,,2013,
Liechtenstein,LI,LIE,438,ISO 3166-2:LI,Europe,Western Europe,,150.0,155.0,,2014,1.74
Liechtenstein,LI,LIE,438,ISO 3166-2:LI,Europe,Western Europe,,150.0,155.0,,2015,
Liechtenstein,LI,LIE,438,ISO 3166-2:LI,Europe,Western Europe,,150.0,155.0,,2016,
Lithuania,LT,LTU,440,ISO 3166-2:LT,Europe,Northern Europe,,150.0,154.0,,1991,
Lithuania,LT,LTU,440,ISO 3166-2:LT,Europe,Northern Europe,,150.0,154.0,,1992,
Lithuania,LT,LTU,440,ISO 3166-2:LT,Europe,Northern Europe,,150.0,154.0,,1993,
Lithuania,LT,LTU,440,ISO 3166-2:LT,Europe,Northern Europe,,150.0,154.0,,1994,
Lithuania,LT,LTU,440,ISO 3166-2:LT,Europe,Northern Europe,,150.0,154.0,,1995,0.35
Lithuania,LT,LTU,440,ISO 3166-2:LT,Europe,Northern Europe,,150.0,154.0,,1996,
Lithuania,LT,LTU,440,ISO 3166-2:LT,Europe,Northern Europe,,150.0,154.0,,1997,
Lithuania,LT,LTU,440,ISO 3166-2:LT,Europe,Northern Europe,,150.0,154.0,,1998,0.51
Lithuania,LT,LTU,440,ISO 3166-2:LT,Europe,Northern Europe,,150.0,154.0,,1999,
Lithuania,LT,LTU,440,ISO 3166-2:LT,Europe,Northern Europe,,150.0,154.0,,2000,0.66
Lithuania,LT,LTU,440,ISO 3166-2:LT,Europe,Northern Europe,,150.0,154.0,,2001,
Lithuania,LT,LTU,440,ISO 3166-2:LT,Europe,Northern Europe,,150.0,154.0,,2002,0.69
Lithuania,LT,LTU,440,ISO 3166-2:LT,Europe,Northern Europe,,150.0,154.0,,2003,
Lithuania,LT,LTU,440,ISO 3166-2:LT,Europe,Northern Europe,,150.0,154.0,,2004,1.03
Lithuania,LT,LTU,440,ISO 3166-2:LT,Europe,Northern Europe,,150.0,154.0,,2005,
Lithuania,LT,LTU,440,ISO 3166-2:LT,Europe,Northern Europe,,150.0,154.0,,2006,1.08
Lithuania,LT,LTU,440,ISO 3166-2:LT,Europe,Northern Europe,,150.0,154.0,,2007,
Lithuania,LT,LTU,440,ISO 3166-2:LT,Europe,Northern Europe,,150.0,154.0,,2008,1.13
Lithuania,LT,LTU,440,ISO 3166-2:LT,Europe,Northern Europe,,150.0,154.0,,2009,
Lithuania,LT,LTU,440,ISO 3166-2:LT,Europe,Northern Europe,,150.0,154.0,,2010,1.59
Lithuania,LT,LTU,440,ISO 3166-2:LT,Europe,Northern Europe,,150.0,154.0,,2011,
Lithuania,LT,LTU,440,ISO 3166-2:LT,Europe,Northern Europe,,150.0,154.0,,2012,1.83
Lithuania,LT,LTU,440,ISO 3166-2:LT,Europe,Northern Europe,,150.0,154.0,,2013,
Lithuania,LT,LTU,440,ISO 3166-2:LT,Europe,Northern Europe,,150.0,154.0,,2014,1.57
Lithuania,LT,LTU,440,ISO 3166-2:LT,Europe,Northern Europe,,150.0,154.0,,2015,
Lithuania,LT,LTU,440,ISO 3166-2:LT,Europe,Northern Europe,,150.0,154.0,,2016,1.16
Luxembourg,LU,LUX,442,ISO 3166-2:LU,Europe,Western Europe,,150.0,155.0,,1991,
Luxembourg,LU,LUX,442,ISO 3166-2:LU,Europe,Western Europe,,150.0,155.0,,1992,
Luxembourg,LU,LUX,442,ISO 3166-2:LU,Europe,Western Europe,,150.0,155.0,,1993,
Luxembourg,LU,LUX,442,ISO 3166-2:LU,Europe,Western Europe,,150.0,155.0,,1994,
Luxembourg,LU,LUX,442,ISO 3166-2:LU,Europe,Western Europe,,150.0,155.0,,1995,0.84
Luxembourg,LU,LUX,442,ISO 3166-2:LU,Europe,Western Europe,,150.0,155.0,,1996,
Luxembourg,LU,LUX,442,ISO 3166-2:LU,Europe,Western Europe,,150.0,155.0,,1997,
Luxembourg,LU,LUX,442,ISO 3166-2:LU,Europe,Western Europe,,150.0,155.0,,1998,0.78
Luxembourg,LU,LUX,442,ISO 3166-2:LU,Europe,Western Europe,,150.0,155.0,,1999,
Luxembourg,LU,LUX,442,ISO 3166-2:LU,Europe,Western Europe,,150.0,155.0,,2000,0.75
Luxembourg,LU,LUX,442,ISO 3166-2:LU,Europe,Western Europe,,150.0,155.0,,2001,
Luxembourg,LU,LUX,442,ISO 3166-2:LU,Europe,Western Europe,,150.0,155.0,,2002,0.76
Luxembourg,LU,LUX,442,ISO 3166-2:LU,Europe,Western Europe,,150.0,155.0,,2003,
Luxembourg,LU,LUX,442,ISO 3166-2:LU,Europe,Western Europe,,150.0,155.0,,2004,1.19
Luxembourg,LU,LUX,442,ISO 3166-2:LU,Europe,Western Europe,,150.0,155.0,,2005,
Luxembourg,LU,LUX,442,ISO 3166-2:LU,Europe,Western Europe,,150.0,155.0,,2006,1.29
Luxembourg,LU,LUX,442,ISO 3166-2:LU,Europe,Western Europe,,150.0,155.0,,2007,
Luxembourg,LU,LUX,442,ISO 3166-2:LU,Europe,Western Europe,,150.0,155.0,,2008,1.4
Luxembourg,LU,LUX,442,ISO 3166-2:LU,Europe,Western Europe,,150.0,155.0,,2009,
Luxembourg,LU,LUX,442,ISO 3166-2:LU,Europe,Western Europe,,150.0,155.0,,2010,1.55
Luxembourg,LU,LUX,442,ISO 3166-2:LU,Europe,Western Europe,,150.0,155.0,,2011,
Luxembourg,LU,LUX,442,ISO 3166-2:LU,Europe,Western Europe,,150.0,155.0,,2012,1.64
Luxembourg,LU,LUX,442,ISO 3166-2:LU,Europe,Western Europe,,150.0,155.0,,2013,
Luxembourg,LU,LUX,442,ISO 3166-2:LU,Europe,Western Europe,,150.0,155.0,,2014,1.52
Luxembourg,LU,LUX,442,ISO 3166-2:LU,Europe,Western Europe,,150.0,155.0,,2015,
Luxembourg,LU,LUX,442,ISO 3166-2:LU,Europe,Western Europe,,150.0,155.0,,2016,1.19
Macao,MO,MAC,446,ISO 3166-2:MO,Asia,Eastern Asia,,142.0,30.0,,,
Madagascar,MG,MDG,450,ISO 3166-2:MG,Africa,Sub-Saharan Africa,Eastern Africa,2.0,202.0,14.0,1991,0.43
Madagascar,MG,MDG,450,ISO 3166-2:MG,Africa,Sub-Saharan Africa,Eastern Africa,2.0,202.0,14.0,1992,0.54
Madagascar,MG,MDG,450,ISO 3166-2:MG,Africa,Sub-Saharan Africa,Eastern Africa,2.0,202.0,14.0,1993,
Madagascar,MG,MDG,450,ISO 3166-2:MG,Africa,Sub-Saharan Africa,Eastern Africa,2.0,202.0,14.0,1994,
Madagascar,MG,MDG,450,ISO 3166-2:MG,Africa,Sub-Saharan Africa,Eastern Africa,2.0,202.0,14.0,1995,0.47
Madagascar,MG,MDG,450,ISO 3166-2:MG,Africa,Sub-Saharan Africa,Eastern Africa,2.0,202.0,14.0,1996,
Madagascar,MG,MDG,450,ISO 3166-2:MG,Africa,Sub-Saharan Africa,Eastern Africa,2.0,202.0,14.0,1997,
Madagascar,MG,MDG,450,ISO 3166-2:MG,Africa,Sub-Saharan Africa,Eastern Africa,2.0,202.0,14.0,1998,0.47
Madagascar,MG,MDG,450,ISO 3166-2:MG,Africa,Sub-Saharan Africa,Eastern Africa,2.0,202.0,14.0,1999,
Madagascar,MG,MDG,450,ISO 3166-2:MG,Africa,Sub-Saharan Africa,Eastern Africa,2.0,202.0,14.0,2000,0.76
Madagascar,MG,MDG,450,ISO 3166-2:MG,Africa,Sub-Saharan Africa,Eastern Africa,2.0,202.0,14.0,2001,
Madagascar,MG,MDG,450,ISO 3166-2:MG,Africa,Sub-Saharan Africa,Eastern Africa,2.0,202.0,14.0,2002,1.08
Madagascar,MG,MDG,450,ISO 3166-2:MG,Africa,Sub-Saharan Africa,Eastern Africa,2.0,202.0,14.0,2003,
Madagascar,MG,MDG,450,ISO 3166-2:MG,Africa,Sub-Saharan Africa,Eastern Africa,2.0,202.0,14.0,2004,1.05
Madagascar,MG,MDG,450,ISO 3166-2:MG,Africa,Sub-Saharan Africa,Eastern Africa,2.0,202.0,14.0,2005,
Madagascar,MG,MDG,450,ISO 3166-2:MG,Africa,Sub-Saharan Africa,Eastern Africa,2.0,202.0,14.0,2006,1.15
Madagascar,MG,MDG,450,ISO 3166-2:MG,Africa,Sub-Saharan Africa,Eastern Africa,2.0,202.0,14.0,2007,
Madagascar,MG,MDG,450,ISO 3166-2:MG,Africa,Sub-Saharan Africa,Eastern Africa,2.0,202.0,14.0,2008,1.55
Madagascar,MG,MDG,450,ISO 3166-2:MG,Africa,Sub-Saharan Africa,Eastern Africa,2.0,202.0,14.0,2009,
Madagascar,MG,MDG,450,ISO 3166-2:MG,Africa,Sub-Saharan Africa,Eastern Africa,2.0,202.0,14.0,2010,1.52
Madagascar,MG,MDG,450,ISO 3166-2:MG,Africa,Sub-Saharan Africa,Eastern Africa,2.0,202.0,14.0,2011,
Madagascar,MG,MDG,450,ISO 3166-2:MG,Africa,Sub-Saharan Africa,Eastern Africa,2.0,202.0,14.0,2012,1.49
Madagascar,MG,MDG,450,ISO 3166-2:MG,Africa,Sub-Saharan Africa,Eastern Africa,2.0,202.0,14.0,2013,
Madagascar,MG,MDG,450,ISO 3166-2:MG,Africa,Sub-Saharan Africa,Eastern Africa,2.0,202.0,14.0,2014,1.35
Madagascar,MG,MDG,450,ISO 3166-2:MG,Africa,Sub-Saharan Africa,Eastern Africa,2.0,202.0,14.0,2015,
Madagascar,MG,MDG,450,ISO 3166-2:MG,Africa,Sub-Saharan Africa,Eastern Africa,2.0,202.0,14.0,2016,1.11
Malawi,MW,MWI,454,ISO 3166-2:MW,Africa,Sub-Saharan Africa,Eastern Africa,2.0,202.0,14.0,1991,0.64
Malawi,MW,MWI,454,ISO 3166-2:MW,Africa,Sub-Saharan Africa,Eastern Africa,2.0,202.0,14.0,1992,0.71
Malawi,MW,MWI,454,ISO 3166-2:MW,Africa,Sub-Saharan Africa,Eastern Africa,2.0,202.0,14.0,1993,
Malawi,MW,MWI,454,ISO 3166-2:MW,Africa,Sub-Saharan Africa,Eastern Africa,2.0,202.0,14.0,1994,
Malawi,MW,MWI,454,ISO 3166-2:MW,Africa,Sub-Saharan Africa,Eastern Africa,2.0,202.0,14.0,1995,0.65
Malawi,MW,MWI,454,ISO 3166-2:MW,Africa,Sub-Saharan Africa,Eastern Africa,2.0,202.0,14.0,1996,
Malawi,MW,MWI,454,ISO 3166-2:MW,Africa,Sub-Saharan Africa,Eastern Africa,2.0,202.0,14.0,1997,
Malawi,MW,MWI,454,ISO 3166-2:MW,Africa,Sub-Saharan Africa,Eastern Africa,2.0,202.0,14.0,1998,0.51
Malawi,MW,MWI,454,ISO 3166-2:MW,Africa,Sub-Saharan Africa,Eastern Africa,2.0,202.0,14.0,1999,
Malawi,MW,MWI,454,ISO 3166-2:MW,Africa,Sub-Saharan Africa,Eastern Africa,2.0,202.0,14.0,2000,0.69
Malawi,MW,MWI,454,ISO 3166-2:MW,Africa,Sub-Saharan Africa,Eastern Africa,2.0,202.0,14.0,2001,
Malawi,MW,MWI,454,ISO 3166-2:MW,Africa,Sub-Saharan Africa,Eastern Africa,2.0,202.0,14.0,2002,0.66
Malawi,MW,MWI,454,ISO 3166-2:MW,Africa,Sub-Saharan Africa,Eastern Africa,2.0,202.0,14.0,2003,
Malawi,MW,MWI,454,ISO 3166-2:MW,Africa,Sub-Saharan Africa,Eastern Africa,2.0,202.0,14.0,2004,0.95
Malawi,MW,MWI,454,ISO 3166-2:MW,Africa,Sub-Saharan Africa,Eastern Africa,2.0,202.0,14.0,2005,
Malawi,MW,MWI,454,ISO 3166-2:MW,Africa,Sub-Saharan Africa,Eastern Africa,2.0,202.0,14.0,2006,1.17
Malawi,MW,MWI,454,ISO 3166-2:MW,Africa,Sub-Saharan Africa,Eastern Africa,2.0,202.0,14.0,2007,
Malawi,MW,MWI,454,ISO 3166-2:MW,Africa,Sub-Saharan Africa,Eastern Africa,2.0,202.0,14.0,2008,1.78
Malawi,MW,MWI,454,ISO 3166-2:MW,Africa,Sub-Saharan Africa,Eastern Africa,2.0,202.0,14.0,2009,
Malawi,MW,MWI,454,ISO 3166-2:MW,Africa,Sub-Saharan Africa,Eastern Africa,2.0,202.0,14.0,2010,1.71
Malawi,MW,MWI,454,ISO 3166-2:MW,Africa,Sub-Saharan Africa,Eastern Africa,2.0,202.0,14.0,2011,
Malawi,MW,MWI,454,ISO 3166-2:MW,Africa,Sub-Saharan Africa,Eastern Africa,2.0,202.0,14.0,2012,1.93
Malawi,MW,MWI,454,ISO 3166-2:MW,Africa,Sub-Saharan Africa,Eastern Africa,2.0,202.0,14.0,2013,
Malawi,MW,MWI,454,ISO 3166-2:MW,Africa,Sub-Saharan Africa,Eastern Africa,2.0,202.0,14.0,2014,1.78
Malawi,MW,MWI,454,ISO 3166-2:MW,Africa,Sub-Saharan Africa,Eastern Africa,2.0,202.0,14.0,2015,
Malawi,MW,MWI,454,ISO 3166-2:MW,Africa,Sub-Saharan Africa,Eastern Africa,2.0,202.0,14.0,2016,1.15
Malaysia,MY,MYS,458,ISO 3166-2:MY,Asia,South-eastern Asia,,142.0,35.0,,1991,0.4
Malaysia,MY,MYS,458,ISO 3166-2:MY,Asia,South-eastern Asia,,142.0,35.0,,1992,
Malaysia,MY,MYS,458,ISO 3166-2:MY,Asia,South-eastern Asia,,142.0,35.0,,1993,
Malaysia,MY,MYS,458,ISO 3166-2:MY,Asia,South-eastern Asia,,142.0,35.0,,1994,
Malaysia,MY,MYS,458,ISO 3166-2:MY,Asia,South-eastern Asia,,142.0,35.0,,1995,0.42
Malaysia,MY,MYS,458,ISO 3166-2:MY,Asia,South-eastern Asia,,142.0,35.0,,1996,
Malaysia,MY,MYS,458,ISO 3166-2:MY,Asia,South-eastern Asia,,142.0,35.0,,1997,
Malaysia,MY,MYS,458,ISO 3166-2:MY,Asia,South-eastern Asia,,142.0,35.0,,1998,0.28
Malaysia,MY,MYS,458,ISO 3166-2:MY,Asia,South-eastern Asia,,142.0,35.0,,1999,
Malaysia,MY,MYS,458,ISO 3166-2:MY,Asia,South-eastern Asia,,142.0,35.0,,2000,0.28
Malaysia,MY,MYS,458,ISO 3166-2:MY,Asia,South-eastern Asia,,142.0,35.0,,2001,
Malaysia,MY,MYS,458,ISO 3166-2:MY,Asia,South-eastern Asia,,142.0,35.0,,2002,0.35
Malaysia,MY,MYS,458,ISO 3166-2:MY,Asia,South-eastern Asia,,142.0,35.0,,2003,
Malaysia,MY,MYS,458,ISO 3166-2:MY,Asia,South-eastern Asia,,142.0,35.0,,2004,0.37
Malaysia,MY,MYS,458,ISO 3166-2:MY,Asia,South-eastern Asia,,142.0,35.0,,2005,
Malaysia,MY,MYS,458,ISO 3166-2:MY,Asia,South-eastern Asia,,142.0,35.0,,2006,0.53
Malaysia,MY,MYS,458,ISO 3166-2:MY,Asia,South-eastern Asia,,142.0,35.0,,2007,
Malaysia,MY,MYS,458,ISO 3166-2:MY,Asia,South-eastern Asia,,142.0,35.0,,2008,0.53
Malaysia,MY,MYS,458,ISO 3166-2:MY,Asia,South-eastern Asia,,142.0,35.0,,2009,
Malaysia,MY,MYS,458,ISO 3166-2:MY,Asia,South-eastern Asia,,142.0,35.0,,2010,0.59
Malaysia,MY,MYS,458,ISO 3166-2:MY,Asia,South-eastern Asia,,142.0,35.0,,2011,
Malaysia,MY,MYS,458,ISO 3166-2:MY,Asia,South-eastern Asia,,142.0,35.0,,2012,0.62
Malaysia,MY,MYS,458,ISO 3166-2:MY,Asia,South-eastern Asia,,142.0,35.0,,2013,
Malaysia,MY,MYS,458,ISO 3166-2:MY,Asia,South-eastern Asia,,142.0,35.0,,2014,0.68
Malaysia,MY,MYS,458,ISO 3166-2:MY,Asia,South-eastern Asia,,142.0,35.0,,2015,
Malaysia,MY,MYS,458,ISO 3166-2:MY,Asia,South-eastern Asia,,142.0,35.0,,2016,0.45
Maldives,MV,MDV,462,ISO 3166-2:MV,Asia,Southern Asia,,142.0,34.0,,1991,
Maldives,MV,MDV,462,ISO 3166-2:MV,Asia,Southern Asia,,142.0,34.0,,1992,
Maldives,MV,MDV,462,ISO 3166-2:MV,Asia,Southern Asia,,142.0,34.0,,1993,
Maldives,MV,MDV,462,ISO 3166-2:MV,Asia,Southern Asia,,142.0,34.0,,1994,
Maldives,MV,MDV,462,ISO 3166-2:MV,Asia,Southern Asia,,142.0,34.0,,1995,
Maldives,MV,MDV,462,ISO 3166-2:MV,Asia,Southern Asia,,142.0,34.0,,1996,
Maldives,MV,MDV,462,ISO 3166-2:MV,Asia,Southern Asia,,142.0,34.0,,1997,
Maldives,MV,MDV,462,ISO 3166-2:MV,Asia,Southern Asia,,142.0,34.0,,1998,
Maldives,MV,MDV,462,ISO 3166-2:MV,Asia,Southern Asia,,142.0,34.0,,1999,
Maldives,MV,MDV,462,ISO 3166-2:MV,Asia,Southern Asia,,142.0,34.0,,2000,
Maldives,MV,MDV,462,ISO 3166-2:MV,Asia,Southern Asia,,142.0,34.0,,2001,
Maldives,MV,MDV,462,ISO 3166-2:MV,Asia,Southern Asia,,142.0,34.0,,2002,
Maldives,MV,MDV,462,ISO 3166-2:MV,Asia,Southern Asia,,142.0,34.0,,2003,
Maldives,MV,MDV,462,ISO 3166-2:MV,Asia,Southern Asia,,142.0,34.0,,2004,
Maldives,MV,MDV,462,ISO 3166-2:MV,Asia,Southern Asia,,142.0,34.0,,2005,
Maldives,MV,MDV,462,ISO 3166-2:MV,Asia,Southern Asia,,142.0,34.0,,2006,
Maldives,MV,MDV,462,ISO 3166-2:MV,Asia,Southern Asia,,142.0,34.0,,2007,
Maldives,MV,MDV,462,ISO 3166-2:MV,Asia,Southern Asia,,142.0,34.0,,2008,
Maldives,MV,MDV,462,ISO 3166-2:MV,Asia,Southern Asia,,142.0,34.0,,2009,
Maldives,MV,MDV,462,ISO 3166-2:MV,Asia,Southern Asia,,142.0,34.0,,2010,0.84
Maldives,MV,MDV,462,ISO 3166-2:MV,Asia,Southern Asia,,142.0,34.0,,2011,
Maldives,MV,MDV,462,ISO 3166-2:MV,Asia,Southern Asia,,142.0,34.0,,2012,1.1
Maldives,MV,MDV,462,ISO 3166-2:MV,Asia,Southern Asia,,142.0,34.0,,2013,
Maldives,MV,MDV,462,ISO 3166-2:MV,Asia,Southern Asia,,142.0,34.0,,2014,1.63
Maldives,MV,MDV,462,ISO 3166-2:MV,Asia,Southern Asia,,142.0,34.0,,2015,
Maldives,MV,MDV,462,ISO 3166-2:MV,Asia,Southern Asia,,142.0,34.0,,2016,
Mali,ML,MLI,466,ISO 3166-2:ML,Africa,Sub-Saharan Africa,Western Africa,2.0,202.0,11.0,1991,1.12
Mali,ML,MLI,466,ISO 3166-2:ML,Africa,Sub-Saharan Africa,Western Africa,2.0,202.0,11.0,1992,1.14
Mali,ML,MLI,466,ISO 3166-2:ML,Africa,Sub-Saharan Africa,Western Africa,2.0,202.0,11.0,1993,
Mali,ML,MLI,466,ISO 3166-2:ML,Africa,Sub-Saharan Africa,Western Africa,2.0,202.0,11.0,1994,
Mali,ML,MLI,466,ISO 3166-2:ML,Africa,Sub-Saharan Africa,Western Africa,2.0,202.0,11.0,1995,0.82
Mali,ML,MLI,466,ISO 3166-2:ML,Africa,Sub-Saharan Africa,Western Africa,2.0,202.0,11.0,1996,
Mali,ML,MLI,466,ISO 3166-2:ML,Africa,Sub-Saharan Africa,Western Africa,2.0,202.0,11.0,1997,
Mali,ML,MLI,466,ISO 3166-2:ML,Africa,Sub-Saharan Africa,Western Africa,2.0,202.0,11.0,1998,0.77
Mali,ML,MLI,466,ISO 3166-2:ML,Africa,Sub-Saharan Africa,Western Africa,2.0,202.0,11.0,1999,
Mali,ML,MLI,466,ISO 3166-2:ML,Africa,Sub-Saharan Africa,Western Africa,2.0,202.0,11.0,2000,0.7
Mali,ML,MLI,466,ISO 3166-2:ML,Africa,Sub-Saharan Africa,Western Africa,2.0,202.0,11.0,2001,
Mali,ML,MLI,466,ISO 3166-2:ML,Africa,Sub-Saharan Africa,Western Africa,2.0,202.0,11.0,2002,0.69
Mali,ML,MLI,466,ISO 3166-2:ML,Africa,Sub-Saharan Africa,Western Africa,2.0,202.0,11.0,2003,
Mali,ML,MLI,466,ISO 3166-2:ML,Africa,Sub-Saharan Africa,Western Africa,2.0,202.0,11.0,2004,1.16
Mali,ML,MLI,466,ISO 3166-2:ML,Africa,Sub-Saharan Africa,Western Africa,2.0,202.0,11.0,2005,
Mali,ML,MLI,466,ISO 3166-2:ML,Africa,Sub-Saharan Africa,Western Africa,2.0,202.0,11.0,2006,1.22
Mali,ML,MLI,466,ISO 3166-2:ML,Africa,Sub-Saharan Africa,Western Africa,2.0,202.0,11.0,2007,
Mali,ML,MLI,466,ISO 3166-2:ML,Africa,Sub-Saharan Africa,Western Africa,2.0,202.0,11.0,2008,1.3
Mali,ML,MLI,466,ISO 3166-2:ML,Africa,Sub-Saharan Africa,Western Africa,2.0,202.0,11.0,2009,
Mali,ML,MLI,466,ISO 3166-2:ML,Africa,Sub-Saharan Africa,Western Africa,2.0,202.0,11.0,2010,1.42
Mali,ML,MLI,466,ISO 3166-2:ML,Africa,Sub-Saharan Africa,Western Africa,2.0,202.0,11.0,2011,
Mali,ML,MLI,466,ISO 3166-2:ML,Africa,Sub-Saharan Africa,Western Africa,2.0,202.0,11.0,2012,1.41
Mali,ML,MLI,466,ISO 3166-2:ML,Africa,Sub-Saharan Africa,Western Africa,2.0,202.0,11.0,2013,
Mali,ML,MLI,466,ISO 3166-2:ML,Africa,Sub-Saharan Africa,Western Africa,2.0,202.0,11.0,2014,1.47
Mali,ML,MLI,466,ISO 3166-2:ML,Africa,Sub-Saharan Africa,Western Africa,2.0,202.0,11.0,2015,
Mali,ML,MLI,466,ISO 3166-2:ML,Africa,Sub-Saharan Africa,Western Africa,2.0,202.0,11.0,2016,1.12
Malta,MT,MLT,470,ISO 3166-2:MT,Europe,Southern Europe,,150.0,39.0,,1991,
Malta,MT,MLT,470,ISO 3166-2:MT,Europe,Southern Europe,,150.0,39.0,,1992,
Malta,MT,MLT,470,ISO 3166-2:MT,Europe,Southern Europe,,150.0,39.0,,1993,
Malta,MT,MLT,470,ISO 3166-2:MT,Europe,Southern Europe,,150.0,39.0,,1994,
Malta,MT,MLT,470,ISO 3166-2:MT,Europe,Southern Europe,,150.0,39.0,,1995,
Malta,MT,MLT,470,ISO 3166-2:MT,Europe,Southern Europe,,150.0,39.0,,1996,
Malta,MT,MLT,470,ISO 3166-2:MT,Europe,Southern Europe,,150.0,39.0,,1997,
Malta,MT,MLT,470,ISO 3166-2:MT,Europe,Southern Europe,,150.0,39.0,,1998,0.77
Malta,MT,MLT,470,ISO 3166-2:MT,Europe,Southern Europe,,150.0,39.0,,1999,
Malta,MT,MLT,470,ISO 3166-2:MT,Europe,Southern Europe,,150.0,39.0,,2000,0.81
Malta,MT,MLT,470,ISO 3166-2:MT,Europe,Southern Europe,,150.0,39.0,,2001,
Malta,MT,MLT,470,ISO 3166-2:MT,Europe,Southern Europe,,150.0,39.0,,2002,0.87
Malta,MT,MLT,470,ISO 3166-2:MT,Europe,Southern Europe,,150.0,39.0,,2003,
Malta,MT,MLT,470,ISO 3166-2:MT,Europe,Southern Europe,,150.0,39.0,,2004,1.18
Malta,MT,MLT,470,ISO 3166-2:MT,Europe,Southern Europe,,150.0,39.0,,2005,
Malta,MT,MLT,470,ISO 3166-2:MT,Europe,Southern Europe,,150.0,39.0,,2006,1.38
Malta,MT,MLT,470,ISO 3166-2:MT,Europe,Southern Europe,,150.0,39.0,,2007,
Malta,MT,MLT,470,ISO 3166-2:MT,Europe,Southern Europe,,150.0,39.0,,2008,1.66
Malta,MT,MLT,470,ISO 3166-2:MT,Europe,Southern Europe,,150.0,39.0,,2009,
Malta,MT,MLT,470,ISO 3166-2:MT,Europe,Southern Europe,,150.0,39.0,,2010,1.63
Malta,MT,MLT,470,ISO 3166-2:MT,Europe,Southern Europe,,150.0,39.0,,2011,
Malta,MT,MLT,470,ISO 3166-2:MT,Europe,Southern Europe,,150.0,39.0,,2012,1.92
Malta,MT,MLT,470,ISO 3166-2:MT,Europe,Southern Europe,,150.0,39.0,,2013,
Malta,MT,MLT,470,ISO 3166-2:MT,Europe,Southern Europe,,150.0,39.0,,2014,1.8
Malta,MT,MLT,470,ISO 3166-2:MT,Europe,Southern Europe,,150.0,39.0,,2015,
Malta,MT,MLT,470,ISO 3166-2:MT,Europe,Southern Europe,,150.0,39.0,,2016,1.36
Marshall Islands,MH,MHL,584,ISO 3166-2:MH,Oceania,Micronesia,,9.0,57.0,,1991,
Marshall Islands,MH,MHL,584,ISO 3166-2:MH,Oceania,Micronesia,,9.0,57.0,,1992,
Marshall Islands,MH,MHL,584,ISO 3166-2:MH,Oceania,Micronesia,,9.0,57.0,,1993,
Marshall Islands,MH,MHL,584,ISO 3166-2:MH,Oceania,Micronesia,,9.0,57.0,,1994,
Marshall Islands,MH,MHL,584,ISO 3166-2:MH,Oceania,Micronesia,,9.0,57.0,,1995,
Marshall Islands,MH,MHL,584,ISO 3166-2:MH,Oceania,Micronesia,,9.0,57.0,,1996,
Marshall Islands,MH,MHL,584,ISO 3166-2:MH,Oceania,Micronesia,,9.0,57.0,,1997,
Marshall Islands,MH,MHL,584,ISO 3166-2:MH,Oceania,Micronesia,,9.0,57.0,,1998,
Marshall Islands,MH,MHL,584,ISO 3166-2:MH,Oceania,Micronesia,,9.0,57.0,,1999,
Marshall Islands,MH,MHL,584,ISO 3166-2:MH,Oceania,Micronesia,,9.0,57.0,,2000,
Marshall Islands,MH,MHL,584,ISO 3166-2:MH,Oceania,Micronesia,,9.0,57.0,,2001,
Marshall Islands,MH,MHL,584,ISO 3166-2:MH,Oceania,Micronesia,,9.0,57.0,,2002,
Marshall Islands,MH,MHL,584,ISO 3166-2:MH,Oceania,Micronesia,,9.0,57.0,,2003,
Marshall Islands,MH,MHL,584,ISO 3166-2:MH,Oceania,Micronesia,,9.0,57.0,,2004,
Marshall Islands,MH,MHL,584,ISO 3166-2:MH,Oceania,Micronesia,,9.0,57.0,,2005,
Marshall Islands,MH,MHL,584,ISO 3166-2:MH,Oceania,Micronesia,,9.0,57.0,,2006,
Marshall Islands,MH,MHL,584,ISO 3166-2:MH,Oceania,Micronesia,,9.0,57.0,,2007,
Marshall Islands,MH,MHL,584,ISO 3166-2:MH,Oceania,Micronesia,,9.0,57.0,,2008,
Marshall Islands,MH,MHL,584,ISO 3166-2:MH,Oceania,Micronesia,,9.0,57.0,,2009,
Marshall Islands,MH,MHL,584,ISO 3166-2:MH,Oceania,Micronesia,,9.0,57.0,,2010,
Marshall Islands,MH,MHL,584,ISO 3166-2:MH,Oceania,Micronesia,,9.0,57.0,,2011,
Marshall Islands,MH,MHL,584,ISO 3166-2:MH,Oceania,Micronesia,,9.0,57.0,,2012,
Marshall Islands,MH,MHL,584,ISO 3166-2:MH,Oceania,Micronesia,,9.0,57.0,,2013,
Marshall Islands,MH,MHL,584,ISO 3166-2:MH,Oceania,Micronesia,,9.0,57.0,,2014,1.44
Marshall Islands,MH,MHL,584,ISO 3166-2:MH,Oceania,Micronesia,,9.0,57.0,,2015,
Marshall Islands,MH,MHL,584,ISO 3166-2:MH,Oceania,Micronesia,,9.0,57.0,,2016,
Martinique,MQ,MTQ,474,ISO 3166-2:MQ,Americas,Latin America and the Caribbean,Caribbean,19.0,419.0,29.0,,
Mauritania,MR,MRT,478,ISO 3166-2:MR,Africa,Sub-Saharan Africa,Western Africa,2.0,202.0,11.0,1991,0.86
Mauritania,MR,MRT,478,ISO 3166-2:MR,Africa,Sub-Saharan Africa,Western Africa,2.0,202.0,11.0,1992,0.85
Mauritania,MR,MRT,478,ISO 3166-2:MR,Africa,Sub-Saharan Africa,Western Africa,2.0,202.0,11.0,1993,
Mauritania,MR,MRT,478,ISO 3166-2:MR,Africa,Sub-Saharan Africa,Western Africa,2.0,202.0,11.0,1994,
Mauritania,MR,MRT,478,ISO 3166-2:MR,Africa,Sub-Saharan Africa,Western Africa,2.0,202.0,11.0,1995,
Mauritania,MR,MRT,478,ISO 3166-2:MR,Africa,Sub-Saharan Africa,Western Africa,2.0,202.0,11.0,1996,
Mauritania,MR,MRT,478,ISO 3166-2:MR,Africa,Sub-Saharan Africa,Western Africa,2.0,202.0,11.0,1997,
Mauritania,MR,MRT,478,ISO 3166-2:MR,Africa,Sub-Saharan Africa,Western Africa,2.0,202.0,11.0,1998,0.59
Mauritania,MR,MRT,478,ISO 3166-2:MR,Africa,Sub-Saharan Africa,Western Africa,2.0,202.0,11.0,1999,
Mauritania,MR,MRT,478,ISO 3166-2:MR,Africa,Sub-Saharan Africa,Western Africa,2.0,202.0,11.0,2000,0.67
Mauritania,MR,MRT,478,ISO 3166-2:MR,Africa,Sub-Saharan Africa,Western Africa,2.0,202.0,11.0,2001,
Mauritania,MR,MRT,478,ISO 3166-2:MR,Africa,Sub-Saharan Africa,Western Africa,2.0,202.0,11.0,2002,0.63
Mauritania,MR,MRT,478,ISO 3166-2:MR,Africa,Sub-Saharan Africa,Western Africa,2.0,202.0,11.0,2003,
Mauritania,MR,MRT,478,ISO 3166-2:MR,Africa,Sub-Saharan Africa,Western Africa,2.0,202.0,11.0,2004,0.8
Mauritania,MR,MRT,478,ISO 3166-2:MR,Africa,Sub-Saharan Africa,Western Africa,2.0,202.0,11.0,2005,
Mauritania,MR,MRT,478,ISO 3166-2:MR,Africa,Sub-Saharan Africa,Western Africa,2.0,202.0,11.0,2006,0.97
Mauritania,MR,MRT,478,ISO 3166-2:MR,Africa,Sub-Saharan Africa,Western Africa,2.0,202.0,11.0,2007,
Mauritania,MR,MRT,478,ISO 3166-2:MR,Africa,Sub-Saharan Africa,Western Africa,2.0,202.0,11.0,2008,1.49
Mauritania,MR,MRT,478,ISO 3166-2:MR,Africa,Sub-Saharan Africa,Western Africa,2.0,202.0,11.0,2009,
Mauritania,MR,MRT,478,ISO 3166-2:MR,Africa,Sub-Saharan Africa,Western Africa,2.0,202.0,11.0,2010,1.16
Mauritania,MR,MRT,478,ISO 3166-2:MR,Africa,Sub-Saharan Africa,Western Africa,2.0,202.0,11.0,2011,
Mauritania,MR,MRT,478,ISO 3166-2:MR,Africa,Sub-Saharan Africa,Western Africa,2.0,202.0,11.0,2012,1.43
Mauritania,MR,MRT,478,ISO 3166-2:MR,Africa,Sub-Saharan Africa,Western Africa,2.0,202.0,11.0,2013,
Mauritania,MR,MRT,478,ISO 3166-2:MR,Africa,Sub-Saharan Africa,Western Africa,2.0,202.0,11.0,2014,1.53
Mauritania,MR,MRT,478,ISO 3166-2:MR,Africa,Sub-Saharan Africa,Western Africa,2.0,202.0,11.0,2015,
Mauritania,MR,MRT,478,ISO 3166-2:MR,Africa,Sub-Saharan Africa,Western Africa,2.0,202.0,11.0,2016,1.13
Mauritius,MU,MUS,480,ISO 3166-2:MU,Africa,Sub-Saharan Africa,Eastern Africa,2.0,202.0,14.0,1991,
Mauritius,MU,MUS,480,ISO 3166-2:MU,Africa,Sub-Saharan Africa,Eastern Africa,2.0,202.0,14.0,1992,
Mauritius,MU,MUS,480,ISO 3166-2:MU,Africa,Sub-Saharan Africa,Eastern Africa,2.0,202.0,14.0,1993,
Mauritius,MU,MUS,480,ISO 3166-2:MU,Africa,Sub-Saharan Africa,Eastern Africa,2.0,202.0,14.0,1994,
Mauritius,MU,MUS,480,ISO 3166-2:MU,Africa,Sub-Saharan Africa,Eastern Africa,2.0,202.0,14.0,1995,
Mauritius,MU,MUS,480,ISO 3166-2:MU,Africa,Sub-Saharan Africa,Eastern Africa,2.0,202.0,14.0,1996,
Mauritius,MU,MUS,480,ISO 3166-2:MU,Africa,Sub-Saharan Africa,Eastern Africa,2.0,202.0,14.0,1997,
Mauritius,MU,MUS,480,ISO 3166-2:MU,Africa,Sub-Saharan Africa,Eastern Africa,2.0,202.0,14.0,1998,
Mauritius,MU,MUS,480,ISO 3166-2:MU,Africa,Sub-Saharan Africa,Eastern Africa,2.0,202.0,14.0,1999,
Mauritius,MU,MUS,480,ISO 3166-2:MU,Africa,Sub-Saharan Africa,Eastern Africa,2.0,202.0,14.0,2000,
Mauritius,MU,MUS,480,ISO 3166-2:MU,Africa,Sub-Saharan Africa,Eastern Africa,2.0,202.0,14.0,2001,
Mauritius,MU,MUS,480,ISO 3166-2:MU,Africa,Sub-Saharan Africa,Eastern Africa,2.0,202.0,14.0,2002,
Mauritius,MU,MUS,480,ISO 3166-2:MU,Africa,Sub-Saharan Africa,Eastern Africa,2.0,202.0,14.0,2003,
Mauritius,MU,MUS,480,ISO 3166-2:MU,Africa,Sub-Saharan Africa,Eastern Africa,2.0,202.0,14.0,2004,
Mauritius,MU,MUS,480,ISO 3166-2:MU,Africa,Sub-Saharan Africa,Eastern Africa,2.0,202.0,14.0,2005,
Mauritius,MU,MUS,480,ISO 3166-2:MU,Africa,Sub-Saharan Africa,Eastern Africa,2.0,202.0,14.0,2006,
Mauritius,MU,MUS,480,ISO 3166-2:MU,Africa,Sub-Saharan Africa,Eastern Africa,2.0,202.0,14.0,2007,
Mauritius,MU,MUS,480,ISO 3166-2:MU,Africa,Sub-Saharan Africa,Eastern Africa,2.0,202.0,14.0,2008,
Mauritius,MU,MUS,480,ISO 3166-2:MU,Africa,Sub-Saharan Africa,Eastern Africa,2.0,202.0,14.0,2009,
Mauritius,MU,MUS,480,ISO 3166-2:MU,Africa,Sub-Saharan Africa,Eastern Africa,2.0,202.0,14.0,2010,1.55
Mauritius,MU,MUS,480,ISO 3166-2:MU,Africa,Sub-Saharan Africa,Eastern Africa,2.0,202.0,14.0,2011,
Mauritius,MU,MUS,480,ISO 3166-2:MU,Africa,Sub-Saharan Africa,Eastern Africa,2.0,202.0,14.0,2012,1.65
Mauritius,MU,MUS,480,ISO 3166-2:MU,Africa,Sub-Saharan Africa,Eastern Africa,2.0,202.0,14.0,2013,
Mauritius,MU,MUS,480,ISO 3166-2:MU,Africa,Sub-Saharan Africa,Eastern Africa,2.0,202.0,14.0,2014,1.65
Mauritius,MU,MUS,480,ISO 3166-2:MU,Africa,Sub-Saharan Africa,Eastern Africa,2.0,202.0,14.0,2015,
Mauritius,MU,MUS,480,ISO 3166-2:MU,Africa,Sub-Saharan Africa,Eastern Africa,2.0,202.0,14.0,2016,1.12
Mayotte,YT,MYT,175,ISO 3166-2:YT,Africa,Sub-Saharan Africa,Eastern Africa,2.0,202.0,14.0,,
Mexico,MX,MEX,484,ISO 3166-2:MX,Americas,Latin America and the Caribbean,Central America,19.0,419.0,13.0,1991,
Mexico,MX,MEX,484,ISO 3166-2:MX,Americas,Latin America and the Caribbean,Central America,19.0,419.0,13.0,1992,0.39
Mexico,MX,MEX,484,ISO 3166-2:MX,Americas,Latin America and the Caribbean,Central America,19.0,419.0,13.0,1993,
Mexico,MX,MEX,484,ISO 3166-2:MX,Americas,Latin America and the Caribbean,Central America,19.0,419.0,13.0,1994,
Mexico,MX,MEX,484,ISO 3166-2:MX,Americas,Latin America and the Caribbean,Central America,19.0,419.0,13.0,1995,0.32
Mexico,MX,MEX,484,ISO 3166-2:MX,Americas,Latin America and the Caribbean,Central America,19.0,419.0,13.0,1996,
Mexico,MX,MEX,484,ISO 3166-2:MX,Americas,Latin America and the Caribbean,Central America,19.0,419.0,13.0,1997,
Mexico,MX,MEX,484,ISO 3166-2:MX,Americas,Latin America and the Caribbean,Central America,19.0,419.0,13.0,1998,0.36
Mexico,MX,MEX,484,ISO 3166-2:MX,Americas,Latin America and the Caribbean,Central America,19.0,419.0,13.0,1999,
Mexico,MX,MEX,484,ISO 3166-2:MX,Americas,Latin America and the Caribbean,Central America,19.0,419.0,13.0,2000,0.61
Mexico,MX,MEX,484,ISO 3166-2:MX,Americas,Latin America and the Caribbean,Central America,19.0,419.0,13.0,2001,
Mexico,MX,MEX,484,ISO 3166-2:MX,Americas,Latin America and the Caribbean,Central America,19.0,419.0,13.0,2002,0.62
Mexico,MX,MEX,484,ISO 3166-2:MX,Americas,Latin America and the Caribbean,Central America,19.0,419.0,13.0,2003,
Mexico,MX,MEX,484,ISO 3166-2:MX,Americas,Latin America and the Caribbean,Central America,19.0,419.0,13.0,2004,0.59
Mexico,MX,MEX,484,ISO 3166-2:MX,Americas,Latin America and the Caribbean,Central America,19.0,419.0,13.0,2005,
Mexico,MX,MEX,484,ISO 3166-2:MX,Americas,Latin America and the Caribbean,Central America,19.0,419.0,13.0,2006,0.74
Mexico,MX,MEX,484,ISO 3166-2:MX,Americas,Latin America and the Caribbean,Central America,19.0,419.0,13.0,2007,
Mexico,MX,MEX,484,ISO 3166-2:MX,Americas,Latin America and the Caribbean,Central America,19.0,419.0,13.0,2008,0.74
Mexico,MX,MEX,484,ISO 3166-2:MX,Americas,Latin America and the Caribbean,Central America,19.0,419.0,13.0,2009,
Mexico,MX,MEX,484,ISO 3166-2:MX,Americas,Latin America and the Caribbean,Central America,19.0,419.0,13.0,2010,0.81
Mexico,MX,MEX,484,ISO 3166-2:MX,Americas,Latin America and the Caribbean,Central America,19.0,419.0,13.0,2011,
Mexico,MX,MEX,484,ISO 3166-2:MX,Americas,Latin America and the Caribbean,Central America,19.0,419.0,13.0,2012,0.86
Mexico,MX,MEX,484,ISO 3166-2:MX,Americas,Latin America and the Caribbean,Central America,19.0,419.0,13.0,2013,
Mexico,MX,MEX,484,ISO 3166-2:MX,Americas,Latin America and the Caribbean,Central America,19.0,419.0,13.0,2014,1.03
Mexico,MX,MEX,484,ISO 3166-2:MX,Americas,Latin America and the Caribbean,Central America,19.0,419.0,13.0,2015,
Mexico,MX,MEX,484,ISO 3166-2:MX,Americas,Latin America and the Caribbean,Central America,19.0,419.0,13.0,2016,0.73
"Micronesia, Federated States of",FM,FSM,583,ISO 3166-2:FM,Oceania,Micronesia,,9.0,57.0,,,
"Moldova, Republic of",MD,MDA,498,ISO 3166-2:MD,Europe,Eastern Europe,,150.0,151.0,,,
Monaco,MC,MCO,492,ISO 3166-2:MC,Europe,Western Europe,,150.0,155.0,,1991,
Monaco,MC,MCO,492,ISO 3166-2:MC,Europe,Western Europe,,150.0,155.0,,1992,
Monaco,MC,MCO,492,ISO 3166-2:MC,Europe,Western Europe,,150.0,155.0,,1993,
Monaco,MC,MCO,492,ISO 3166-2:MC,Europe,Western Europe,,150.0,155.0,,1994,
Monaco,MC,MCO,492,ISO 3166-2:MC,Europe,Western Europe,,150.0,155.0,,1995,
Monaco,MC,MCO,492,ISO 3166-2:MC,Europe,Western Europe,,150.0,155.0,,1996,
Monaco,MC,MCO,492,ISO 3166-2:MC,Europe,Western Europe,,150.0,155.0,,1997,
Monaco,MC,MCO,492,ISO 3166-2:MC,Europe,Western Europe,,150.0,155.0,,1998,
Monaco,MC,MCO,492,ISO 3166-2:MC,Europe,Western Europe,,150.0,155.0,,1999,
Monaco,MC,MCO,492,ISO 3166-2:MC,Europe,Western Europe,,150.0,155.0,,2000,
Monaco,MC,MCO,492,ISO 3166-2:MC,Europe,Western Europe,,150.0,155.0,,2001,
Monaco,MC,MCO,492,ISO 3166-2:MC,Europe,Western Europe,,150.0,155.0,,2002,
Monaco,MC,MCO,492,ISO 3166-2:MC,Europe,Western Europe,,150.0,155.0,,2003,
Monaco,MC,MCO,492,ISO 3166-2:MC,Europe,Western Europe,,150.0,155.0,,2004,
Monaco,MC,MCO,492,ISO 3166-2:MC,Europe,Western Europe,,150.0,155.0,,2005,
Monaco,MC,MCO,492,ISO 3166-2:MC,Europe,Western Europe,,150.0,155.0,,2006,
Monaco,MC,MCO,492,ISO 3166-2:MC,Europe,Western Europe,,150.0,155.0,,2007,
Monaco,MC,MCO,492,ISO 3166-2:MC,Europe,Western Europe,,150.0,155.0,,2008,1.64
Monaco,MC,MCO,492,ISO 3166-2:MC,Europe,Western Europe,,150.0,155.0,,2009,
Monaco,MC,MCO,492,ISO 3166-2:MC,Europe,Western Europe,,150.0,155.0,,2010,1.92
Monaco,MC,MCO,492,ISO 3166-2:MC,Europe,Western Europe,,150.0,155.0,,2011,
Monaco,MC,MCO,492,ISO 3166-2:MC,Europe,Western Europe,,150.0,155.0,,2012,2.23
Monaco,MC,MCO,492,ISO 3166-2:MC,Europe,Western Europe,,150.0,155.0,,2013,
Monaco,MC,MCO,492,ISO 3166-2:MC,Europe,Western Europe,,150.0,155.0,,2014,2.0
Monaco,MC,MCO,492,ISO 3166-2:MC,Europe,Western Europe,,150.0,155.0,,2015,
Monaco,MC,MCO,492,ISO 3166-2:MC,Europe,Western Europe,,150.0,155.0,,2016,
Mongolia,MN,MNG,496,ISO 3166-2:MN,Asia,Eastern Asia,,142.0,30.0,,1991,
Mongolia,MN,MNG,496,ISO 3166-2:MN,Asia,Eastern Asia,,142.0,30.0,,1992,
Mongolia,MN,MNG,496,ISO 3166-2:MN,Asia,Eastern Asia,,142.0,30.0,,1993,
Mongolia,MN,MNG,496,ISO 3166-2:MN,Asia,Eastern Asia,,142.0,30.0,,1994,
Mongolia,MN,MNG,496,ISO 3166-2:MN,Asia,Eastern Asia,,142.0,30.0,,1995,
Mongolia,MN,MNG,496,ISO 3166-2:MN,Asia,Eastern Asia,,142.0,30.0,,1996,
Mongolia,MN,MNG,496,ISO 3166-2:MN,Asia,Eastern Asia,,142.0,30.0,,1997,
Mongolia,MN,MNG,496,ISO 3166-2:MN,Asia,Eastern Asia,,142.0,30.0,,1998,0.23
Mongolia,MN,MNG,496,ISO 3166-2:MN,Asia,Eastern Asia,,142.0,30.0,,1999,
Mongolia,MN,MNG,496,ISO 3166-2:MN,Asia,Eastern Asia,,142.0,30.0,,2000,0.38
Mongolia,MN,MNG,496,ISO 3166-2:MN,Asia,Eastern Asia,,142.0,30.0,,2001,
Mongolia,MN,MNG,496,ISO 3166-2:MN,Asia,Eastern Asia,,142.0,30.0,,2002,0.38
Mongolia,MN,MNG,496,ISO 3166-2:MN,Asia,Eastern Asia,,142.0,30.0,,2003,
Mongolia,MN,MNG,496,ISO 3166-2:MN,Asia,Eastern Asia,,142.0,30.0,,2004,0.61
Mongolia,MN,MNG,496,ISO 3166-2:MN,Asia,Eastern Asia,,142.0,30.0,,2005,
Mongolia,MN,MNG,496,ISO 3166-2:MN,Asia,Eastern Asia,,142.0,30.0,,2006,0.88
Mongolia,MN,MNG,496,ISO 3166-2:MN,Asia,Eastern Asia,,142.0,30.0,,2007,
Mongolia,MN,MNG,496,ISO 3166-2:MN,Asia,Eastern Asia,,142.0,30.0,,2008,1.38
Mongolia,MN,MNG,496,ISO 3166-2:MN,Asia,Eastern Asia,,142.0,30.0,,2009,
Mongolia,MN,MNG,496,ISO 3166-2:MN,Asia,Eastern Asia,,142.0,30.0,,2010,1.11
Mongolia,MN,MNG,496,ISO 3166-2:MN,Asia,Eastern Asia,,142.0,30.0,,2011,
Mongolia,MN,MNG,496,ISO 3166-2:MN,Asia,Eastern Asia,,142.0,30.0,,2012,1.29
Mongolia,MN,MNG,496,ISO 3166-2:MN,Asia,Eastern Asia,,142.0,30.0,,2013,
Mongolia,MN,MNG,496,ISO 3166-2:MN,Asia,Eastern Asia,,142.0,30.0,,2014,1.01
Mongolia,MN,MNG,496,ISO 3166-2:MN,Asia,Eastern Asia,,142.0,30.0,,2015,
Mongolia,MN,MNG,496,ISO 3166-2:MN,Asia,Eastern Asia,,142.0,30.0,,2016,0.72
Montenegro,ME,MNE,499,ISO 3166-2:ME,Europe,Southern Europe,,150.0,39.0,,1991,
Montenegro,ME,MNE,499,ISO 3166-2:ME,Europe,Southern Europe,,150.0,39.0,,1992,
Montenegro,ME,MNE,499,ISO 3166-2:ME,Europe,Southern Europe,,150.0,39.0,,1993,
Montenegro,ME,MNE,499,ISO 3166-2:ME,Europe,Southern Europe,,150.0,39.0,,1994,
Montenegro,ME,MNE,499,ISO 3166-2:ME,Europe,Southern Europe,,150.0,39.0,,1995,0.76
Montenegro,ME,MNE,499,ISO 3166-2:ME,Europe,Southern Europe,,150.0,39.0,,1996,
Montenegro,ME,MNE,499,ISO 3166-2:ME,Europe,Southern Europe,,150.0,39.0,,1997,
Montenegro,ME,MNE,499,ISO 3166-2:ME,Europe,Southern Europe,,150.0,39.0,,1998,0.61
Montenegro,ME,MNE,499,ISO 3166-2:ME,Europe,Southern Europe,,150.0,39.0,,1999,
Montenegro,ME,MNE,499,ISO 3166-2:ME,Europe,Southern Europe,,150.0,39.0,,2000,0.56
Montenegro,ME,MNE,499,ISO 3166-2:ME,Europe,Southern Europe,,150.0,39.0,,2001,
Montenegro,ME,MNE,499,ISO 3166-2:ME,Europe,Southern Europe,,150.0,39.0,,2002,0.74
Montenegro,ME,MNE,499,ISO 3166-2:ME,Europe,Southern Europe,,150.0,39.0,,2003,
Montenegro,ME,MNE,499,ISO 3166-2:ME,Europe,Southern Europe,,150.0,39.0,,2004,1.2
Montenegro,ME,MNE,499,ISO 3166-2:ME,Europe,Southern Europe,,150.0,39.0,,2005,
Montenegro,ME,MNE,499,ISO 3166-2:ME,Europe,Southern Europe,,150.0,39.0,,2006,1.51
Montenegro,ME,MNE,499,ISO 3166-2:ME,Europe,Southern Europe,,150.0,39.0,,2007,
Montenegro,ME,MNE,499,ISO 3166-2:ME,Europe,Southern Europe,,150.0,39.0,,2008,1.27
Montenegro,ME,MNE,499,ISO 3166-2:ME,Europe,Southern Europe,,150.0,39.0,,2009,
Montenegro,ME,MNE,499,ISO 3166-2:ME,Europe,Southern Europe,,150.0,39.0,,2010,1.62
Montenegro,ME,MNE,499,ISO 3166-2:ME,Europe,Southern Europe,,150.0,39.0,,2011,
Montenegro,ME,MNE,499,ISO 3166-2:ME,Europe,Southern Europe,,150.0,39.0,,2012,1.82
Montenegro,ME,MNE,499,ISO 3166-2:ME,Europe,Southern Europe,,150.0,39.0,,2013,
Montenegro,ME,MNE,499,ISO 3166-2:ME,Europe,Southern Europe,,150.0,39.0,,2014,1.6
Montenegro,ME,MNE,499,ISO 3166-2:ME,Europe,Southern Europe,,150.0,39.0,,2015,
Montenegro,ME,MNE,499,ISO 3166-2:ME,Europe,Southern Europe,,150.0,39.0,,2016,1.16
Montserrat,MS,MSR,500,ISO 3166-2:MS,Americas,Latin America and the Caribbean,Caribbean,19.0,419.0,29.0,,
Morocco,MA,MAR,504,ISO 3166-2:MA,Africa,Northern Africa,,2.0,15.0,,1991,0.82
Morocco,MA,MAR,504,ISO 3166-2:MA,Africa,Northern Africa,,2.0,15.0,,1992,0.75
Morocco,MA,MAR,504,ISO 3166-2:MA,Africa,Northern Africa,,2.0,15.0,,1993,
Morocco,MA,MAR,504,ISO 3166-2:MA,Africa,Northern Africa,,2.0,15.0,,1994,
Morocco,MA,MAR,504,ISO 3166-2:MA,Africa,Northern Africa,,2.0,15.0,,1995,0.94
Morocco,MA,MAR,504,ISO 3166-2:MA,Africa,Northern Africa,,2.0,15.0,,1996,
Morocco,MA,MAR,504,ISO 3166-2:MA,Africa,Northern Africa,,2.0,15.0,,1997,
Morocco,MA,MAR,504,ISO 3166-2:MA,Africa,Northern Africa,,2.0,15.0,,1998,0.79
Morocco,MA,MAR,504,ISO 3166-2:MA,Africa,Northern Africa,,2.0,15.0,,1999,
Morocco,MA,MAR,504,ISO 3166-2:MA,Africa,Northern Africa,,2.0,15.0,,2000,0.82
Morocco,MA,MAR,504,ISO 3166-2:MA,Africa,Northern Africa,,2.0,15.0,,2001,
Morocco,MA,MAR,504,ISO 3166-2:MA,Africa,Northern Africa,,2.0,15.0,,2002,0.87
Morocco,MA,MAR,504,ISO 3166-2:MA,Africa,Northern Africa,,2.0,15.0,,2003,
Morocco,MA,MAR,504,ISO 3166-2:MA,Africa,Northern Africa,,2.0,15.0,,2004,1.1
Morocco,MA,MAR,504,ISO 3166-2:MA,Africa,Northern Africa,,2.0,15.0,,2005,
Morocco,MA,MAR,504,ISO 3166-2:MA,Africa,Northern Africa,,2.0,15.0,,2006,1.22
Morocco,MA,MAR,504,ISO 3166-2:MA,Africa,Northern Africa,,2.0,15.0,,2007,
Morocco,MA,MAR,504,ISO 3166-2:MA,Africa,Northern Africa,,2.0,15.0,,2008,1.29
Morocco,MA,MAR,504,ISO 3166-2:MA,Africa,Northern Africa,,2.0,15.0,,2009,
Morocco,MA,MAR,504,ISO 3166-2:MA,Africa,Northern Africa,,2.0,15.0,,2010,1.23
Morocco,MA,MAR,504,ISO 3166-2:MA,Africa,Northern Africa,,2.0,15.0,,2011,
Morocco,MA,MAR,504,ISO 3166-2:MA,Africa,Northern Africa,,2.0,15.0,,2012,1.42
Morocco,MA,MAR,504,ISO 3166-2:MA,Africa,Northern Africa,,2.0,15.0,,2013,
Morocco,MA,MAR,504,ISO 3166-2:MA,Africa,Northern Africa,,2.0,15.0,,2014,1.38
Morocco,MA,MAR,504,ISO 3166-2:MA,Africa,Northern Africa,,2.0,15.0,,2015,
Morocco,MA,MAR,504,ISO 3166-2:MA,Africa,Northern Africa,,2.0,15.0,,2016,0.99
Mozambique,MZ,MOZ,508,ISO 3166-2:MZ,Africa,Sub-Saharan Africa,Eastern Africa,2.0,202.0,14.0,1991,0.74
Mozambique,MZ,MOZ,508,ISO 3166-2:MZ,Africa,Sub-Saharan Africa,Eastern Africa,2.0,202.0,14.0,1992,0.48
Mozambique,MZ,MOZ,508,ISO 3166-2:MZ,Africa,Sub-Saharan Africa,Eastern Africa,2.0,202.0,14.0,1993,
Mozambique,MZ,MOZ,508,ISO 3166-2:MZ,Africa,Sub-Saharan Africa,Eastern Africa,2.0,202.0,14.0,1994,
Mozambique,MZ,MOZ,508,ISO 3166-2:MZ,Africa,Sub-Saharan Africa,Eastern Africa,2.0,202.0,14.0,1995,0.53
Mozambique,MZ,MOZ,508,ISO 3166-2:MZ,Africa,Sub-Saharan Africa,Eastern Africa,2.0,202.0,14.0,1996,
Mozambique,MZ,MOZ,508,ISO 3166-2:MZ,Africa,Sub-Saharan Africa,Eastern Africa,2.0,202.0,14.0,1997,
Mozambique,MZ,MOZ,508,ISO 3166-2:MZ,Africa,Sub-Saharan Africa,Eastern Africa,2.0,202.0,14.0,1998,0.55
Mozambique,MZ,MOZ,508,ISO 3166-2:MZ,Africa,Sub-Saharan Africa,Eastern Africa,2.0,202.0,14.0,1999,
Mozambique,MZ,MOZ,508,ISO 3166-2:MZ,Africa,Sub-Saharan Africa,Eastern Africa,2.0,202.0,14.0,2000,0.56
Mozambique,MZ,MOZ,508,ISO 3166-2:MZ,Africa,Sub-Saharan Africa,Eastern Africa,2.0,202.0,14.0,2001,
Mozambique,MZ,MOZ,508,ISO 3166-2:MZ,Africa,Sub-Saharan Africa,Eastern Africa,2.0,202.0,14.0,2002,0.46
Mozambique,MZ,MOZ,508,ISO 3166-2:MZ,Africa,Sub-Saharan Africa,Eastern Africa,2.0,202.0,14.0,2003,
Mozambique,MZ,MOZ,508,ISO 3166-2:MZ,Africa,Sub-Saharan Africa,Eastern Africa,2.0,202.0,14.0,2004,0.88
Mozambique,MZ,MOZ,508,ISO 3166-2:MZ,Africa,Sub-Saharan Africa,Eastern Africa,2.0,202.0,14.0,2005,
Mozambique,MZ,MOZ,508,ISO 3166-2:MZ,Africa,Sub-Saharan Africa,Eastern Africa,2.0,202.0,14.0,2006,1.15
Mozambique,MZ,MOZ,508,ISO 3166-2:MZ,Africa,Sub-Saharan Africa,Eastern Africa,2.0,202.0,14.0,2007,
Mozambique,MZ,MOZ,508,ISO 3166-2:MZ,Africa,Sub-Saharan Africa,Eastern Africa,2.0,202.0,14.0,2008,1.71
Mozambique,MZ,MOZ,508,ISO 3166-2:MZ,Africa,Sub-Saharan Africa,Eastern Africa,2.0,202.0,14.0,2009,
Mozambique,MZ,MOZ,508,ISO 3166-2:MZ,Africa,Sub-Saharan Africa,Eastern Africa,2.0,202.0,14.0,2010,1.11
Mozambique,MZ,MOZ,508,ISO 3166-2:MZ,Africa,Sub-Saharan Africa,Eastern Africa,2.0,202.0,14.0,2011,
Mozambique,MZ,MOZ,508,ISO 3166-2:MZ,Africa,Sub-Saharan Africa,Eastern Africa,2.0,202.0,14.0,2012,1.58
Mozambique,MZ,MOZ,508,ISO 3166-2:MZ,Africa,Sub-Saharan Africa,Eastern Africa,2.0,202.0,14.0,2013,
Mozambique,MZ,MOZ,508,ISO 3166-2:MZ,Africa,Sub-Saharan Africa,Eastern Africa,2.0,202.0,14.0,2014,1.55
Mozambique,MZ,MOZ,508,ISO 3166-2:MZ,Africa,Sub-Saharan Africa,Eastern Africa,2.0,202.0,14.0,2015,
Mozambique,MZ,MOZ,508,ISO 3166-2:MZ,Africa,Sub-Saharan Africa,Eastern Africa,2.0,202.0,14.0,2016,0.65
Myanmar,MM,MMR,104,ISO 3166-2:MM,Asia,South-eastern Asia,,142.0,35.0,,1991,
Myanmar,MM,MMR,104,ISO 3166-2:MM,Asia,South-eastern Asia,,142.0,35.0,,1992,
Myanmar,MM,MMR,104,ISO 3166-2:MM,Asia,South-eastern Asia,,142.0,35.0,,1993,
Myanmar,MM,MMR,104,ISO 3166-2:MM,Asia,South-eastern Asia,,142.0,35.0,,1994,
Myanmar,MM,MMR,104,ISO 3166-2:MM,Asia,South-eastern Asia,,142.0,35.0,,1995,
Myanmar,MM,MMR,104,ISO 3166-2:MM,Asia,South-eastern Asia,,142.0,35.0,,1996,
Myanmar,MM,MMR,104,ISO 3166-2:MM,Asia,South-eastern Asia,,142.0,35.0,,1997,
Myanmar,MM,MMR,104,ISO 3166-2:MM,Asia,South-eastern Asia,,142.0,35.0,,1998,0.13
Myanmar,MM,MMR,104,ISO 3166-2:MM,Asia,South-eastern Asia,,142.0,35.0,,1999,
Myanmar,MM,MMR,104,ISO 3166-2:MM,Asia,South-eastern Asia,,142.0,35.0,,2000,0.33
Myanmar,MM,MMR,104,ISO 3166-2:MM,Asia,South-eastern Asia,,142.0,35.0,,2001,
Myanmar,MM,MMR,104,ISO 3166-2:MM,Asia,South-eastern Asia,,142.0,35.0,,2002,0.36
Myanmar,MM,MMR,104,ISO 3166-2:MM,Asia,South-eastern Asia,,142.0,35.0,,2003,
Myanmar,MM,MMR,104,ISO 3166-2:MM,Asia,South-eastern Asia,,142.0,35.0,,2004,0.12
Myanmar,MM,MMR,104,ISO 3166-2:MM,Asia,South-eastern Asia,,142.0,35.0,,2005,
Myanmar,MM,MMR,104,ISO 3166-2:MM,Asia,South-eastern Asia,,142.0,35.0,,2006,0.66
Myanmar,MM,MMR,104,ISO 3166-2:MM,Asia,South-eastern Asia,,142.0,35.0,,2007,
Myanmar,MM,MMR,104,ISO 3166-2:MM,Asia,South-eastern Asia,,142.0,35.0,,2008,0.43
Myanmar,MM,MMR,104,ISO 3166-2:MM,Asia,South-eastern Asia,,142.0,35.0,,2009,
Myanmar,MM,MMR,104,ISO 3166-2:MM,Asia,South-eastern Asia,,142.0,35.0,,2010,0.8
Myanmar,MM,MMR,104,ISO 3166-2:MM,Asia,South-eastern Asia,,142.0,35.0,,2011,
Myanmar,MM,MMR,104,ISO 3166-2:MM,Asia,South-eastern Asia,,142.0,35.0,,2012,1.04
Myanmar,MM,MMR,104,ISO 3166-2:MM,Asia,South-eastern Asia,,142.0,35.0,,2013,
Myanmar,MM,MMR,104,ISO 3166-2:MM,Asia,South-eastern Asia,,142.0,35.0,,2014,1.14
Myanmar,MM,MMR,104,ISO 3166-2:MM,Asia,South-eastern Asia,,142.0,35.0,,2015,
Myanmar,MM,MMR,104,ISO 3166-2:MM,Asia,South-eastern Asia,,142.0,35.0,,2016,0.54
Namibia,,NAM,516,ISO 3166-2:NA,Africa,Sub-Saharan Africa,Southern Africa,2.0,202.0,18.0,1991,0.46
Namibia,,NAM,516,ISO 3166-2:NA,Africa,Sub-Saharan Africa,Southern Africa,2.0,202.0,18.0,1992,0.42
Namibia,,NAM,516,ISO 3166-2:NA,Africa,Sub-Saharan Africa,Southern Africa,2.0,202.0,18.0,1993,
Namibia,,NAM,516,ISO 3166-2:NA,Africa,Sub-Saharan Africa,Southern Africa,2.0,202.0,18.0,1994,
Namibia,,NAM,516,ISO 3166-2:NA,Africa,Sub-Saharan Africa,Southern Africa,2.0,202.0,18.0,1995,
Namibia,,NAM,516,ISO 3166-2:NA,Africa,Sub-Saharan Africa,Southern Africa,2.0,202.0,18.0,1996,
Namibia,,NAM,516,ISO 3166-2:NA,Africa,Sub-Saharan Africa,Southern Africa,2.0,202.0,18.0,1997,
Namibia,,NAM,516,ISO 3166-2:NA,Africa,Sub-Saharan Africa,Southern Africa,2.0,202.0,18.0,1998,0.38
Namibia,,NAM,516,ISO 3166-2:NA,Africa,Sub-Saharan Africa,Southern Africa,2.0,202.0,18.0,1999,
Namibia,,NAM,516,ISO 3166-2:NA,Africa,Sub-Saharan Africa,Southern Africa,2.0,202.0,18.0,2000,0.47
Namibia,,NAM,516,ISO 3166-2:NA,Africa,Sub-Saharan Africa,Southern Africa,2.0,202.0,18.0,2001,
Namibia,,NAM,516,ISO 3166-2:NA,Africa,Sub-Saharan Africa,Southern Africa,2.0,202.0,18.0,2002,0.45
Namibia,,NAM,516,ISO 3166-2:NA,Africa,Sub-Saharan Africa,Southern Africa,2.0,202.0,18.0,2003,
Namibia,,NAM,516,ISO 3166-2:NA,Africa,Sub-Saharan Africa,Southern Africa,2.0,202.0,18.0,2004,0.68
Namibia,,NAM,516,ISO 3166-2:NA,Africa,Sub-Saharan Africa,Southern Africa,2.0,202.0,18.0,2005,
Namibia,,NAM,516,ISO 3166-2:NA,Africa,Sub-Saharan Africa,Southern Africa,2.0,202.0,18.0,2006,0.87
Namibia,,NAM,516,ISO 3166-2:NA,Africa,Sub-Saharan Africa,Southern Africa,2.0,202.0,18.0,2007,
Namibia,,NAM,516,ISO 3166-2:NA,Africa,Sub-Saharan Africa,Southern Africa,2.0,202.0,18.0,2008,0.78
Namibia,,NAM,516,ISO 3166-2:NA,Africa,Sub-Saharan Africa,Southern Africa,2.0,202.0,18.0,2009,
Namibia,,NAM,516,ISO 3166-2:NA,Africa,Sub-Saharan Africa,Southern Africa,2.0,202.0,18.0,2010,1.06
Namibia,,NAM,516,ISO 3166-2:NA,Africa,Sub-Saharan Africa,Southern Africa,2.0,202.0,18.0,2011,
Namibia,,NAM,516,ISO 3166-2:NA,Africa,Sub-Saharan Africa,Southern Africa,2.0,202.0,18.0,2012,1.24
Namibia,,NAM,516,ISO 3166-2:NA,Africa,Sub-Saharan Africa,Southern Africa,2.0,202.0,18.0,2013,
Namibia,,NAM,516,ISO 3166-2:NA,Africa,Sub-Saharan Africa,Southern Africa,2.0,202.0,18.0,2014,1.08
Namibia,,NAM,516,ISO 3166-2:NA,Africa,Sub-Saharan Africa,Southern Africa,2.0,202.0,18.0,2015,
Namibia,,NAM,516,ISO 3166-2:NA,Africa,Sub-Saharan Africa,Southern Africa,2.0,202.0,18.0,2016,0.76
Nauru,NR,NRU,520,ISO 3166-2:NR,Oceania,Micronesia,,9.0,57.0,,1991,
Nauru,NR,NRU,520,ISO 3166-2:NR,Oceania,Micronesia,,9.0,57.0,,1992,
Nauru,NR,NRU,520,ISO 3166-2:NR,Oceania,Micronesia,,9.0,57.0,,1993,
Nauru,NR,NRU,520,ISO 3166-2:NR,Oceania,Micronesia,,9.0,57.0,,1994,
Nauru,NR,NRU,520,ISO 3166-2:NR,Oceania,Micronesia,,9.0,57.0,,1995,
Nauru,NR,NRU,520,ISO 3166-2:NR,Oceania,Micronesia,,9.0,57.0,,1996,
Nauru,NR,NRU,520,ISO 3166-2:NR,Oceania,Micronesia,,9.0,57.0,,1997,
Nauru,NR,NRU,520,ISO 3166-2:NR,Oceania,Micronesia,,9.0,57.0,,1998,
Nauru,NR,NRU,520,ISO 3166-2:NR,Oceania,Micronesia,,9.0,57.0,,1999,
Nauru,NR,NRU,520,ISO 3166-2:NR,Oceania,Micronesia,,9.0,57.0,,2000,
Nauru,NR,NRU,520,ISO 3166-2:NR,Oceania,Micronesia,,9.0,57.0,,2001,
Nauru,NR,NRU,520,ISO 3166-2:NR,Oceania,Micronesia,,9.0,57.0,,2002,
Nauru,NR,NRU,520,ISO 3166-2:NR,Oceania,Micronesia,,9.0,57.0,,2003,
Nauru,NR,NRU,520,ISO 3166-2:NR,Oceania,Micronesia,,9.0,57.0,,2004,
Nauru,NR,NRU,520,ISO 3166-2:NR,Oceania,Micronesia,,9.0,57.0,,2005,
Nauru,NR,NRU,520,ISO 3166-2:NR,Oceania,Micronesia,,9.0,57.0,,2006,
Nauru,NR,NRU,520,ISO 3166-2:NR,Oceania,Micronesia,,9.0,57.0,,2007,
Nauru,NR,NRU,520,ISO 3166-2:NR,Oceania,Micronesia,,9.0,57.0,,2008,
Nauru,NR,NRU,520,ISO 3166-2:NR,Oceania,Micronesia,,9.0,57.0,,2009,
Nauru,NR,NRU,520,ISO 3166-2:NR,Oceania,Micronesia,,9.0,57.0,,2010,1.6
Nauru,NR,NRU,520,ISO 3166-2:NR,Oceania,Micronesia,,9.0,57.0,,2011,
Nauru,NR,NRU,520,ISO 3166-2:NR,Oceania,Micronesia,,9.0,57.0,,2012,
Nauru,NR,NRU,520,ISO 3166-2:NR,Oceania,Micronesia,,9.0,57.0,,2013,
Nauru,NR,NRU,520,ISO 3166-2:NR,Oceania,Micronesia,,9.0,57.0,,2014,
Nauru,NR,NRU,520,ISO 3166-2:NR,Oceania,Micronesia,,9.0,57.0,,2015,
Nauru,NR,NRU,520,ISO 3166-2:NR,Oceania,Micronesia,,9.0,57.0,,2016,
Nepal,NP,NPL,524,ISO 3166-2:NP,Asia,Southern Asia,,142.0,34.0,,1991,0.65
Nepal,NP,NPL,524,ISO 3166-2:NP,Asia,Southern Asia,,142.0,34.0,,1992,
Nepal,NP,NPL,524,ISO 3166-2:NP,Asia,Southern Asia,,142.0,34.0,,1993,
Nepal,NP,NPL,524,ISO 3166-2:NP,Asia,Southern Asia,,142.0,34.0,,1994,
Nepal,NP,NPL,524,ISO 3166-2:NP,Asia,Southern Asia,,142.0,34.0,,1995,0.52
Nepal,NP,NPL,524,ISO 3166-2:NP,Asia,Southern Asia,,142.0,34.0,,1996,
Nepal,NP,NPL,524,ISO 3166-2:NP,Asia,Southern Asia,,142.0,34.0,,1997,
Nepal,NP,NPL,524,ISO 3166-2:NP,Asia,Southern Asia,,142.0,34.0,,1998,0.59
Nepal,NP,NPL,524,ISO 3166-2:NP,Asia,Southern Asia,,142.0,34.0,,1999,
Nepal,NP,NPL,524,ISO 3166-2:NP,Asia,Southern Asia,,142.0,34.0,,2000,0.63
Nepal,NP,NPL,524,ISO 3166-2:NP,Asia,Southern Asia,,142.0,34.0,,2001,
Nepal,NP,NPL,524,ISO 3166-2:NP,Asia,Southern Asia,,142.0,34.0,,2002,0.66
Nepal,NP,NPL,524,ISO 3166-2:NP,Asia,Southern Asia,,142.0,34.0,,2003,
Nepal,NP,NPL,524,ISO 3166-2:NP,Asia,Southern Asia,,142.0,34.0,,2004,0.72
Nepal,NP,NPL,524,ISO 3166-2:NP,Asia,Southern Asia,,142.0,34.0,,2005,
Nepal,NP,NPL,524,ISO 3166-2:NP,Asia,Southern Asia,,142.0,34.0,,2006,0.94
Nepal,NP,NPL,524,ISO 3166-2:NP,Asia,Southern Asia,,142.0,34.0,,2007,
Nepal,NP,NPL,524,ISO 3166-2:NP,Asia,Southern Asia,,142.0,34.0,,2008,1.13
Nepal,NP,NPL,524,ISO 3166-2:NP,Asia,Southern Asia,,142.0,34.0,,2009,
Nepal,NP,NPL,524,ISO 3166-2:NP,Asia,Southern Asia,,142.0,34.0,,2010,1.18
Nepal,NP,NPL,524,ISO 3166-2:NP,Asia,Southern Asia,,142.0,34.0,,2011,
Nepal,NP,NPL,524,ISO 3166-2:NP,Asia,Southern Asia,,142.0,34.0,,2012,1.44
Nepal,NP,NPL,524,ISO 3166-2:NP,Asia,Southern Asia,,142.0,34.0,,2013,
Nepal,NP,NPL,524,ISO 3166-2:NP,Asia,Southern Asia,,142.0,34.0,,2014,1.31
Nepal,NP,NPL,524,ISO 3166-2:NP,Asia,Southern Asia,,142.0,34.0,,2015,
Nepal,NP,NPL,524,ISO 3166-2:NP,Asia,Southern Asia,,142.0,34.0,,2016,0.91
"Netherlands, Kingdom of the",NL,NLD,528,ISO 3166-2:NL,Europe,Western Europe,,150.0,155.0,,,
New Caledonia,NC,NCL,540,ISO 3166-2:NC,Oceania,Melanesia,,9.0,54.0,,,
New Zealand,NZ,NZL,554,ISO 3166-2:NZ,Oceania,Australia and New Zealand,,9.0,53.0,,1991,
New Zealand,NZ,NZL,554,ISO 3166-2:NZ,Oceania,Australia and New Zealand,,9.0,53.0,,1992,
New Zealand,NZ,NZL,554,ISO 3166-2:NZ,Oceania,Australia and New Zealand,,9.0,53.0,,1993,
New Zealand,NZ,NZL,554,ISO 3166-2:NZ,Oceania,Australia and New Zealand,,9.0,53.0,,1994,
New Zealand,NZ,NZL,554,ISO 3166-2:NZ,Oceania,Australia and New Zealand,,9.0,53.0,,1995,0.61
New Zealand,NZ,NZL,554,ISO 3166-2:NZ,Oceania,Australia and New Zealand,,9.0,53.0,,1996,
New Zealand,NZ,NZL,554,ISO 3166-2:NZ,Oceania,Australia and New Zealand,,9.0,53.0,,1997,
New Zealand,NZ,NZL,554,ISO 3166-2:NZ,Oceania,Australia and New Zealand,,9.0,53.0,,1998,0.64
New Zealand,NZ,NZL,554,ISO 3166-2:NZ,Oceania,Australia and New Zealand,,9.0,53.0,,1999,
New Zealand,NZ,NZL,554,ISO 3166-2:NZ,Oceania,Australia and New Zealand,,9.0,53.0,,2000,0.48
New Zealand,NZ,NZL,554,ISO 3166-2:NZ,Oceania,Australia and New Zealand,,9.0,53.0,,2001,
New Zealand,NZ,NZL,554,ISO 3166-2:NZ,Oceania,Australia and New Zealand,,9.0,53.0,,2002,0.55
New Zealand,NZ,NZL,554,ISO 3166-2:NZ,Oceania,Australia and New Zealand,,9.0,53.0,,2003,
New Zealand,NZ,NZL,554,ISO 3166-2:NZ,Oceania,Australia and New Zealand,,9.0,53.0,,2004,0.77
New Zealand,NZ,NZL,554,ISO 3166-2:NZ,Oceania,Australia and New Zealand,,9.0,53.0,,2005,
New Zealand,NZ,NZL,554,ISO 3166-2:NZ,Oceania,Australia and New Zealand,,9.0,53.0,,2006,0.98
New Zealand,NZ,NZL,554,ISO 3166-2:NZ,Oceania,Australia and New Zealand,,9.0,53.0,,2007,
New Zealand,NZ,NZL,554,ISO 3166-2:NZ,Oceania,Australia and New Zealand,,9.0,53.0,,2008,1.09
New Zealand,NZ,NZL,554,ISO 3166-2:NZ,Oceania,Australia and New Zealand,,9.0,53.0,,2009,
New Zealand,NZ,NZL,554,ISO 3166-2:NZ,Oceania,Australia and New Zealand,,9.0,53.0,,2010,1.47
New Zealand,NZ,NZL,554,ISO 3166-2:NZ,Oceania,Australia and New Zealand,,9.0,53.0,,2011,
New Zealand,NZ,NZL,554,ISO 3166-2:NZ,Oceania,Australia and New Zealand,,9.0,53.0,,2012,1.77
New Zealand,NZ,NZL,554,ISO 3166-2:NZ,Oceania,Australia and New Zealand,,9.0,53.0,,2013,
New Zealand,NZ,NZL,554,ISO 3166-2:NZ,Oceania,Australia and New Zealand,,9.0,53.0,,2014,1.71
New Zealand,NZ,NZL,554,ISO 3166-2:NZ,Oceania,Australia and New Zealand,,9.0,53.0,,2015,
New Zealand,NZ,NZL,554,ISO 3166-2:NZ,Oceania,Australia and New Zealand,,9.0,53.0,,2016,1.4
Nicaragua,NI,NIC,558,ISO 3166-2:NI,Americas,Latin America and the Caribbean,Central America,19.0,419.0,13.0,1991,
Nicaragua,NI,NIC,558,ISO 3166-2:NI,Americas,Latin America and the Caribbean,Central America,19.0,419.0,13.0,1992,0.69
Nicaragua,NI,NIC,558,ISO 3166-2:NI,Americas,Latin America and the Caribbean,Central America,19.0,419.0,13.0,1993,
Nicaragua,NI,NIC,558,ISO 3166-2:NI,Americas,Latin America and the Caribbean,Central America,19.0,419.0,13.0,1994,
Nicaragua,NI,NIC,558,ISO 3166-2:NI,Americas,Latin America and the Caribbean,Central America,19.0,419.0,13.0,1995,0.62
Nicaragua,NI,NIC,558,ISO 3166-2:NI,Americas,Latin America and the Caribbean,Central America,19.0,419.0,13.0,1996,
Nicaragua,NI,NIC,558,ISO 3166-2:NI,Americas,Latin America and the Caribbean,Central America,19.0,419.0,13.0,1997,
Nicaragua,NI,NIC,558,ISO 3166-2:NI,Americas,Latin America and the Caribbean,Central America,19.0,419.0,13.0,1998,0.47
Nicaragua,NI,NIC,558,ISO 3166-2:NI,Americas,Latin America and the Caribbean,Central America,19.0,419.0,13.0,1999,
Nicaragua,NI,NIC,558,ISO 3166-2:NI,Americas,Latin America and the Caribbean,Central America,19.0,419.0,13.0,2000,0.62
Nicaragua,NI,NIC,558,ISO 3166-2:NI,Americas,Latin America and the Caribbean,Central America,19.0,419.0,13.0,2001,
Nicaragua,NI,NIC,558,ISO 3166-2:NI,Americas,Latin America and the Caribbean,Central America,19.0,419.0,13.0,2002,0.54
Nicaragua,NI,NIC,558,ISO 3166-2:NI,Americas,Latin America and the Caribbean,Central America,19.0,419.0,13.0,2003,
Nicaragua,NI,NIC,558,ISO 3166-2:NI,Americas,Latin America and the Caribbean,Central America,19.0,419.0,13.0,2004,0.69
Nicaragua,NI,NIC,558,ISO 3166-2:NI,Americas,Latin America and the Caribbean,Central America,19.0,419.0,13.0,2005,
Nicaragua,NI,NIC,558,ISO 3166-2:NI,Americas,Latin America and the Caribbean,Central America,19.0,419.0,13.0,2006,0.67
Nicaragua,NI,NIC,558,ISO 3166-2:NI,Americas,Latin America and the Caribbean,Central America,19.0,419.0,13.0,2007,
Nicaragua,NI,NIC,558,ISO 3166-2:NI,Americas,Latin America and the Caribbean,Central America,19.0,419.0,13.0,2008,0.87
Nicaragua,NI,NIC,558,ISO 3166-2:NI,Americas,Latin America and the Caribbean,Central America,19.0,419.0,13.0,2009,
Nicaragua,NI,NIC,558,ISO 3166-2:NI,Americas,Latin America and the Caribbean,Central America,19.0,419.0,13.0,2010,1.09
Nicaragua,NI,NIC,558,ISO 3166-2:NI,Americas,Latin America and the Caribbean,Central America,19.0,419.0,13.0,2011,
Nicaragua,NI,NIC,558,ISO 3166-2:NI,Americas,Latin America and the Caribbean,Central America,19.0,419.0,13.0,2012,1.23
Nicaragua,NI,NIC,558,ISO 3166-2:NI,Americas,Latin America and the Caribbean,Central America,19.0,419.0,13.0,2013,
Nicaragua,NI,NIC,558,ISO 3166-2:NI,Americas,Latin America and the Caribbean,Central America,19.0,419.0,13.0,2014,1.18
Nicaragua,NI,NIC,558,ISO 3166-2:NI,Americas,Latin America and the Caribbean,Central America,19.0,419.0,13.0,2015,
Nicaragua,NI,NIC,558,ISO 3166-2:NI,Americas,Latin America and the Caribbean,Central America,19.0,419.0,13.0,2016,0.91
Niger,NE,NER,562,ISO 3166-2:NE,Africa,Sub-Saharan Africa,Western Africa,2.0,202.0,11.0,1991,0.94
Niger,NE,NER,562,ISO 3166-2:NE,Africa,Sub-Saharan Africa,Western Africa,2.0,202.0,11.0,1992,0.92
Niger,NE,NER,562,ISO 3166-2:NE,Africa,Sub-Saharan Africa,Western Africa,2.0,202.0,11.0,1993,
Niger,NE,NER,562,ISO 3166-2:NE,Africa,Sub-Saharan Africa,Western Africa,2.0,202.0,11.0,1994,
Niger,NE,NER,562,ISO 3166-2:NE,Africa,Sub-Saharan Africa,Western Africa,2.0,202.0,11.0,1995,0.79
Niger,NE,NER,562,ISO 3166-2:NE,Africa,Sub-Saharan Africa,Western Africa,2.0,202.0,11.0,1996,
Niger,NE,NER,562,ISO 3166-2:NE,Africa,Sub-Saharan Africa,Western Africa,2.0,202.0,11.0,1997,
Niger,NE,NER,562,ISO 3166-2:NE,Africa,Sub-Saharan Africa,Western Africa,2.0,202.0,11.0,1998,0.76
Niger,NE,NER,562,ISO 3166-2:NE,Africa,Sub-Saharan Africa,Western Africa,2.0,202.0,11.0,1999,
Niger,NE,NER,562,ISO 3166-2:NE,Africa,Sub-Saharan Africa,Western Africa,2.0,202.0,11.0,2000,0.68
Niger,NE,NER,562,ISO 3166-2:NE,Africa,Sub-Saharan Africa,Western Africa,2.0,202.0,11.0,2001,
Niger,NE,NER,562,ISO 3166-2:NE,Africa,Sub-Saharan Africa,Western Africa,2.0,202.0,11.0,2002,0.77
Niger,NE,NER,562,ISO 3166-2:NE,Africa,Sub-Saharan Africa,Western Africa,2.0,202.0,11.0,2003,
Niger,NE,NER,562,ISO 3166-2:NE,Africa,Sub-Saharan Africa,Western Africa,2.0,202.0,11.0,2004,1.02
Niger,NE,NER,562,ISO 3166-2:NE,Africa,Sub-Saharan Africa,Western Africa,2.0,202.0,11.0,2005,
Niger,NE,NER,562,ISO 3166-2:NE,Africa,Sub-Saharan Africa,Western Africa,2.0,202.0,11.0,2006,1.14
Niger,NE,NER,562,ISO 3166-2:NE,Africa,Sub-Saharan Africa,Western Africa,2.0,202.0,11.0,2007,
Niger,NE,NER,562,ISO 3166-2:NE,Africa,Sub-Saharan Africa,Western Africa,2.0,202.0,11.0,2008,0.99
Niger,NE,NER,562,ISO 3166-2:NE,Africa,Sub-Saharan Africa,Western Africa,2.0,202.0,11.0,2009,
Niger,NE,NER,562,ISO 3166-2:NE,Africa,Sub-Saharan Africa,Western Africa,2.0,202.0,11.0,2010,1.07
Niger,NE,NER,562,ISO 3166-2:NE,Africa,Sub-Saharan Africa,Western Africa,2.0,202.0,11.0,2011,
Niger,NE,NER,562,ISO 3166-2:NE,Africa,Sub-Saharan Africa,Western Africa,2.0,202.0,11.0,2012,1.12
Niger,NE,NER,562,ISO 3166-2:NE,Africa,Sub-Saharan Africa,Western Africa,2.0,202.0,11.0,2013,
Niger,NE,NER,562,ISO 3166-2:NE,Africa,Sub-Saharan Africa,Western Africa,2.0,202.0,11.0,2014,1.09
Niger,NE,NER,562,ISO 3166-2:NE,Africa,Sub-Saharan Africa,Western Africa,2.0,202.0,11.0,2015,
Niger,NE,NER,562,ISO 3166-2:NE,Africa,Sub-Saharan Africa,Western Africa,2.0,202.0,11.0,2016,0.88
Nigeria,NG,NGA,566,ISO 3166-2:NG,Africa,Sub-Saharan Africa,Western Africa,2.0,202.0,11.0,1991,0.05
Nigeria,NG,NGA,566,ISO 3166-2:NG,Africa,Sub-Saharan Africa,Western Africa,2.0,202.0,11.0,1992,0.02
Nigeria,NG,NGA,566,ISO 3166-2:NG,Africa,Sub-Saharan Africa,Western Africa,2.0,202.0,11.0,1993,
Nigeria,NG,NGA,566,ISO 3166-2:NG,Africa,Sub-Saharan Africa,Western Africa,2.0,202.0,11.0,1994,
Nigeria,NG,NGA,566,ISO 3166-2:NG,Africa,Sub-Saharan Africa,Western Africa,2.0,202.0,11.0,1995,0.13
Nigeria,NG,NGA,566,ISO 3166-2:NG,Africa,Sub-Saharan Africa,Western Africa,2.0,202.0,11.0,1996,
Nigeria,NG,NGA,566,ISO 3166-2:NG,Africa,Sub-Saharan Africa,Western Africa,2.0,202.0,11.0,1997,
Nigeria,NG,NGA,566,ISO 3166-2:NG,Africa,Sub-Saharan Africa,Western Africa,2.0,202.0,11.0,1998,0.13
Nigeria,NG,NGA,566,ISO 3166-2:NG,Africa,Sub-Saharan Africa,Western Africa,2.0,202.0,11.0,1999,
Nigeria,NG,NGA,566,ISO 3166-2:NG,Africa,Sub-Saharan Africa,Western Africa,2.0,202.0,11.0,2000,0.27
Nigeria,NG,NGA,566,ISO 3166-2:NG,Africa,Sub-Saharan Africa,Western Africa,2.0,202.0,11.0,2001,
Nigeria,NG,NGA,566,ISO 3166-2:NG,Africa,Sub-Saharan Africa,Western Africa,2.0,202.0,11.0,2002,0.2
Nigeria,NG,NGA,566,ISO 3166-2:NG,Africa,Sub-Saharan Africa,Western Africa,2.0,202.0,11.0,2003,
Nigeria,NG,NGA,566,ISO 3166-2:NG,Africa,Sub-Saharan Africa,Western Africa,2.0,202.0,11.0,2004,0.39
Nigeria,NG,NGA,566,ISO 3166-2:NG,Africa,Sub-Saharan Africa,Western Africa,2.0,202.0,11.0,2005,
Nigeria,NG,NGA,566,ISO 3166-2:NG,Africa,Sub-Saharan Africa,Western Africa,2.0,202.0,11.0,2006,0.51
Nigeria,NG,NGA,566,ISO 3166-2:NG,Africa,Sub-Saharan Africa,Western Africa,2.0,202.0,11.0,2007,
Nigeria,NG,NGA,566,ISO 3166-2:NG,Africa,Sub-Saharan Africa,Western Africa,2.0,202.0,11.0,2008,0.59
Nigeria,NG,NGA,566,ISO 3166-2:NG,Africa,Sub-Saharan Africa,Western Africa,2.0,202.0,11.0,2009,
Nigeria,NG,NGA,566,ISO 3166-2:NG,Africa,Sub-Saharan Africa,Western Africa,2.0,202.0,11.0,2010,0.44
Nigeria,NG,NGA,566,ISO 3166-2:NG,Africa,Sub-Saharan Africa,Western Africa,2.0,202.0,11.0,2011,
Nigeria,NG,NGA,566,ISO 3166-2:NG,Africa,Sub-Saharan Africa,Western Africa,2.0,202.0,11.0,2012,0.62
Nigeria,NG,NGA,566,ISO 3166-2:NG,Africa,Sub-Saharan Africa,Western Africa,2.0,202.0,11.0,2013,
Nigeria,NG,NGA,566,ISO 3166-2:NG,Africa,Sub-Saharan Africa,Western Africa,2.0,202.0,11.0,2014,0.56
Nigeria,NG,NGA,566,ISO 3166-2:NG,Africa,Sub-Saharan Africa,Western Africa,2.0,202.0,11.0,2015,
Nigeria,NG,NGA,566,ISO 3166-2:NG,Africa,Sub-Saharan Africa,Western Africa,2.0,202.0,11.0,2016,0.46
Niue,NU,NIU,570,ISO 3166-2:NU,Oceania,Polynesia,,9.0,61.0,,,
Norfolk Island,NF,NFK,574,ISO 3166-2:NF,Oceania,Australia and New Zealand,,9.0,53.0,,,
North Macedonia,MK,MKD,807,ISO 3166-2:MK,Europe,Southern Europe,,150.0,39.0,,1991,
North Macedonia,MK,MKD,807,ISO 3166-2:MK,Europe,Southern Europe,,150.0,39.0,,1992,
North Macedonia,MK,MKD,807,ISO 3166-2:MK,Europe,Southern Europe,,150.0,39.0,,1993,
North Macedonia,MK,MKD,807,ISO 3166-2:MK,Europe,Southern Europe,,150.0,39.0,,1994,
North Macedonia,MK,MKD,807,ISO 3166-2:MK,Europe,Southern Europe,,150.0,39.0,,1995,0.93
North Macedonia,MK,MKD,807,ISO 3166-2:MK,Europe,Southern Europe,,150.0,39.0,,1996,
North Macedonia,MK,MKD,807,ISO 3166-2:MK,Europe,Southern Europe,,150.0,39.0,,1997,
North Macedonia,MK,MKD,807,ISO 3166-2:MK,Europe,Southern Europe,,150.0,39.0,,1998,0.7
North Macedonia,MK,MKD,807,ISO 3166-2:MK,Europe,Southern Europe,,150.0,39.0,,1999,
North Macedonia,MK,MKD,807,ISO 3166-2:MK,Europe,Southern Europe,,150.0,39.0,,2000,0.76
North Macedonia,MK,MKD,807,ISO 3166-2:MK,Europe,Southern Europe,,150.0,39.0,,2001,
North Macedonia,MK,MKD,807,ISO 3166-2:MK,Europe,Southern Europe,,150.0,39.0,,2002,0.85
North Macedonia,MK,MKD,807,ISO 3166-2:MK,Europe,Southern Europe,,150.0,39.0,,2003,
North Macedonia,MK,MKD,807,ISO 3166-2:MK,Europe,Southern Europe,,150.0,39.0,,2004,1.17
North Macedonia,MK,MKD,807,ISO 3166-2:MK,Europe,Southern Europe,,150.0,39.0,,2005,
North Macedonia,MK,MKD,807,ISO 3166-2:MK,Europe,Southern Europe,,150.0,39.0,,2006,1.23
North Macedonia,MK,MKD,807,ISO 3166-2:MK,Europe,Southern Europe,,150.0,39.0,,2007,
North Macedonia,MK,MKD,807,ISO 3166-2:MK,Europe,Southern Europe,,150.0,39.0,,2008,1.15
North Macedonia,MK,MKD,807,ISO 3166-2:MK,Europe,Southern Europe,,150.0,39.0,,2009,
North Macedonia,MK,MKD,807,ISO 3166-2:MK,Europe,Southern Europe,,150.0,39.0,,2010,1.52
North Macedonia,MK,MKD,807,ISO 3166-2:MK,Europe,Southern Europe,,150.0,39.0,,2011,
North Macedonia,MK,MKD,807,ISO 3166-2:MK,Europe,Southern Europe,,150.0,39.0,,2012,1.75
North Macedonia,MK,MKD,807,ISO 3166-2:MK,Europe,Southern Europe,,150.0,39.0,,2013,
North Macedonia,MK,MKD,807,ISO 3166-2:MK,Europe,Southern Europe,,150.0,39.0,,2014,1.49
North Macedonia,MK,MKD,807,ISO 3166-2:MK,Europe,Southern Europe,,150.0,39.0,,2015,
North Macedonia,MK,MKD,807,ISO 3166-2:MK,Europe,Southern Europe,,150.0,39.0,,2016,1.11
Northern Mariana Islands,MP,MNP,580,ISO 3166-2:MP,Oceania,Micronesia,,9.0,57.0,,,
Norway,NO,NOR,578,ISO 3166-2:NO,Europe,Northern Europe,,150.0,154.0,,1991,
Norway,NO,NOR,578,ISO 3166-2:NO,Europe,Northern Europe,,150.0,154.0,,1992,
Norway,NO,NOR,578,ISO 3166-2:NO,Europe,Northern Europe,,150.0,154.0,,1993,
Norway,NO,NOR,578,ISO 3166-2:NO,Europe,Northern Europe,,150.0,154.0,,1994,
Norway,NO,NOR,578,ISO 3166-2:NO,Europe,Northern Europe,,150.0,154.0,,1995,1.33
Norway,NO,NOR,578,ISO 3166-2:NO,Europe,Northern Europe,,150.0,154.0,,1996,
Norway,NO,NOR,578,ISO 3166-2:NO,Europe,Northern Europe,,150.0,154.0,,1997,
Norway,NO,NOR,578,ISO 3166-2:NO,Europe,Northern Europe,,150.0,154.0,,1998,1.21
Norway,NO,NOR,578,ISO 3166-2:NO,Europe,Northern Europe,,150.0,154.0,,1999,
Norway,NO,NOR,578,ISO 3166-2:NO,Europe,Northern Europe,,150.0,154.0,,2000,1.19
Norway,NO,NOR,578,ISO 3166-2:NO,Europe,Northern Europe,,150.0,154.0,,2001,
Norway,NO,NOR,578,ISO 3166-2:NO,Europe,Northern Europe,,150.0,154.0,,2002,1.23
Norway,NO,NOR,578,ISO 3166-2:NO,Europe,Northern Europe,,150.0,154.0,,2003,
Norway,NO,NOR,578,ISO 3166-2:NO,Europe,Northern Europe,,150.0,154.0,,2004,1.61
Norway,NO,NOR,578,ISO 3166-2:NO,Europe,Northern Europe,,150.0,154.0,,2005,
Norway,NO,NOR,578,ISO 3166-2:NO,Europe,Northern Europe,,150.0,154.0,,2006,1.8
Norway,NO,NOR,578,ISO 3166-2:NO,Europe,Northern Europe,,150.0,154.0,,2007,
Norway,NO,NOR,578,ISO 3166-2:NO,Europe,Northern Europe,,150.0,154.0,,2008,1.63
Norway,NO,NOR,578,ISO 3166-2:NO,Europe,Northern Europe,,150.0,154.0,,2009,
Norway,NO,NOR,578,ISO 3166-2:NO,Europe,Northern Europe,,150.0,154.0,,2010,2.12
Norway,NO,NOR,578,ISO 3166-2:NO,Europe,Northern Europe,,150.0,154.0,,2011,
Norway,NO,NOR,578,ISO 3166-2:NO,Europe,Northern Europe,,150.0,154.0,,2012,2.53
Norway,NO,NOR,578,ISO 3166-2:NO,Europe,Northern Europe,,150.0,154.0,,2013,
Norway,NO,NOR,578,ISO 3166-2:NO,Europe,Northern Europe,,150.0,154.0,,2014,2.27
Norway,NO,NOR,578,ISO 3166-2:NO,Europe,Northern Europe,,150.0,154.0,,2015,
Norway,NO,NOR,578,ISO 3166-2:NO,Europe,Northern Europe,,150.0,154.0,,2016,1.78
Oman,OM,OMN,512,ISO 3166-2:OM,Asia,Western Asia,,142.0,145.0,,1991,
Oman,OM,OMN,512,ISO 3166-2:OM,Asia,Western Asia,,142.0,145.0,,1992,
Oman,OM,OMN,512,ISO 3166-2:OM,Asia,Western Asia,,142.0,145.0,,1993,
Oman,OM,OMN,512,ISO 3166-2:OM,Asia,Western Asia,,142.0,145.0,,1994,
Oman,OM,OMN,512,ISO 3166-2:OM,Asia,Western Asia,,142.0,145.0,,1995,
Oman,OM,OMN,512,ISO 3166-2:OM,Asia,Western Asia,,142.0,145.0,,1996,
Oman,OM,OMN,512,ISO 3166-2:OM,Asia,Western Asia,,142.0,145.0,,1997,
Oman,OM,OMN,512,ISO 3166-2:OM,Asia,Western Asia,,142.0,145.0,,1998,0.31
Oman,OM,OMN,512,ISO 3166-2:OM,Asia,Western Asia,,142.0,145.0,,1999,
Oman,OM,OMN,512,ISO 3166-2:OM,Asia,Western Asia,,142.0,145.0,,2000,0.31
Oman,OM,OMN,512,ISO 3166-2:OM,Asia,Western Asia,,142.0,145.0,,2001,
Oman,OM,OMN,512,ISO 3166-2:OM,Asia,Western Asia,,142.0,145.0,,2002,0.31
Oman,OM,OMN,512,ISO 3166-2:OM,Asia,Western Asia,,142.0,145.0,,2003,
Oman,OM,OMN,512,ISO 3166-2:OM,Asia,Western Asia,,142.0,145.0,,2004,0.31
Oman,OM,OMN,512,ISO 3166-2:OM,Asia,Western Asia,,142.0,145.0,,2005,
Oman,OM,OMN,512,ISO 3166-2:OM,Asia,Western Asia,,142.0,145.0,,2006,0.31
Oman,OM,OMN,512,ISO 3166-2:OM,Asia,Western Asia,,142.0,145.0,,2007,
Oman,OM,OMN,512,ISO 3166-2:OM,Asia,Western Asia,,142.0,145.0,,2008,0.31
Oman,OM,OMN,512,ISO 3166-2:OM,Asia,Western Asia,,142.0,145.0,,2009,
Oman,OM,OMN,512,ISO 3166-2:OM,Asia,Western Asia,,142.0,145.0,,2010,0.31
Oman,OM,OMN,512,ISO 3166-2:OM,Asia,Western Asia,,142.0,145.0,,2011,
Oman,OM,OMN,512,ISO 3166-2:OM,Asia,Western Asia,,142.0,145.0,,2012,0.31
Oman,OM,OMN,512,ISO 3166-2:OM,Asia,Western Asia,,142.0,145.0,,2013,
Oman,OM,OMN,512,ISO 3166-2:OM,Asia,Western Asia,,142.0,145.0,,2014,0.31
Oman,OM,OMN,512,ISO 3166-2:OM,Asia,Western Asia,,142.0,145.0,,2015,
Oman,OM,OMN,512,ISO 3166-2:OM,Asia,Western Asia,,142.0,145.0,,2016,0.45
Pakistan,PK,PAK,586,ISO 3166-2:PK,Asia,Southern Asia,,142.0,34.0,,1991,
Pakistan,PK,PAK,586,ISO 3166-2:PK,Asia,Southern Asia,,142.0,34.0,,1992,
Pakistan,PK,PAK,586,ISO 3166-2:PK,Asia,Southern Asia,,142.0,34.0,,1993,
Pakistan,PK,PAK,586,ISO 3166-2:PK,Asia,Southern Asia,,142.0,34.0,,1994,
Pakistan,PK,PAK,586,ISO 3166-2:PK,Asia,Southern Asia,,142.0,34.0,,1995,0.47
Pakistan,PK,PAK,586,ISO 3166-2:PK,Asia,Southern Asia,,142.0,34.0,,1996,
Pakistan,PK,PAK,586,ISO 3166-2:PK,Asia,Southern Asia,,142.0,34.0,,1997,
Pakistan,PK,PAK,586,ISO 3166-2:PK,Asia,Southern Asia,,142.0,34.0,,1998,0.46
Pakistan,PK,PAK,586,ISO 3166-2:PK,Asia,Southern Asia,,142.0,34.0,,1999,
Pakistan,PK,PAK,586,ISO 3166-2:PK,Asia,Southern Asia,,142.0,34.0,,2000,0.53
Pakistan,PK,PAK,586,ISO 3166-2:PK,Asia,Southern Asia,,142.0,34.0,,2001,
Pakistan,PK,PAK,586,ISO 3166-2:PK,Asia,Southern Asia,,142.0,34.0,,2002,0.52
Pakistan,PK,PAK,586,ISO 3166-2:PK,Asia,Southern Asia,,142.0,34.0,,2003,
Pakistan,PK,PAK,586,ISO 3166-2:PK,Asia,Southern Asia,,142.0,34.0,,2004,0.62
Pakistan,PK,PAK,586,ISO 3166-2:PK,Asia,Southern Asia,,142.0,34.0,,2005,
Pakistan,PK,PAK,586,ISO 3166-2:PK,Asia,Southern Asia,,142.0,34.0,,2006,1.01
Pakistan,PK,PAK,586,ISO 3166-2:PK,Asia,Southern Asia,,142.0,34.0,,2007,
Pakistan,PK,PAK,586,ISO 3166-2:PK,Asia,Southern Asia,,142.0,34.0,,2008,0.84
Pakistan,PK,PAK,586,ISO 3166-2:PK,Asia,Southern Asia,,142.0,34.0,,2009,
Pakistan,PK,PAK,586,ISO 3166-2:PK,Asia,Southern Asia,,142.0,34.0,,2010,0.86
Pakistan,PK,PAK,586,ISO 3166-2:PK,Asia,Southern Asia,,142.0,34.0,,2011,
Pakistan,PK,PAK,586,ISO 3166-2:PK,Asia,Southern Asia,,142.0,34.0,,2012,1.14
Pakistan,PK,PAK,586,ISO 3166-2:PK,Asia,Southern Asia,,142.0,34.0,,2013,
Pakistan,PK,PAK,586,ISO 3166-2:PK,Asia,Southern Asia,,142.0,34.0,,2014,0.94
Pakistan,PK,PAK,586,ISO 3166-2:PK,Asia,Southern Asia,,142.0,34.0,,2015,
Pakistan,PK,PAK,586,ISO 3166-2:PK,Asia,Southern Asia,,142.0,34.0,,2016,0.79
Palau,PW,PLW,585,ISO 3166-2:PW,Oceania,Micronesia,,9.0,57.0,,,
"Palestine, State of",PS,PSE,275,ISO 3166-2:PS,Asia,Western Asia,,142.0,145.0,,,
Panama,PA,PAN,591,ISO 3166-2:PA,Americas,Latin America and the Caribbean,Central America,19.0,419.0,13.0,1991,
Panama,PA,PAN,591,ISO 3166-2:PA,Americas,Latin America and the Caribbean,Central America,19.0,419.0,13.0,1992,0.43
Panama,PA,PAN,591,ISO 3166-2:PA,Americas,Latin America and the Caribbean,Central America,19.0,419.0,13.0,1993,
Panama,PA,PAN,591,ISO 3166-2:PA,Americas,Latin America and the Caribbean,Central America,19.0,419.0,13.0,1994,
Panama,PA,PAN,591,ISO 3166-2:PA,Americas,Latin America and the Caribbean,Central America,19.0,419.0,13.0,1995,
Panama,PA,PAN,591,ISO 3166-2:PA,Americas,Latin America and the Caribbean,Central America,19.0,419.0,13.0,1996,
Panama,PA,PAN,591,ISO 3166-2:PA,Americas,Latin America and the Caribbean,Central America,19.0,419.0,13.0,1997,
Panama,PA,PAN,591,ISO 3166-2:PA,Americas,Latin America and the Caribbean,Central America,19.0,419.0,13.0,1998,0.41
Panama,PA,PAN,591,ISO 3166-2:PA,Americas,Latin America and the Caribbean,Central America,19.0,419.0,13.0,1999,
Panama,PA,PAN,591,ISO 3166-2:PA,Americas,Latin America and the Caribbean,Central America,19.0,419.0,13.0,2000,0.53
Panama,PA,PAN,591,ISO 3166-2:PA,Americas,Latin America and the Caribbean,Central America,19.0,419.0,13.0,2001,
Panama,PA,PAN,591,ISO 3166-2:PA,Americas,Latin America and the Caribbean,Central America,19.0,419.0,13.0,2002,0.51
Panama,PA,PAN,591,ISO 3166-2:PA,Americas,Latin America and the Caribbean,Central America,19.0,419.0,13.0,2003,
Panama,PA,PAN,591,ISO 3166-2:PA,Americas,Latin America and the Caribbean,Central America,19.0,419.0,13.0,2004,0.54
Panama,PA,PAN,591,ISO 3166-2:PA,Americas,Latin America and the Caribbean,Central America,19.0,419.0,13.0,2005,
Panama,PA,PAN,591,ISO 3166-2:PA,Americas,Latin America and the Caribbean,Central America,19.0,419.0,13.0,2006,0.7
Panama,PA,PAN,591,ISO 3166-2:PA,Americas,Latin America and the Caribbean,Central America,19.0,419.0,13.0,2007,
Panama,PA,PAN,591,ISO 3166-2:PA,Americas,Latin America and the Caribbean,Central America,19.0,419.0,13.0,2008,0.67
Panama,PA,PAN,591,ISO 3166-2:PA,Americas,Latin America and the Caribbean,Central America,19.0,419.0,13.0,2009,
Panama,PA,PAN,591,ISO 3166-2:PA,Americas,Latin America and the Caribbean,Central America,19.0,419.0,13.0,2010,0.85
Panama,PA,PAN,591,ISO 3166-2:PA,Americas,Latin America and the Caribbean,Central America,19.0,419.0,13.0,2011,
Panama,PA,PAN,591,ISO 3166-2:PA,Americas,Latin America and the Caribbean,Central America,19.0,419.0,13.0,2012,1.05
Panama,PA,PAN,591,ISO 3166-2:PA,Americas,Latin America and the Caribbean,Central America,19.0,419.0,13.0,2013,
Panama,PA,PAN,591,ISO 3166-2:PA,Americas,Latin America and the Caribbean,Central America,19.0,419.0,13.0,2014,0.96
Panama,PA,PAN,591,ISO 3166-2:PA,Americas,Latin America and the Caribbean,Central America,19.0,419.0,13.0,2015,
Panama,PA,PAN,591,ISO 3166-2:PA,Americas,Latin America and the Caribbean,Central America,19.0,419.0,13.0,2016,0.74
Papua New Guinea,PG,PNG,598,ISO 3166-2:PG,Oceania,Melanesia,,9.0,54.0,,1991,
Papua New Guinea,PG,PNG,598,ISO 3166-2:PG,Oceania,Melanesia,,9.0,54.0,,1992,
Papua New Guinea,PG,PNG,598,ISO 3166-2:PG,Oceania,Melanesia,,9.0,54.0,,1993,
Papua New Guinea,PG,PNG,598,ISO 3166-2:PG,Oceania,Melanesia,,9.0,54.0,,1994,
Papua New Guinea,PG,PNG,598,ISO 3166-2:PG,Oceania,Melanesia,,9.0,54.0,,1995,
Papua New Guinea,PG,PNG,598,ISO 3166-2:PG,Oceania,Melanesia,,9.0,54.0,,1996,
Papua New Guinea,PG,PNG,598,ISO 3166-2:PG,Oceania,Melanesia,,9.0,54.0,,1997,
Papua New Guinea,PG,PNG,598,ISO 3166-2:PG,Oceania,Melanesia,,9.0,54.0,,1998,0.41
Papua New Guinea,PG,PNG,598,ISO 3166-2:PG,Oceania,Melanesia,,9.0,54.0,,1999,
Papua New Guinea,PG,PNG,598,ISO 3166-2:PG,Oceania,Melanesia,,9.0,54.0,,2000,0.53
Papua New Guinea,PG,PNG,598,ISO 3166-2:PG,Oceania,Melanesia,,9.0,54.0,,2001,
Papua New Guinea,PG,PNG,598,ISO 3166-2:PG,Oceania,Melanesia,,9.0,54.0,,2002,
Papua New Guinea,PG,PNG,598,ISO 3166-2:PG,Oceania,Melanesia,,9.0,54.0,,2003,
Papua New Guinea,PG,PNG,598,ISO 3166-2:PG,Oceania,Melanesia,,9.0,54.0,,2004,0.94
Papua New Guinea,PG,PNG,598,ISO 3166-2:PG,Oceania,Melanesia,,9.0,54.0,,2005,
Papua New Guinea,PG,PNG,598,ISO 3166-2:PG,Oceania,Melanesia,,9.0,54.0,,2006,
Papua New Guinea,PG,PNG,598,ISO 3166-2:PG,Oceania,Melanesia,,9.0,54.0,,2007,
Papua New Guinea,PG,PNG,598,ISO 3166-2:PG,Oceania,Melanesia,,9.0,54.0,,2008,0.94
Papua New Guinea,PG,PNG,598,ISO 3166-2:PG,Oceania,Melanesia,,9.0,54.0,,2009,
Papua New Guinea,PG,PNG,598,ISO 3166-2:PG,Oceania,Melanesia,,9.0,54.0,,2010,
Papua New Guinea,PG,PNG,598,ISO 3166-2:PG,Oceania,Melanesia,,9.0,54.0,,2011,
Papua New Guinea,PG,PNG,598,ISO 3166-2:PG,Oceania,Melanesia,,9.0,54.0,,2012,
Papua New Guinea,PG,PNG,598,ISO 3166-2:PG,Oceania,Melanesia,,9.0,54.0,,2013,
Papua New Guinea,PG,PNG,598,ISO 3166-2:PG,Oceania,Melanesia,,9.0,54.0,,2014,1.36
Papua New Guinea,PG,PNG,598,ISO 3166-2:PG,Oceania,Melanesia,,9.0,54.0,,2015,
Papua New Guinea,PG,PNG,598,ISO 3166-2:PG,Oceania,Melanesia,,9.0,54.0,,2016,
Paraguay,PY,PRY,600,ISO 3166-2:PY,Americas,Latin America and the Caribbean,South America,19.0,419.0,5.0,1991,
Paraguay,PY,PRY,600,ISO 3166-2:PY,Americas,Latin America and the Caribbean,South America,19.0,419.0,5.0,1992,0.43
Paraguay,PY,PRY,600,ISO 3166-2:PY,Americas,Latin America and the Caribbean,South America,19.0,419.0,5.0,1993,
Paraguay,PY,PRY,600,ISO 3166-2:PY,Americas,Latin America and the Caribbean,South America,19.0,419.0,5.0,1994,
Paraguay,PY,PRY,600,ISO 3166-2:PY,Americas,Latin America and the Caribbean,South America,19.0,419.0,5.0,1995,0.44
Paraguay,PY,PRY,600,ISO 3166-2:PY,Americas,Latin America and the Caribbean,South America,19.0,419.0,5.0,1996,
Paraguay,PY,PRY,600,ISO 3166-2:PY,Americas,Latin America and the Caribbean,South America,19.0,419.0,5.0,1997,
Paraguay,PY,PRY,600,ISO 3166-2:PY,Americas,Latin America and the Caribbean,South America,19.0,419.0,5.0,1998,0.47
Paraguay,PY,PRY,600,ISO 3166-2:PY,Americas,Latin America and the Caribbean,South America,19.0,419.0,5.0,1999,
Paraguay,PY,PRY,600,ISO 3166-2:PY,Americas,Latin America and the Caribbean,South America,19.0,419.0,5.0,2000,0.72
Paraguay,PY,PRY,600,ISO 3166-2:PY,Americas,Latin America and the Caribbean,South America,19.0,419.0,5.0,2001,
Paraguay,PY,PRY,600,ISO 3166-2:PY,Americas,Latin America and the Caribbean,South America,19.0,419.0,5.0,2002,0.56
Paraguay,PY,PRY,600,ISO 3166-2:PY,Americas,Latin America and the Caribbean,South America,19.0,419.0,5.0,2003,
Paraguay,PY,PRY,600,ISO 3166-2:PY,Americas,Latin America and the Caribbean,South America,19.0,419.0,5.0,2004,0.62
Paraguay,PY,PRY,600,ISO 3166-2:PY,Americas,Latin America and the Caribbean,South America,19.0,419.0,5.0,2005,
Paraguay,PY,PRY,600,ISO 3166-2:PY,Americas,Latin America and the Caribbean,South America,19.0,419.0,5.0,2006,0.97
Paraguay,PY,PRY,600,ISO 3166-2:PY,Americas,Latin America and the Caribbean,South America,19.0,419.0,5.0,2007,
Paraguay,PY,PRY,600,ISO 3166-2:PY,Americas,Latin America and the Caribbean,South America,19.0,419.0,5.0,2008,1.17
Paraguay,PY,PRY,600,ISO 3166-2:PY,Americas,Latin America and the Caribbean,South America,19.0,419.0,5.0,2009,
Paraguay,PY,PRY,600,ISO 3166-2:PY,Americas,Latin America and the Caribbean,South America,19.0,419.0,5.0,2010,1.28
Paraguay,PY,PRY,600,ISO 3166-2:PY,Americas,Latin America and the Caribbean,South America,19.0,419.0,5.0,2011,
Paraguay,PY,PRY,600,ISO 3166-2:PY,Americas,Latin America and the Caribbean,South America,19.0,419.0,5.0,2012,1.74
Paraguay,PY,PRY,600,ISO 3166-2:PY,Americas,Latin America and the Caribbean,South America,19.0,419.0,5.0,2013,
Paraguay,PY,PRY,600,ISO 3166-2:PY,Americas,Latin America and the Caribbean,South America,19.0,419.0,5.0,2014,1.59
Paraguay,PY,PRY,600,ISO 3166-2:PY,Americas,Latin America and the Caribbean,South America,19.0,419.0,5.0,2015,
Paraguay,PY,PRY,600,ISO 3166-2:PY,Americas,Latin America and the Caribbean,South America,19.0,419.0,5.0,2016,1.04
Peru,PE,PER,604,ISO 3166-2:PE,Americas,Latin America and the Caribbean,South America,19.0,419.0,5.0,1991,
Peru,PE,PER,604,ISO 3166-2:PE,Americas,Latin America and the Caribbean,South America,19.0,419.0,5.0,1992,0.56
Peru,PE,PER,604,ISO 3166-2:PE,Americas,Latin America and the Caribbean,South America,19.0,419.0,5.0,1993,
Peru,PE,PER,604,ISO 3166-2:PE,Americas,Latin America and the Caribbean,South America,19.0,419.0,5.0,1994,
Peru,PE,PER,604,ISO 3166-2:PE,Americas,Latin America and the Caribbean,South America,19.0,419.0,5.0,1995,0.68
Peru,PE,PER,604,ISO 3166-2:PE,Americas,Latin America and the Caribbean,South America,19.0,419.0,5.0,1996,
Peru,PE,PER,604,ISO 3166-2:PE,Americas,Latin America and the Caribbean,South America,19.0,419.0,5.0,1997,
Peru,PE,PER,604,ISO 3166-2:PE,Americas,Latin America and the Caribbean,South America,19.0,419.0,5.0,1998,0.55
Peru,PE,PER,604,ISO 3166-2:PE,Americas,Latin America and the Caribbean,South America,19.0,419.0,5.0,1999,
Peru,PE,PER,604,ISO 3166-2:PE,Americas,Latin America and the Caribbean,South America,19.0,419.0,5.0,2000,0.8
Peru,PE,PER,604,ISO 3166-2:PE,Americas,Latin America and the Caribbean,South America,19.0,419.0,5.0,2001,
Peru,PE,PER,604,ISO 3166-2:PE,Americas,Latin America and the Caribbean,South America,19.0,419.0,5.0,2002,0.74
Peru,PE,PER,604,ISO 3166-2:PE,Americas,Latin America and the Caribbean,South America,19.0,419.0,5.0,2003,
Peru,PE,PER,604,ISO 3166-2:PE,Americas,Latin America and the Caribbean,South America,19.0,419.0,5.0,2004,1.12
Peru,PE,PER,604,ISO 3166-2:PE,Americas,Latin America and the Caribbean,South America,19.0,419.0,5.0,2005,
Peru,PE,PER,604,ISO 3166-2:PE,Americas,Latin America and the Caribbean,South America,19.0,419.0,5.0,2006,1.22
Peru,PE,PER,604,ISO 3166-2:PE,Americas,Latin America and the Caribbean,South America,19.0,419.0,5.0,2007,
Peru,PE,PER,604,ISO 3166-2:PE,Americas,Latin America and the Caribbean,South America,19.0,419.0,5.0,2008,1.42
Peru,PE,PER,604,ISO 3166-2:PE,Americas,Latin America and the Caribbean,South America,19.0,419.0,5.0,2009,
Peru,PE,PER,604,ISO 3166-2:PE,Americas,Latin America and the Caribbean,South America,19.0,419.0,5.0,2010,1.41
Peru,PE,PER,604,ISO 3166-2:PE,Americas,Latin America and the Caribbean,South America,19.0,419.0,5.0,2011,
Peru,PE,PER,604,ISO 3166-2:PE,Americas,Latin America and the Caribbean,South America,19.0,419.0,5.0,2012,1.63
Peru,PE,PER,604,ISO 3166-2:PE,Americas,Latin America and the Caribbean,South America,19.0,419.0,5.0,2013,
Peru,PE,PER,604,ISO 3166-2:PE,Americas,Latin America and the Caribbean,South America,19.0,419.0,5.0,2014,1.46
Peru,PE,PER,604,ISO 3166-2:PE,Americas,Latin America and the Caribbean,South America,19.0,419.0,5.0,2015,
Peru,PE,PER,604,ISO 3166-2:PE,Americas,Latin America and the Caribbean,South America,19.0,419.0,5.0,2016,0.99
Philippines,PH,PHL,608,ISO 3166-2:PH,Asia,South-eastern Asia,,142.0,35.0,,1991,0.4
Philippines,PH,PHL,608,ISO 3166-2:PH,Asia,South-eastern Asia,,142.0,35.0,,1992,
Philippines,PH,PHL,608,ISO 3166-2:PH,Asia,South-eastern Asia,,142.0,35.0,,1993,
Philippines,PH,PHL,608,ISO 3166-2:PH,Asia,South-eastern Asia,,142.0,35.0,,1994,
Philippines,PH,PHL,608,ISO 3166-2:PH,Asia,South-eastern Asia,,142.0,35.0,,1995,0.34
Philippines,PH,PHL,608,ISO 3166-2:PH,Asia,South-eastern Asia,,142.0,35.0,,1996,
Philippines,PH,PHL,608,ISO 3166-2:PH,Asia,South-eastern Asia,,142.0,35.0,,1997,
Philippines,PH,PHL,608,ISO 3166-2:PH,Asia,South-eastern Asia,,142.0,35.0,,1998,0.34
Philippines,PH,PHL,608,ISO 3166-2:PH,Asia,South-eastern Asia,,142.0,35.0,,1999,
Philippines,PH,PHL,608,ISO 3166-2:PH,Asia,South-eastern Asia,,142.0,35.0,,2000,0.37
Philippines,PH,PHL,608,ISO 3166-2:PH,Asia,South-eastern Asia,,142.0,35.0,,2001,
Philippines,PH,PHL,608,ISO 3166-2:PH,Asia,South-eastern Asia,,142.0,35.0,,2002,0.35
Philippines,PH,PHL,608,ISO 3166-2:PH,Asia,South-eastern Asia,,142.0,35.0,,2003,
Philippines,PH,PHL,608,ISO 3166-2:PH,Asia,South-eastern Asia,,142.0,35.0,,2004,0.52
Philippines,PH,PHL,608,ISO 3166-2:PH,Asia,South-eastern Asia,,142.0,35.0,,2005,
Philippines,PH,PHL,608,ISO 3166-2:PH,Asia,South-eastern Asia,,142.0,35.0,,2006,0.76
Philippines,PH,PHL,608,ISO 3166-2:PH,Asia,South-eastern Asia,,142.0,35.0,,2007,
Philippines,PH,PHL,608,ISO 3166-2:PH,Asia,South-eastern Asia,,142.0,35.0,,2008,0.91
Philippines,PH,PHL,608,ISO 3166-2:PH,Asia,South-eastern Asia,,142.0,35.0,,2009,
Philippines,PH,PHL,608,ISO 3166-2:PH,Asia,South-eastern Asia,,142.0,35.0,,2010,1.05
Philippines,PH,PHL,608,ISO 3166-2:PH,Asia,South-eastern Asia,,142.0,35.0,,2011,
Philippines,PH,PHL,608,ISO 3166-2:PH,Asia,South-eastern Asia,,142.0,35.0,,2012,1.25
Philippines,PH,PHL,608,ISO 3166-2:PH,Asia,South-eastern Asia,,142.0,35.0,,2013,
Philippines,PH,PHL,608,ISO 3166-2:PH,Asia,South-eastern Asia,,142.0,35.0,,2014,1.05
Philippines,PH,PHL,608,ISO 3166-2:PH,Asia,South-eastern Asia,,142.0,35.0,,2015,
Philippines,PH,PHL,608,ISO 3166-2:PH,Asia,South-eastern Asia,,142.0,35.0,,2016,0.86
Pitcairn,PN,PCN,612,ISO 3166-2:PN,Oceania,Polynesia,,9.0,61.0,,,
Poland,PL,POL,616,ISO 3166-2:PL,Europe,Eastern Europe,,150.0,151.0,,1991,
Poland,PL,POL,616,ISO 3166-2:PL,Europe,Eastern Europe,,150.0,151.0,,1992,
Poland,PL,POL,616,ISO 3166-2:PL,Europe,Eastern Europe,,150.0,151.0,,1993,
Poland,PL,POL,616,ISO 3166-2:PL,Europe,Eastern Europe,,150.0,151.0,,1994,
Poland,PL,POL,616,ISO 3166-2:PL,Europe,Eastern Europe,,150.0,151.0,,1995,0.55
Poland,PL,POL,616,ISO 3166-2:PL,Europe,Eastern Europe,,150.0,151.0,,1996,
Poland,PL,POL,616,ISO 3166-2:PL,Europe,Eastern Europe,,150.0,151.0,,1997,
Poland,PL,POL,616,ISO 3166-2:PL,Europe,Eastern Europe,,150.0,151.0,,1998,0.54
Poland,PL,POL,616,ISO 3166-2:PL,Europe,Eastern Europe,,150.0,151.0,,1999,
Poland,PL,POL,616,ISO 3166-2:PL,Europe,Eastern Europe,,150.0,151.0,,2000,0.76
Poland,PL,POL,616,ISO 3166-2:PL,Europe,Eastern Europe,,150.0,151.0,,2001,
Poland,PL,POL,616,ISO 3166-2:PL,Europe,Eastern Europe,,150.0,151.0,,2002,0.83
Poland,PL,POL,616,ISO 3166-2:PL,Europe,Eastern Europe,,150.0,151.0,,2003,
Poland,PL,POL,616,ISO 3166-2:PL,Europe,Eastern Europe,,150.0,151.0,,2004,1.2
Poland,PL,POL,616,ISO 3166-2:PL,Europe,Eastern Europe,,150.0,151.0,,2005,
Poland,PL,POL,616,ISO 3166-2:PL,Europe,Eastern Europe,,150.0,151.0,,2006,1.3
Poland,PL,POL,616,ISO 3166-2:PL,Europe,Eastern Europe,,150.0,151.0,,2007,
Poland,PL,POL,616,ISO 3166-2:PL,Europe,Eastern Europe,,150.0,151.0,,2008,1.43
Poland,PL,POL,616,ISO 3166-2:PL,Europe,Eastern Europe,,150.0,151.0,,2009,
Poland,PL,POL,616,ISO 3166-2:PL,Europe,Eastern Europe,,150.0,151.0,,2010,1.57
Poland,PL,POL,616,ISO 3166-2:PL,Europe,Eastern Europe,,150.0,151.0,,2011,
Poland,PL,POL,616,ISO 3166-2:PL,Europe,Eastern Europe,,150.0,151.0,,2012,1.74
Poland,PL,POL,616,ISO 3166-2:PL,Europe,Eastern Europe,,150.0,151.0,,2013,
Poland,PL,POL,616,ISO 3166-2:PL,Europe,Eastern Europe,,150.0,151.0,,2014,1.42
Poland,PL,POL,616,ISO 3166-2:PL,Europe,Eastern Europe,,150.0,151.0,,2015,
Poland,PL,POL,616,ISO 3166-2:PL,Europe,Eastern Europe,,150.0,151.0,,2016,1.07
Portugal,PT,PRT,620,ISO 3166-2:PT,Europe,Southern Europe,,150.0,39.0,,1991,
Portugal,PT,PRT,620,ISO 3166-2:PT,Europe,Southern Europe,,150.0,39.0,,1992,
Portugal,PT,PRT,620,ISO 3166-2:PT,Europe,Southern Europe,,150.0,39.0,,1993,
Portugal,PT,PRT,620,ISO 3166-2:PT,Europe,Southern Europe,,150.0,39.0,,1994,
Portugal,PT,PRT,620,ISO 3166-2:PT,Europe,Southern Europe,,150.0,39.0,,1995,
Portugal,PT,PRT,620,ISO 3166-2:PT,Europe,Southern Europe,,150.0,39.0,,1996,
Portugal,PT,PRT,620,ISO 3166-2:PT,Europe,Southern Europe,,150.0,39.0,,1997,
Portugal,PT,PRT,620,ISO 3166-2:PT,Europe,Southern Europe,,150.0,39.0,,1998,1.02
Portugal,PT,PRT,620,ISO 3166-2:PT,Europe,Southern Europe,,150.0,39.0,,1999,
Portugal,PT,PRT,620,ISO 3166-2:PT,Europe,Southern Europe,,150.0,39.0,,2000,0.77
Portugal,PT,PRT,620,ISO 3166-2:PT,Europe,Southern Europe,,150.0,39.0,,2001,
Portugal,PT,PRT,620,ISO 3166-2:PT,Europe,Southern Europe,,150.0,39.0,,2002,0.97
Portugal,PT,PRT,620,ISO 3166-2:PT,Europe,Southern Europe,,150.0,39.0,,2003,
Portugal,PT,PRT,620,ISO 3166-2:PT,Europe,Southern Europe,,150.0,39.0,,2004,1.38
Portugal,PT,PRT,620,ISO 3166-2:PT,Europe,Southern Europe,,150.0,39.0,,2005,
Portugal,PT,PRT,620,ISO 3166-2:PT,Europe,Southern Europe,,150.0,39.0,,2006,1.56
Portugal,PT,PRT,620,ISO 3166-2:PT,Europe,Southern Europe,,150.0,39.0,,2007,
Portugal,PT,PRT,620,ISO 3166-2:PT,Europe,Southern Europe,,150.0,39.0,,2008,1.61
Portugal,PT,PRT,620,ISO 3166-2:PT,Europe,Southern Europe,,150.0,39.0,,2009,
Portugal,PT,PRT,620,ISO 3166-2:PT,Europe,Southern Europe,,150.0,39.0,,2010,1.85
Portugal,PT,PRT,620,ISO 3166-2:PT,Europe,Southern Europe,,150.0,39.0,,2011,
Portugal,PT,PRT,620,ISO 3166-2:PT,Europe,Southern Europe,,150.0,39.0,,2012,2.15
Portugal,PT,PRT,620,ISO 3166-2:PT,Europe,Southern Europe,,150.0,39.0,,2013,
Portugal,PT,PRT,620,ISO 3166-2:PT,Europe,Southern Europe,,150.0,39.0,,2014,1.89
Portugal,PT,PRT,620,ISO 3166-2:PT,Europe,Southern Europe,,150.0,39.0,,2015,
Portugal,PT,PRT,620,ISO 3166-2:PT,Europe,Southern Europe,,150.0,39.0,,2016,1.54
Puerto Rico,PR,PRI,630,ISO 3166-2:PR,Americas,Latin America and the Caribbean,Caribbean,19.0,419.0,29.0,,
Qatar,QA,QAT,634,ISO 3166-2:QA,Asia,Western Asia,,142.0,145.0,,1991,
Qatar,QA,QAT,634,ISO 3166-2:QA,Asia,Western Asia,,142.0,145.0,,1992,
Qatar,QA,QAT,634,ISO 3166-2:QA,Asia,Western Asia,,142.0,145.0,,1993,
Qatar,QA,QAT,634,ISO 3166-2:QA,Asia,Western Asia,,142.0,145.0,,1994,
Qatar,QA,QAT,634,ISO 3166-2:QA,Asia,Western Asia,,142.0,145.0,,1995,
Qatar,QA,QAT,634,ISO 3166-2:QA,Asia,Western Asia,,142.0,145.0,,1996,
Qatar,QA,QAT,634,ISO 3166-2:QA,Asia,Western Asia,,142.0,145.0,,1997,
Qatar,QA,QAT,634,ISO 3166-2:QA,Asia,Western Asia,,142.0,145.0,,1998,0.16
Qatar,QA,QAT,634,ISO 3166-2:QA,Asia,Western Asia,,142.0,145.0,,1999,
Qatar,QA,QAT,634,ISO 3166-2:QA,Asia,Western Asia,,142.0,145.0,,2000,
Qatar,QA,QAT,634,ISO 3166-2:QA,Asia,Western Asia,,142.0,145.0,,2001,
Qatar,QA,QAT,634,ISO 3166-2:QA,Asia,Western Asia,,142.0,145.0,,2002,
Qatar,QA,QAT,634,ISO 3166-2:QA,Asia,Western Asia,,142.0,145.0,,2003,
Qatar,QA,QAT,634,ISO 3166-2:QA,Asia,Western Asia,,142.0,145.0,,2004,0.21
Qatar,QA,QAT,634,ISO 3166-2:QA,Asia,Western Asia,,142.0,145.0,,2005,
Qatar,QA,QAT,634,ISO 3166-2:QA,Asia,Western Asia,,142.0,145.0,,2006,0.19
Qatar,QA,QAT,634,ISO 3166-2:QA,Asia,Western Asia,,142.0,145.0,,2007,
Qatar,QA,QAT,634,ISO 3166-2:QA,Asia,Western Asia,,142.0,145.0,,2008,0.22
Qatar,QA,QAT,634,ISO 3166-2:QA,Asia,Western Asia,,142.0,145.0,,2009,
Qatar,QA,QAT,634,ISO 3166-2:QA,Asia,Western Asia,,142.0,145.0,,2010,0.19
Qatar,QA,QAT,634,ISO 3166-2:QA,Asia,Western Asia,,142.0,145.0,,2011,
Qatar,QA,QAT,634,ISO 3166-2:QA,Asia,Western Asia,,142.0,145.0,,2012,0.27
Qatar,QA,QAT,634,ISO 3166-2:QA,Asia,Western Asia,,142.0,145.0,,2013,
Qatar,QA,QAT,634,ISO 3166-2:QA,Asia,Western Asia,,142.0,145.0,,2014,0.23
Qatar,QA,QAT,634,ISO 3166-2:QA,Asia,Western Asia,,142.0,145.0,,2015,
Qatar,QA,QAT,634,ISO 3166-2:QA,Asia,Western Asia,,142.0,145.0,,2016,0.4
Réunion,RE,REU,638,ISO 3166-2:RE,Africa,Sub-Saharan Africa,Eastern Africa,2.0,202.0,14.0,,
Romania,RO,ROU,642,ISO 3166-2:RO,Europe,Eastern Europe,,150.0,151.0,,1991,
Romania,RO,ROU,642,ISO 3166-2:RO,Europe,Eastern Europe,,150.0,151.0,,1992,
Romania,RO,ROU,642,ISO 3166-2:RO,Europe,Eastern Europe,,150.0,151.0,,1993,
Romania,RO,ROU,642,ISO 3166-2:RO,Europe,Eastern Europe,,150.0,151.0,,1994,
Romania,RO,ROU,642,ISO 3166-2:RO,Europe,Eastern Europe,,150.0,151.0,,1995,0.29
Romania,RO,ROU,642,ISO 3166-2:RO,Europe,Eastern Europe,,150.0,151.0,,1996,
Romania,RO,ROU,642,ISO 3166-2:RO,Europe,Eastern Europe,,150.0,151.0,,1997,
Romania,RO,ROU,642,ISO 3166-2:RO,Europe,Eastern Europe,,150.0,151.0,,1998,0.53
Romania,RO,ROU,642,ISO 3166-2:RO,Europe,Eastern Europe,,150.0,151.0,,1999,
Romania,RO,ROU,642,ISO 3166-2:RO,Europe,Eastern Europe,,150.0,151.0,,2000,0.46
Romania,RO,ROU,642,ISO 3166-2:RO,Europe,Eastern Europe,,150.0,151.0,,2001,
Romania,RO,ROU,642,ISO 3166-2:RO,Europe,Eastern Europe,,150.0,151.0,,2002,0.64
Romania,RO,ROU,642,ISO 3166-2:RO,Europe,Eastern Europe,,150.0,151.0,,2003,
Romania,RO,ROU,642,ISO 3166-2:RO,Europe,Eastern Europe,,150.0,151.0,,2004,0.96
Romania,RO,ROU,642,ISO 3166-2:RO,Europe,Eastern Europe,,150.0,151.0,,2005,
Romania,RO,ROU,642,ISO 3166-2:RO,Europe,Eastern Europe,,150.0,151.0,,2006,1.26
Romania,RO,ROU,642,ISO 3166-2:RO,Europe,Eastern Europe,,150.0,151.0,,2007,
Romania,RO,ROU,642,ISO 3166-2:RO,Europe,Eastern Europe,,150.0,151.0,,2008,1.11
Romania,RO,ROU,642,ISO 3166-2:RO,Europe,Eastern Europe,,150.0,151.0,,2009,
Romania,RO,ROU,642,ISO 3166-2:RO,Europe,Eastern Europe,,150.0,151.0,,2010,1.46
Romania,RO,ROU,642,ISO 3166-2:RO,Europe,Eastern Europe,,150.0,151.0,,2011,
Romania,RO,ROU,642,ISO 3166-2:RO,Europe,Eastern Europe,,150.0,151.0,,2012,1.7
Romania,RO,ROU,642,ISO 3166-2:RO,Europe,Eastern Europe,,150.0,151.0,,2013,
Romania,RO,ROU,642,ISO 3166-2:RO,Europe,Eastern Europe,,150.0,151.0,,2014,1.59
Romania,RO,ROU,642,ISO 3166-2:RO,Europe,Eastern Europe,,150.0,151.0,,2015,
Romania,RO,ROU,642,ISO 3166-2:RO,Europe,Eastern Europe,,150.0,151.0,,2016,1.16
Russian Federation,RU,RUS,643,ISO 3166-2:RU,Europe,Eastern Europe,,150.0,151.0,,,
Rwanda,RW,RWA,646,ISO 3166-2:RW,Africa,Sub-Saharan Africa,Eastern Africa,2.0,202.0,14.0,1991,0.81
Rwanda,RW,RWA,646,ISO 3166-2:RW,Africa,Sub-Saharan Africa,Eastern Africa,2.0,202.0,14.0,1992,0.93
Rwanda,RW,RWA,646,ISO 3166-2:RW,Africa,Sub-Saharan Africa,Eastern Africa,2.0,202.0,14.0,1993,
Rwanda,RW,RWA,646,ISO 3166-2:RW,Africa,Sub-Saharan Africa,Eastern Africa,2.0,202.0,14.0,1994,
Rwanda,RW,RWA,646,ISO 3166-2:RW,Africa,Sub-Saharan Africa,Eastern Africa,2.0,202.0,14.0,1995,
Rwanda,RW,RWA,646,ISO 3166-2:RW,Africa,Sub-Saharan Africa,Eastern Africa,2.0,202.0,14.0,1996,
Rwanda,RW,RWA,646,ISO 3166-2:RW,Africa,Sub-Saharan Africa,Eastern Africa,2.0,202.0,14.0,1997,
Rwanda,RW,RWA,646,ISO 3166-2:RW,Africa,Sub-Saharan Africa,Eastern Africa,2.0,202.0,14.0,1998,0.72
Rwanda,RW,RWA,646,ISO 3166-2:RW,Africa,Sub-Saharan Africa,Eastern Africa,2.0,202.0,14.0,1999,
Rwanda,RW,RWA,646,ISO 3166-2:RW,Africa,Sub-Saharan Africa,Eastern Africa,2.0,202.0,14.0,2000,0.89
Rwanda,RW,RWA,646,ISO 3166-2:RW,Africa,Sub-Saharan Africa,Eastern Africa,2.0,202.0,14.0,2001,
Rwanda,RW,RWA,646,ISO 3166-2:RW,Africa,Sub-Saharan Africa,Eastern Africa,2.0,202.0,14.0,2002,0.84
Rwanda,RW,RWA,646,ISO 3166-2:RW,Africa,Sub-Saharan Africa,Eastern Africa,2.0,202.0,14.0,2003,
Rwanda,RW,RWA,646,ISO 3166-2:RW,Africa,Sub-Saharan Africa,Eastern Africa,2.0,202.0,14.0,2004,0.98
Rwanda,RW,RWA,646,ISO 3166-2:RW,Africa,Sub-Saharan Africa,Eastern Africa,2.0,202.0,14.0,2005,
Rwanda,RW,RWA,646,ISO 3166-2:RW,Africa,Sub-Saharan Africa,Eastern Africa,2.0,202.0,14.0,2006,1.11
Rwanda,RW,RWA,646,ISO 3166-2:RW,Africa,Sub-Saharan Africa,Eastern Africa,2.0,202.0,14.0,2007,
Rwanda,RW,RWA,646,ISO 3166-2:RW,Africa,Sub-Saharan Africa,Eastern Africa,2.0,202.0,14.0,2008,1.37
Rwanda,RW,RWA,646,ISO 3166-2:RW,Africa,Sub-Saharan Africa,Eastern Africa,2.0,202.0,14.0,2009,
Rwanda,RW,RWA,646,ISO 3166-2:RW,Africa,Sub-Saharan Africa,Eastern Africa,2.0,202.0,14.0,2010,1.63
Rwanda,RW,RWA,646,ISO 3166-2:RW,Africa,Sub-Saharan Africa,Eastern Africa,2.0,202.0,14.0,2011,
Rwanda,RW,RWA,646,ISO 3166-2:RW,Africa,Sub-Saharan Africa,Eastern Africa,2.0,202.0,14.0,2012,1.73
Rwanda,RW,RWA,646,ISO 3166-2:RW,Africa,Sub-Saharan Africa,Eastern Africa,2.0,202.0,14.0,2013,
Rwanda,RW,RWA,646,ISO 3166-2:RW,Africa,Sub-Saharan Africa,Eastern Africa,2.0,202.0,14.0,2014,1.41
Rwanda,RW,RWA,646,ISO 3166-2:RW,Africa,Sub-Saharan Africa,Eastern Africa,2.0,202.0,14.0,2015,
Rwanda,RW,RWA,646,ISO 3166-2:RW,Africa,Sub-Saharan Africa,Eastern Africa,2.0,202.0,14.0,2016,1.17
Saint Barthélemy,BL,BLM,652,ISO 3166-2:BL,Americas,Latin America and the Caribbean,Caribbean,19.0,419.0,29.0,,
"Saint Helena, Ascension and Tristan da Cunha",SH,SHN,654,ISO 3166-2:SH,Africa,Sub-Saharan Africa,Western Africa,2.0,202.0,11.0,,
Saint Kitts and Nevis,KN,KNA,659,ISO 3166-2:KN,Americas,Latin America and the Caribbean,Caribbean,19.0,419.0,29.0,,
Saint Lucia,LC,LCA,662,ISO 3166-2:LC,Americas,Latin America and the Caribbean,Caribbean,19.0,419.0,29.0,,
Saint Martin (French part),MF,MAF,663,ISO 3166-2:MF,Americas,Latin America and the Caribbean,Caribbean,19.0,419.0,29.0,,
Saint Pierre and Miquelon,PM,SPM,666,ISO 3166-2:PM,Americas,Northern America,,19.0,21.0,,,
Saint Vincent and the Grenadines,VC,VCT,670,ISO 3166-2:VC,Americas,Latin America and the Caribbean,Caribbean,19.0,419.0,29.0,,
Samoa,WS,WSM,882,ISO 3166-2:WS,Oceania,Polynesia,,9.0,61.0,,1991,
Samoa,WS,WSM,882,ISO 3166-2:WS,Oceania,Polynesia,,9.0,61.0,,1992,
Samoa,WS,WSM,882,ISO 3166-2:WS,Oceania,Polynesia,,9.0,61.0,,1993,
Samoa,WS,WSM,882,ISO 3166-2:WS,Oceania,Polynesia,,9.0,61.0,,1994,
Samoa,WS,WSM,882,ISO 3166-2:WS,Oceania,Polynesia,,9.0,61.0,,1995,
Samoa,WS,WSM,882,ISO 3166-2:WS,Oceania,Polynesia,,9.0,61.0,,1996,
Samoa,WS,WSM,882,ISO 3166-2:WS,Oceania,Polynesia,,9.0,61.0,,1997,
Samoa,WS,WSM,882,ISO 3166-2:WS,Oceania,Polynesia,,9.0,61.0,,1998,
Samoa,WS,WSM,882,ISO 3166-2:WS,Oceania,Polynesia,,9.0,61.0,,1999,
Samoa,WS,WSM,882,ISO 3166-2:WS,Oceania,Polynesia,,9.0,61.0,,2000,
Samoa,WS,WSM,882,ISO 3166-2:WS,Oceania,Polynesia,,9.0,61.0,,2001,
Samoa,WS,WSM,882,ISO 3166-2:WS,Oceania,Polynesia,,9.0,61.0,,2002,
Samoa,WS,WSM,882,ISO 3166-2:WS,Oceania,Polynesia,,9.0,61.0,,2003,
Samoa,WS,WSM,882,ISO 3166-2:WS,Oceania,Polynesia,,9.0,61.0,,2004,
Samoa,WS,WSM,882,ISO 3166-2:WS,Oceania,Polynesia,,9.0,61.0,,2005,
Samoa,WS,WSM,882,ISO 3166-2:WS,Oceania,Polynesia,,9.0,61.0,,2006,
Samoa,WS,WSM,882,ISO 3166-2:WS,Oceania,Polynesia,,9.0,61.0,,2007,
Samoa,WS,WSM,882,ISO 3166-2:WS,Oceania,Polynesia,,9.0,61.0,,2008,
Samoa,WS,WSM,882,ISO 3166-2:WS,Oceania,Polynesia,,9.0,61.0,,2009,
Samoa,WS,WSM,882,ISO 3166-2:WS,Oceania,Polynesia,,9.0,61.0,,2010,1.03
Samoa,WS,WSM,882,ISO 3166-2:WS,Oceania,Polynesia,,9.0,61.0,,2011,
Samoa,WS,WSM,882,ISO 3166-2:WS,Oceania,Polynesia,,9.0,61.0,,2012,
Samoa,WS,WSM,882,ISO 3166-2:WS,Oceania,Polynesia,,9.0,61.0,,2013,
Samoa,WS,WSM,882,ISO 3166-2:WS,Oceania,Polynesia,,9.0,61.0,,2014,
Samoa,WS,WSM,882,ISO 3166-2:WS,Oceania,Polynesia,,9.0,61.0,,2015,
Samoa,WS,WSM,882,ISO 3166-2:WS,Oceania,Polynesia,,9.0,61.0,,2016,0.91
San Marino,SM,SMR,674,ISO 3166-2:SM,Europe,Southern Europe,,150.0,39.0,,,
Sao Tome and Principe,ST,STP,678,ISO 3166-2:ST,Africa,Sub-Saharan Africa,Middle Africa,2.0,202.0,17.0,,
Saudi Arabia,SA,SAU,682,ISO 3166-2:SA,Asia,Western Asia,,142.0,145.0,,1991,
Saudi Arabia,SA,SAU,682,ISO 3166-2:SA,Asia,Western Asia,,142.0,145.0,,1992,
Saudi Arabia,SA,SAU,682,ISO 3166-2:SA,Asia,Western Asia,,142.0,145.0,,1993,
Saudi Arabia,SA,SAU,682,ISO 3166-2:SA,Asia,Western Asia,,142.0,145.0,,1994,
Saudi Arabia,SA,SAU,682,ISO 3166-2:SA,Asia,Western Asia,,142.0,145.0,,1995,0.16
Saudi Arabia,SA,SAU,682,ISO 3166-2:SA,Asia,Western Asia,,142.0,145.0,,1996,
Saudi Arabia,SA,SAU,682,ISO 3166-2:SA,Asia,Western Asia,,142.0,145.0,,1997,
Saudi Arabia,SA,SAU,682,ISO 3166-2:SA,Asia,Western Asia,,142.0,145.0,,1998,0.16
Saudi Arabia,SA,SAU,682,ISO 3166-2:SA,Asia,Western Asia,,142.0,145.0,,1999,
Saudi Arabia,SA,SAU,682,ISO 3166-2:SA,Asia,Western Asia,,142.0,145.0,,2000,0.24
Saudi Arabia,SA,SAU,682,ISO 3166-2:SA,Asia,Western Asia,,142.0,145.0,,2001,
Saudi Arabia,SA,SAU,682,ISO 3166-2:SA,Asia,Western Asia,,142.0,145.0,,2002,0.24
Saudi Arabia,SA,SAU,682,ISO 3166-2:SA,Asia,Western Asia,,142.0,145.0,,2003,
Saudi Arabia,SA,SAU,682,ISO 3166-2:SA,Asia,Western Asia,,142.0,145.0,,2004,0.24
Saudi Arabia,SA,SAU,682,ISO 3166-2:SA,Asia,Western Asia,,142.0,145.0,,2005,
Saudi Arabia,SA,SAU,682,ISO 3166-2:SA,Asia,Western Asia,,142.0,145.0,,2006,0.16
Saudi Arabia,SA,SAU,682,ISO 3166-2:SA,Asia,Western Asia,,142.0,145.0,,2007,
Saudi Arabia,SA,SAU,682,ISO 3166-2:SA,Asia,Western Asia,,142.0,145.0,,2008,0.16
Saudi Arabia,SA,SAU,682,ISO 3166-2:SA,Asia,Western Asia,,142.0,145.0,,2009,
Saudi Arabia,SA,SAU,682,ISO 3166-2:SA,Asia,Western Asia,,142.0,145.0,,2010,0.16
Saudi Arabia,SA,SAU,682,ISO 3166-2:SA,Asia,Western Asia,,142.0,145.0,,2011,
Saudi Arabia,SA,SAU,682,ISO 3166-2:SA,Asia,Western Asia,,142.0,145.0,,2012,0.16
Saudi Arabia,SA,SAU,682,ISO 3166-2:SA,Asia,Western Asia,,142.0,145.0,,2013,
Saudi Arabia,SA,SAU,682,ISO 3166-2:SA,Asia,Western Asia,,142.0,145.0,,2014,0.16
Saudi Arabia,SA,SAU,682,ISO 3166-2:SA,Asia,Western Asia,,142.0,145.0,,2015,
Saudi Arabia,SA,SAU,682,ISO 3166-2:SA,Asia,Western Asia,,142.0,145.0,,2016,0.24
Senegal,SN,SEN,686,ISO 3166-2:SN,Africa,Sub-Saharan Africa,Western Africa,2.0,202.0,11.0,1991,1.19
Senegal,SN,SEN,686,ISO 3166-2:SN,Africa,Sub-Saharan Africa,Western Africa,2.0,202.0,11.0,1992,1.23
Senegal,SN,SEN,686,ISO 3166-2:SN,Africa,Sub-Saharan Africa,Western Africa,2.0,202.0,11.0,1993,
Senegal,SN,SEN,686,ISO 3166-2:SN,Africa,Sub-Saharan Africa,Western Africa,2.0,202.0,11.0,1994,
Senegal,SN,SEN,686,ISO 3166-2:SN,Africa,Sub-Saharan Africa,Western Africa,2.0,202.0,11.0,1995,0.94
Senegal,SN,SEN,686,ISO 3166-2:SN,Africa,Sub-Saharan Africa,Western Africa,2.0,202.0,11.0,1996,
Senegal,SN,SEN,686,ISO 3166-2:SN,Africa,Sub-Saharan Africa,Western Africa,2.0,202.0,11.0,1997,
Senegal,SN,SEN,686,ISO 3166-2:SN,Africa,Sub-Saharan Africa,Western Africa,2.0,202.0,11.0,1998,0.71
Senegal,SN,SEN,686,ISO 3166-2:SN,Africa,Sub-Saharan Africa,Western Africa,2.0,202.0,11.0,1999,
Senegal,SN,SEN,686,ISO 3166-2:SN,Africa,Sub-Saharan Africa,Western Africa,2.0,202.0,11.0,2000,0.73
Senegal,SN,SEN,686,ISO 3166-2:SN,Africa,Sub-Saharan Africa,Western Africa,2.0,202.0,11.0,2001,
Senegal,SN,SEN,686,ISO 3166-2:SN,Africa,Sub-Saharan Africa,Western Africa,2.0,202.0,11.0,2002,0.75
Senegal,SN,SEN,686,ISO 3166-2:SN,Africa,Sub-Saharan Africa,Western Africa,2.0,202.0,11.0,2003,
Senegal,SN,SEN,686,ISO 3166-2:SN,Africa,Sub-Saharan Africa,Western Africa,2.0,202.0,11.0,2004,1.1
Senegal,SN,SEN,686,ISO 3166-2:SN,Africa,Sub-Saharan Africa,Western Africa,2.0,202.0,11.0,2005,
Senegal,SN,SEN,686,ISO 3166-2:SN,Africa,Sub-Saharan Africa,Western Africa,2.0,202.0,11.0,2006,1.31
Senegal,SN,SEN,686,ISO 3166-2:SN,Africa,Sub-Saharan Africa,Western Africa,2.0,202.0,11.0,2007,
Senegal,SN,SEN,686,ISO 3166-2:SN,Africa,Sub-Saharan Africa,Western Africa,2.0,202.0,11.0,2008,1.35
Senegal,SN,SEN,686,ISO 3166-2:SN,Africa,Sub-Saharan Africa,Western Africa,2.0,202.0,11.0,2009,
Senegal,SN,SEN,686,ISO 3166-2:SN,Africa,Sub-Saharan Africa,Western Africa,2.0,202.0,11.0,2010,1.57
Senegal,SN,SEN,686,ISO 3166-2:SN,Africa,Sub-Saharan Africa,Western Africa,2.0,202.0,11.0,2011,
Senegal,SN,SEN,686,ISO 3166-2:SN,Africa,Sub-Saharan Africa,Western Africa,2.0,202.0,11.0,2012,1.72
Senegal,SN,SEN,686,ISO 3166-2:SN,Africa,Sub-Saharan Africa,Western Africa,2.0,202.0,11.0,2013,
Senegal,SN,SEN,686,ISO 3166-2:SN,Africa,Sub-Saharan Africa,Western Africa,2.0,202.0,11.0,2014,1.7
Senegal,SN,SEN,686,ISO 3166-2:SN,Africa,Sub-Saharan Africa,Western Africa,2.0,202.0,11.0,2015,
Senegal,SN,SEN,686,ISO 3166-2:SN,Africa,Sub-Saharan Africa,Western Africa,2.0,202.0,11.0,2016,1.14
Serbia,RS,SRB,688,ISO 3166-2:RS,Europe,Southern Europe,,150.0,39.0,,1991,
Serbia,RS,SRB,688,ISO 3166-2:RS,Europe,Southern Europe,,150.0,39.0,,1992,
Serbia,RS,SRB,688,ISO 3166-2:RS,Europe,Southern Europe,,150.0,39.0,,1993,
Serbia,RS,SRB,688,ISO 3166-2:RS,Europe,Southern Europe,,150.0,39.0,,1994,
Serbia,RS,SRB,688,ISO 3166-2:RS,Europe,Southern Europe,,150.0,39.0,,1995,0.76
Serbia,RS,SRB,688,ISO 3166-2:RS,Europe,Southern Europe,,150.0,39.0,,1996,
Serbia,RS,SRB,688,ISO 3166-2:RS,Europe,Southern Europe,,150.0,39.0,,1997,
Serbia,RS,SRB,688,ISO 3166-2:RS,Europe,Southern Europe,,150.0,39.0,,1998,0.61
Serbia,RS,SRB,688,ISO 3166-2:RS,Europe,Southern Europe,,150.0,39.0,,1999,
Serbia,RS,SRB,688,ISO 3166-2:RS,Europe,Southern Europe,,150.0,39.0,,2000,0.56
Serbia,RS,SRB,688,ISO 3166-2:RS,Europe,Southern Europe,,150.0,39.0,,2001,
Serbia,RS,SRB,688,ISO 3166-2:RS,Europe,Southern Europe,,150.0,39.0,,2002,0.74
Serbia,RS,SRB,688,ISO 3166-2:RS,Europe,Southern Europe,,150.0,39.0,,2003,
Serbia,RS,SRB,688,ISO 3166-2:RS,Europe,Southern Europe,,150.0,39.0,,2004,1.0
Serbia,RS,SRB,688,ISO 3166-2:RS,Europe,Southern Europe,,150.0,39.0,,2005,
Serbia,RS,SRB,688,ISO 3166-2:RS,Europe,Southern Europe,,150.0,39.0,,2006,1.45
Serbia,RS,SRB,688,ISO 3166-2:RS,Europe,Southern Europe,,150.0,39.0,,2007,
Serbia,RS,SRB,688,ISO 3166-2:RS,Europe,Southern Europe,,150.0,39.0,,2008,1.29
Serbia,RS,SRB,688,ISO 3166-2:RS,Europe,Southern Europe,,150.0,39.0,,2009,
Serbia,RS,SRB,688,ISO 3166-2:RS,Europe,Southern Europe,,150.0,39.0,,2010,1.5
Serbia,RS,SRB,688,ISO 3166-2:RS,Europe,Southern Europe,,150.0,39.0,,2011,
Serbia,RS,SRB,688,ISO 3166-2:RS,Europe,Southern Europe,,150.0,39.0,,2012,1.78
Serbia,RS,SRB,688,ISO 3166-2:RS,Europe,Southern Europe,,150.0,39.0,,2013,
Serbia,RS,SRB,688,ISO 3166-2:RS,Europe,Southern Europe,,150.0,39.0,,2014,1.55
Serbia,RS,SRB,688,ISO 3166-2:RS,Europe,Southern Europe,,150.0,39.0,,2015,
Serbia,RS,SRB,688,ISO 3166-2:RS,Europe,Southern Europe,,150.0,39.0,,2016,1.16
Seychelles,SC,SYC,690,ISO 3166-2:SC,Africa,Sub-Saharan Africa,Eastern Africa,2.0,202.0,14.0,,
Sierra Leone,SL,SLE,694,ISO 3166-2:SL,Africa,Sub-Saharan Africa,Western Africa,2.0,202.0,11.0,1991,0.45
Sierra Leone,SL,SLE,694,ISO 3166-2:SL,Africa,Sub-Saharan Africa,Western Africa,2.0,202.0,11.0,1992,0.49
Sierra Leone,SL,SLE,694,ISO 3166-2:SL,Africa,Sub-Saharan Africa,Western Africa,2.0,202.0,11.0,1993,
Sierra Leone,SL,SLE,694,ISO 3166-2:SL,Africa,Sub-Saharan Africa,Western Africa,2.0,202.0,11.0,1994,
Sierra Leone,SL,SLE,694,ISO 3166-2:SL,Africa,Sub-Saharan Africa,Western Africa,2.0,202.0,11.0,1995,
Sierra Leone,SL,SLE,694,ISO 3166-2:SL,Africa,Sub-Saharan Africa,Western Africa,2.0,202.0,11.0,1996,
Sierra Leone,SL,SLE,694,ISO 3166-2:SL,Africa,Sub-Saharan Africa,Western Africa,2.0,202.0,11.0,1997,
Sierra Leone,SL,SLE,694,ISO 3166-2:SL,Africa,Sub-Saharan Africa,Western Africa,2.0,202.0,11.0,1998,0.61
Sierra Leone,SL,SLE,694,ISO 3166-2:SL,Africa,Sub-Saharan Africa,Western Africa,2.0,202.0,11.0,1999,
Sierra Leone,SL,SLE,694,ISO 3166-2:SL,Africa,Sub-Saharan Africa,Western Africa,2.0,202.0,11.0,2000,
Sierra Leone,SL,SLE,694,ISO 3166-2:SL,Africa,Sub-Saharan Africa,Western Africa,2.0,202.0,11.0,2001,
Sierra Leone,SL,SLE,694,ISO 3166-2:SL,Africa,Sub-Saharan Africa,Western Africa,2.0,202.0,11.0,2002,0.51
Sierra Leone,SL,SLE,694,ISO 3166-2:SL,Africa,Sub-Saharan Africa,Western Africa,2.0,202.0,11.0,2003,
Sierra Leone,SL,SLE,694,ISO 3166-2:SL,Africa,Sub-Saharan Africa,Western Africa,2.0,202.0,11.0,2004,0.76
Sierra Leone,SL,SLE,694,ISO 3166-2:SL,Africa,Sub-Saharan Africa,Western Africa,2.0,202.0,11.0,2005,
Sierra Leone,SL,SLE,694,ISO 3166-2:SL,Africa,Sub-Saharan Africa,Western Africa,2.0,202.0,11.0,2006,0.98
Sierra Leone,SL,SLE,694,ISO 3166-2:SL,Africa,Sub-Saharan Africa,Western Africa,2.0,202.0,11.0,2007,
Sierra Leone,SL,SLE,694,ISO 3166-2:SL,Africa,Sub-Saharan Africa,Western Africa,2.0,202.0,11.0,2008,0.91
Sierra Leone,SL,SLE,694,ISO 3166-2:SL,Africa,Sub-Saharan Africa,Western Africa,2.0,202.0,11.0,2009,
Sierra Leone,SL,SLE,694,ISO 3166-2:SL,Africa,Sub-Saharan Africa,Western Africa,2.0,202.0,11.0,2010,0.94
Sierra Leone,SL,SLE,694,ISO 3166-2:SL,Africa,Sub-Saharan Africa,Western Africa,2.0,202.0,11.0,2011,
Sierra Leone,SL,SLE,694,ISO 3166-2:SL,Africa,Sub-Saharan Africa,Western Africa,2.0,202.0,11.0,2012,1.05
Sierra Leone,SL,SLE,694,ISO 3166-2:SL,Africa,Sub-Saharan Africa,Western Africa,2.0,202.0,11.0,2013,
Sierra Leone,SL,SLE,694,ISO 3166-2:SL,Africa,Sub-Saharan Africa,Western Africa,2.0,202.0,11.0,2014,1.04
Sierra Leone,SL,SLE,694,ISO 3166-2:SL,Africa,Sub-Saharan Africa,Western Africa,2.0,202.0,11.0,2015,
Sierra Leone,SL,SLE,694,ISO 3166-2:SL,Africa,Sub-Saharan Africa,Western Africa,2.0,202.0,11.0,2016,1.08
Singapore,SG,SGP,702,ISO 3166-2:SG,Asia,South-eastern Asia,,142.0,35.0,,1991,0.61
Singapore,SG,SGP,702,ISO 3166-2:SG,Asia,South-eastern Asia,,142.0,35.0,,1992,
Singapore,SG,SGP,702,ISO 3166-2:SG,Asia,South-eastern Asia,,142.0,35.0,,1993,
Singapore,SG,SGP,702,ISO 3166-2:SG,Asia,South-eastern Asia,,142.0,35.0,,1994,
Singapore,SG,SGP,702,ISO 3166-2:SG,Asia,South-eastern Asia,,142.0,35.0,,1995,0.85
Singapore,SG,SGP,702,ISO 3166-2:SG,Asia,South-eastern Asia,,142.0,35.0,,1996,
Singapore,SG,SGP,702,ISO 3166-2:SG,Asia,South-eastern Asia,,142.0,35.0,,1997,
Singapore,SG,SGP,702,ISO 3166-2:SG,Asia,South-eastern Asia,,142.0,35.0,,1998,0.72
Singapore,SG,SGP,702,ISO 3166-2:SG,Asia,South-eastern Asia,,142.0,35.0,,1999,
Singapore,SG,SGP,702,ISO 3166-2:SG,Asia,South-eastern Asia,,142.0,35.0,,2000,0.84
Singapore,SG,SGP,702,ISO 3166-2:SG,Asia,South-eastern Asia,,142.0,35.0,,2001,
Singapore,SG,SGP,702,ISO 3166-2:SG,Asia,South-eastern Asia,,142.0,35.0,,2002,0.85
Singapore,SG,SGP,702,ISO 3166-2:SG,Asia,South-eastern Asia,,142.0,35.0,,2003,
Singapore,SG,SGP,702,ISO 3166-2:SG,Asia,South-eastern Asia,,142.0,35.0,,2004,0.89
Singapore,SG,SGP,702,ISO 3166-2:SG,Asia,South-eastern Asia,,142.0,35.0,,2005,
Singapore,SG,SGP,702,ISO 3166-2:SG,Asia,South-eastern Asia,,142.0,35.0,,2006,0.92
Singapore,SG,SGP,702,ISO 3166-2:SG,Asia,South-eastern Asia,,142.0,35.0,,2007,
Singapore,SG,SGP,702,ISO 3166-2:SG,Asia,South-eastern Asia,,142.0,35.0,,2008,1.07
Singapore,SG,SGP,702,ISO 3166-2:SG,Asia,South-eastern Asia,,142.0,35.0,,2009,
Singapore,SG,SGP,702,ISO 3166-2:SG,Asia,South-eastern Asia,,142.0,35.0,,2010,1.42
Singapore,SG,SGP,702,ISO 3166-2:SG,Asia,South-eastern Asia,,142.0,35.0,,2011,
Singapore,SG,SGP,702,ISO 3166-2:SG,Asia,South-eastern Asia,,142.0,35.0,,2012,1.68
Singapore,SG,SGP,702,ISO 3166-2:SG,Asia,South-eastern Asia,,142.0,35.0,,2013,
Singapore,SG,SGP,702,ISO 3166-2:SG,Asia,South-eastern Asia,,142.0,35.0,,2014,1.58
Singapore,SG,SGP,702,ISO 3166-2:SG,Asia,South-eastern Asia,,142.0,35.0,,2015,
Singapore,SG,SGP,702,ISO 3166-2:SG,Asia,South-eastern Asia,,142.0,35.0,,2016,1.25
Sint Maarten (Dutch part),SX,SXM,534,ISO 3166-2:SX,Americas,Latin America and the Caribbean,Caribbean,19.0,419.0,29.0,,
Slovakia,SK,SVK,703,ISO 3166-2:SK,Europe,Eastern Europe,,150.0,151.0,,,
Slovenia,SI,SVN,705,ISO 3166-2:SI,Europe,Southern Europe,,150.0,39.0,,1991,
Slovenia,SI,SVN,705,ISO 3166-2:SI,Europe,Southern Europe,,150.0,39.0,,1992,
Slovenia,SI,SVN,705,ISO 3166-2:SI,Europe,Southern Europe,,150.0,39.0,,1993,
Slovenia,SI,SVN,705,ISO 3166-2:SI,Europe,Southern Europe,,150.0,39.0,,1994,
Slovenia,SI,SVN,705,ISO 3166-2:SI,Europe,Southern Europe,,150.0,39.0,,1995,0.59
Slovenia,SI,SVN,705,ISO 3166-2:SI,Europe,Southern Europe,,150.0,39.0,,1996,
Slovenia,SI,SVN,705,ISO 3166-2:SI,Europe,Southern Europe,,150.0,39.0,,1997,
Slovenia,SI,SVN,705,ISO 3166-2:SI,Europe,Southern Europe,,150.0,39.0,,1998,0.66
Slovenia,SI,SVN,705,ISO 3166-2:SI,Europe,Southern Europe,,150.0,39.0,,1999,
Slovenia,SI,SVN,705,ISO 3166-2:SI,Europe,Southern Europe,,150.0,39.0,,2000,0.63
Slovenia,SI,SVN,705,ISO 3166-2:SI,Europe,Southern Europe,,150.0,39.0,,2001,
Slovenia,SI,SVN,705,ISO 3166-2:SI,Europe,Southern Europe,,150.0,39.0,,2002,0.76
Slovenia,SI,SVN,705,ISO 3166-2:SI,Europe,Southern Europe,,150.0,39.0,,2003,
Slovenia,SI,SVN,705,ISO 3166-2:SI,Europe,Southern Europe,,150.0,39.0,,2004,1.12
Slovenia,SI,SVN,705,ISO 3166-2:SI,Europe,Southern Europe,,150.0,39.0,,2005,
Slovenia,SI,SVN,705,ISO 3166-2:SI,Europe,Southern Europe,,150.0,39.0,,2006,1.23
Slovenia,SI,SVN,705,ISO 3166-2:SI,Europe,Southern Europe,,150.0,39.0,,2007,
Slovenia,SI,SVN,705,ISO 3166-2:SI,Europe,Southern Europe,,150.0,39.0,,2008,1.18
Slovenia,SI,SVN,705,ISO 3166-2:SI,Europe,Southern Europe,,150.0,39.0,,2009,
Slovenia,SI,SVN,705,ISO 3166-2:SI,Europe,Southern Europe,,150.0,39.0,,2010,1.67
Slovenia,SI,SVN,705,ISO 3166-2:SI,Europe,Southern Europe,,150.0,39.0,,2011,
Slovenia,SI,SVN,705,ISO 3166-2:SI,Europe,Southern Europe,,150.0,39.0,,2012,1.86
Slovenia,SI,SVN,705,ISO 3166-2:SI,Europe,Southern Europe,,150.0,39.0,,2013,
Slovenia,SI,SVN,705,ISO 3166-2:SI,Europe,Southern Europe,,150.0,39.0,,2014,1.78
Slovenia,SI,SVN,705,ISO 3166-2:SI,Europe,Southern Europe,,150.0,39.0,,2015,
Slovenia,SI,SVN,705,ISO 3166-2:SI,Europe,Southern Europe,,150.0,39.0,,2016,1.32
Solomon Islands,SB,SLB,90,ISO 3166-2:SB,Oceania,Melanesia,,9.0,54.0,,,
Somalia,SO,SOM,706,ISO 3166-2:SO,Africa,Sub-Saharan Africa,Eastern Africa,2.0,202.0,14.0,1991,
Somalia,SO,SOM,706,ISO 3166-2:SO,Africa,Sub-Saharan Africa,Eastern Africa,2.0,202.0,14.0,1992,
Somalia,SO,SOM,706,ISO 3166-2:SO,Africa,Sub-Saharan Africa,Eastern Africa,2.0,202.0,14.0,1993,
Somalia,SO,SOM,706,ISO 3166-2:SO,Africa,Sub-Saharan Africa,Eastern Africa,2.0,202.0,14.0,1994,
Somalia,SO,SOM,706,ISO 3166-2:SO,Africa,Sub-Saharan Africa,Eastern Africa,2.0,202.0,14.0,1995,
Somalia,SO,SOM,706,ISO 3166-2:SO,Africa,Sub-Saharan Africa,Eastern Africa,2.0,202.0,14.0,1996,
Somalia,SO,SOM,706,ISO 3166-2:SO,Africa,Sub-Saharan Africa,Eastern Africa,2.0,202.0,14.0,1997,
Somalia,SO,SOM,706,ISO 3166-2:SO,Africa,Sub-Saharan Africa,Eastern Africa,2.0,202.0,14.0,1998,
Somalia,SO,SOM,706,ISO 3166-2:SO,Africa,Sub-Saharan Africa,Eastern Africa,2.0,202.0,14.0,1999,
Somalia,SO,SOM,706,ISO 3166-2:SO,Africa,Sub-Saharan Africa,Eastern Africa,2.0,202.0,14.0,2000,
Somalia,SO,SOM,706,ISO 3166-2:SO,Africa,Sub-Saharan Africa,Eastern Africa,2.0,202.0,14.0,2001,
Somalia,SO,SOM,706,ISO 3166-2:SO,Africa,Sub-Saharan Africa,Eastern Africa,2.0,202.0,14.0,2002,0.35
Somalia,SO,SOM,706,ISO 3166-2:SO,Africa,Sub-Saharan Africa,Eastern Africa,2.0,202.0,14.0,2003,
Somalia,SO,SOM,706,ISO 3166-2:SO,Africa,Sub-Saharan Africa,Eastern Africa,2.0,202.0,14.0,2004,1.36
Somalia,SO,SOM,706,ISO 3166-2:SO,Africa,Sub-Saharan Africa,Eastern Africa,2.0,202.0,14.0,2005,
Somalia,SO,SOM,706,ISO 3166-2:SO,Africa,Sub-Saharan Africa,Eastern Africa,2.0,202.0,14.0,2006,0.74
Somalia,SO,SOM,706,ISO 3166-2:SO,Africa,Sub-Saharan Africa,Eastern Africa,2.0,202.0,14.0,2007,
Somalia,SO,SOM,706,ISO 3166-2:SO,Africa,Sub-Saharan Africa,Eastern Africa,2.0,202.0,14.0,2008,1.12
Somalia,SO,SOM,706,ISO 3166-2:SO,Africa,Sub-Saharan Africa,Eastern Africa,2.0,202.0,14.0,2009,
Somalia,SO,SOM,706,ISO 3166-2:SO,Africa,Sub-Saharan Africa,Eastern Africa,2.0,202.0,14.0,2010,
Somalia,SO,SOM,706,ISO 3166-2:SO,Africa,Sub-Saharan Africa,Eastern Africa,2.0,202.0,14.0,2011,
Somalia,SO,SOM,706,ISO 3166-2:SO,Africa,Sub-Saharan Africa,Eastern Africa,2.0,202.0,14.0,2012,
Somalia,SO,SOM,706,ISO 3166-2:SO,Africa,Sub-Saharan Africa,Eastern Africa,2.0,202.0,14.0,2013,
Somalia,SO,SOM,706,ISO 3166-2:SO,Africa,Sub-Saharan Africa,Eastern Africa,2.0,202.0,14.0,2014,
Somalia,SO,SOM,706,ISO 3166-2:SO,Africa,Sub-Saharan Africa,Eastern Africa,2.0,202.0,14.0,2015,
Somalia,SO,SOM,706,ISO 3166-2:SO,Africa,Sub-Saharan Africa,Eastern Africa,2.0,202.0,14.0,2016,1.41
South Africa,ZA,ZAF,710,ISO 3166-2:ZA,Africa,Sub-Saharan Africa,Southern Africa,2.0,202.0,18.0,1991,
South Africa,ZA,ZAF,710,ISO 3166-2:ZA,Africa,Sub-Saharan Africa,Southern Africa,2.0,202.0,18.0,1992,0.52
South Africa,ZA,ZAF,710,ISO 3166-2:ZA,Africa,Sub-Saharan Africa,Southern Africa,2.0,202.0,18.0,1993,
South Africa,ZA,ZAF,710,ISO 3166-2:ZA,Africa,Sub-Saharan Africa,Southern Africa,2.0,202.0,18.0,1994,
South Africa,ZA,ZAF,710,ISO 3166-2:ZA,Africa,Sub-Saharan Africa,Southern Africa,2.0,202.0,18.0,1995,0.51
South Africa,ZA,ZAF,710,ISO 3166-2:ZA,Africa,Sub-Saharan Africa,Southern Africa,2.0,202.0,18.0,1996,
South Africa,ZA,ZAF,710,ISO 3166-2:ZA,Africa,Sub-Saharan Africa,Southern Africa,2.0,202.0,18.0,1997,
South Africa,ZA,ZAF,710,ISO 3166-2:ZA,Africa,Sub-Saharan Africa,Southern Africa,2.0,202.0,18.0,1998,0.43
South Africa,ZA,ZAF,710,ISO 3166-2:ZA,Africa,Sub-Saharan Africa,Southern Africa,2.0,202.0,18.0,1999,
South Africa,ZA,ZAF,710,ISO 3166-2:ZA,Africa,Sub-Saharan Africa,Southern Africa,2.0,202.0,18.0,2000,0.5
South Africa,ZA,ZAF,710,ISO 3166-2:ZA,Africa,Sub-Saharan Africa,Southern Africa,2.0,202.0,18.0,2001,
South Africa,ZA,ZAF,710,ISO 3166-2:ZA,Africa,Sub-Saharan Africa,Southern Africa,2.0,202.0,18.0,2002,0.43
South Africa,ZA,ZAF,710,ISO 3166-2:ZA,Africa,Sub-Saharan Africa,Southern Africa,2.0,202.0,18.0,2003,
South Africa,ZA,ZAF,710,ISO 3166-2:ZA,Africa,Sub-Saharan Africa,Southern Africa,2.0,202.0,18.0,2004,0.81
South Africa,ZA,ZAF,710,ISO 3166-2:ZA,Africa,Sub-Saharan Africa,Southern Africa,2.0,202.0,18.0,2005,
South Africa,ZA,ZAF,710,ISO 3166-2:ZA,Africa,Sub-Saharan Africa,Southern Africa,2.0,202.0,18.0,2006,0.85
South Africa,ZA,ZAF,710,ISO 3166-2:ZA,Africa,Sub-Saharan Africa,Southern Africa,2.0,202.0,18.0,2007,
South Africa,ZA,ZAF,710,ISO 3166-2:ZA,Africa,Sub-Saharan Africa,Southern Africa,2.0,202.0,18.0,2008,0.87
South Africa,ZA,ZAF,710,ISO 3166-2:ZA,Africa,Sub-Saharan Africa,Southern Africa,2.0,202.0,18.0,2009,
South Africa,ZA,ZAF,710,ISO 3166-2:ZA,Africa,Sub-Saharan Africa,Southern Africa,2.0,202.0,18.0,2010,1.19
South Africa,ZA,ZAF,710,ISO 3166-2:ZA,Africa,Sub-Saharan Africa,Southern Africa,2.0,202.0,18.0,2011,
South Africa,ZA,ZAF,710,ISO 3166-2:ZA,Africa,Sub-Saharan Africa,Southern Africa,2.0,202.0,18.0,2012,1.38
South Africa,ZA,ZAF,710,ISO 3166-2:ZA,Africa,Sub-Saharan Africa,Southern Africa,2.0,202.0,18.0,2013,
South Africa,ZA,ZAF,710,ISO 3166-2:ZA,Africa,Sub-Saharan Africa,Southern Africa,2.0,202.0,18.0,2014,1.19
South Africa,ZA,ZAF,710,ISO 3166-2:ZA,Africa,Sub-Saharan Africa,Southern Africa,2.0,202.0,18.0,2015,
South Africa,ZA,ZAF,710,ISO 3166-2:ZA,Africa,Sub-Saharan Africa,Southern Africa,2.0,202.0,18.0,2016,0.92
South Georgia and the South Sandwich Islands,GS,SGS,239,ISO 3166-2:GS,Americas,Latin America and the Caribbean,South America,19.0,419.0,5.0,,
South Sudan,SS,SSD,728,ISO 3166-2:SS,Africa,Sub-Saharan Africa,Eastern Africa,2.0,202.0,14.0,1991,
South Sudan,SS,SSD,728,ISO 3166-2:SS,Africa,Sub-Saharan Africa,Eastern Africa,2.0,202.0,14.0,1992,
South Sudan,SS,SSD,728,ISO 3166-2:SS,Africa,Sub-Saharan Africa,Eastern Africa,2.0,202.0,14.0,1993,
South Sudan,SS,SSD,728,ISO 3166-2:SS,Africa,Sub-Saharan Africa,Eastern Africa,2.0,202.0,14.0,1994,
South Sudan,SS,SSD,728,ISO 3166-2:SS,Africa,Sub-Saharan Africa,Eastern Africa,2.0,202.0,14.0,1995,
South Sudan,SS,SSD,728,ISO 3166-2:SS,Africa,Sub-Saharan Africa,Eastern Africa,2.0,202.0,14.0,1996,
South Sudan,SS,SSD,728,ISO 3166-2:SS,Africa,Sub-Saharan Africa,Eastern Africa,2.0,202.0,14.0,1997,
South Sudan,SS,SSD,728,ISO 3166-2:SS,Africa,Sub-Saharan Africa,Eastern Africa,2.0,202.0,14.0,1998,
South Sudan,SS,SSD,728,ISO 3166-2:SS,Africa,Sub-Saharan Africa,Eastern Africa,2.0,202.0,14.0,1999,
South Sudan,SS,SSD,728,ISO 3166-2:SS,Africa,Sub-Saharan Africa,Eastern Africa,2.0,202.0,14.0,2000,
South Sudan,SS,SSD,728,ISO 3166-2:SS,Africa,Sub-Saharan Africa,Eastern Africa,2.0,202.0,14.0,2001,
South Sudan,SS,SSD,728,ISO 3166-2:SS,Africa,Sub-Saharan Africa,Eastern Africa,2.0,202.0,14.0,2002,
South Sudan,SS,SSD,728,ISO 3166-2:SS,Africa,Sub-Saharan Africa,Eastern Africa,2.0,202.0,14.0,2003,
South Sudan,SS,SSD,728,ISO 3166-2:SS,Africa,Sub-Saharan Africa,Eastern Africa,2.0,202.0,14.0,2004,
South Sudan,SS,SSD,728,ISO 3166-2:SS,Africa,Sub-Saharan Africa,Eastern Africa,2.0,202.0,14.0,2005,
South Sudan,SS,SSD,728,ISO 3166-2:SS,Africa,Sub-Saharan Africa,Eastern Africa,2.0,202.0,14.0,2006,1.76
South Sudan,SS,SSD,728,ISO 3166-2:SS,Africa,Sub-Saharan Africa,Eastern Africa,2.0,202.0,14.0,2007,
South Sudan,SS,SSD,728,ISO 3166-2:SS,Africa,Sub-Saharan Africa,Eastern Africa,2.0,202.0,14.0,2008,1.59
South Sudan,SS,SSD,728,ISO 3166-2:SS,Africa,Sub-Saharan Africa,Eastern Africa,2.0,202.0,14.0,2009,
South Sudan,SS,SSD,728,ISO 3166-2:SS,Africa,Sub-Saharan Africa,Eastern Africa,2.0,202.0,14.0,2010,1.5
South Sudan,SS,SSD,728,ISO 3166-2:SS,Africa,Sub-Saharan Africa,Eastern Africa,2.0,202.0,14.0,2011,
South Sudan,SS,SSD,728,ISO 3166-2:SS,Africa,Sub-Saharan Africa,Eastern Africa,2.0,202.0,14.0,2012,1.97
South Sudan,SS,SSD,728,ISO 3166-2:SS,Africa,Sub-Saharan Africa,Eastern Africa,2.0,202.0,14.0,2013,
South Sudan,SS,SSD,728,ISO 3166-2:SS,Africa,Sub-Saharan Africa,Eastern Africa,2.0,202.0,14.0,2014,1.98
South Sudan,SS,SSD,728,ISO 3166-2:SS,Africa,Sub-Saharan Africa,Eastern Africa,2.0,202.0,14.0,2015,
South Sudan,SS,SSD,728,ISO 3166-2:SS,Africa,Sub-Saharan Africa,Eastern Africa,2.0,202.0,14.0,2016,0.28
Spain,ES,ESP,724,ISO 3166-2:ES,Europe,Southern Europe,,150.0,39.0,,1991,
Spain,ES,ESP,724,ISO 3166-2:ES,Europe,Southern Europe,,150.0,39.0,,1992,
Spain,ES,ESP,724,ISO 3166-2:ES,Europe,Southern Europe,,150.0,39.0,,1993,
Spain,ES,ESP,724,ISO 3166-2:ES,Europe,Southern Europe,,150.0,39.0,,1994,
Spain,ES,ESP,724,ISO 3166-2:ES,Europe,Southern Europe,,150.0,39.0,,1995,0.89
Spain,ES,ESP,724,ISO 3166-2:ES,Europe,Southern Europe,,150.0,39.0,,1996,
Spain,ES,ESP,724,ISO 3166-2:ES,Europe,Southern Europe,,150.0,39.0,,1997,
Spain,ES,ESP,724,ISO 3166-2:ES,Europe,Southern Europe,,150.0,39.0,,1998,0.84
Spain,ES,ESP,724,ISO 3166-2:ES,Europe,Southern Europe,,150.0,39.0,,1999,
Spain,ES,ESP,724,ISO 3166-2:ES,Europe,Southern Europe,,150.0,39.0,,2000,0.73
Spain,ES,ESP,724,ISO 3166-2:ES,Europe,Southern Europe,,150.0,39.0,,2001,
Spain,ES,ESP,724,ISO 3166-2:ES,Europe,Southern Europe,,150.0,39.0,,2002,0.83
Spain,ES,ESP,724,ISO 3166-2:ES,Europe,Southern Europe,,150.0,39.0,,2003,
Spain,ES,ESP,724,ISO 3166-2:ES,Europe,Southern Europe,,150.0,39.0,,2004,1.21
Spain,ES,ESP,724,ISO 3166-2:ES,Europe,Southern Europe,,150.0,39.0,,2005,
Spain,ES,ESP,724,ISO 3166-2:ES,Europe,Southern Europe,,150.0,39.0,,2006,1.15
Spain,ES,ESP,724,ISO 3166-2:ES,Europe,Southern Europe,,150.0,39.0,,2007,
Spain,ES,ESP,724,ISO 3166-2:ES,Europe,Southern Europe,,150.0,39.0,,2008,1.23
Spain,ES,ESP,724,ISO 3166-2:ES,Europe,Southern Europe,,150.0,39.0,,2009,
Spain,ES,ESP,724,ISO 3166-2:ES,Europe,Southern Europe,,150.0,39.0,,2010,1.56
Spain,ES,ESP,724,ISO 3166-2:ES,Europe,Southern Europe,,150.0,39.0,,2011,
Spain,ES,ESP,724,ISO 3166-2:ES,Europe,Southern Europe,,150.0,39.0,,2012,1.75
Spain,ES,ESP,724,ISO 3166-2:ES,Europe,Southern Europe,,150.0,39.0,,2013,
Spain,ES,ESP,724,ISO 3166-2:ES,Europe,Southern Europe,,150.0,39.0,,2014,1.63
Spain,ES,ESP,724,ISO 3166-2:ES,Europe,Southern Europe,,150.0,39.0,,2015,
Spain,ES,ESP,724,ISO 3166-2:ES,Europe,Southern Europe,,150.0,39.0,,2016,1.26
Sri Lanka,LK,LKA,144,ISO 3166-2:LK,Asia,Southern Asia,,142.0,34.0,,1991,0.75
Sri Lanka,LK,LKA,144,ISO 3166-2:LK,Asia,Southern Asia,,142.0,34.0,,1992,
Sri Lanka,LK,LKA,144,ISO 3166-2:LK,Asia,Southern Asia,,142.0,34.0,,1993,
Sri Lanka,LK,LKA,144,ISO 3166-2:LK,Asia,Southern Asia,,142.0,34.0,,1994,
Sri Lanka,LK,LKA,144,ISO 3166-2:LK,Asia,Southern Asia,,142.0,34.0,,1995,0.75
Sri Lanka,LK,LKA,144,ISO 3166-2:LK,Asia,Southern Asia,,142.0,34.0,,1996,
Sri Lanka,LK,LKA,144,ISO 3166-2:LK,Asia,Southern Asia,,142.0,34.0,,1997,
Sri Lanka,LK,LKA,144,ISO 3166-2:LK,Asia,Southern Asia,,142.0,34.0,,1998,0.84
Sri Lanka,LK,LKA,144,ISO 3166-2:LK,Asia,Southern Asia,,142.0,34.0,,1999,
Sri Lanka,LK,LKA,144,ISO 3166-2:LK,Asia,Southern Asia,,142.0,34.0,,2000,0.66
Sri Lanka,LK,LKA,144,ISO 3166-2:LK,Asia,Southern Asia,,142.0,34.0,,2001,
Sri Lanka,LK,LKA,144,ISO 3166-2:LK,Asia,Southern Asia,,142.0,34.0,,2002,0.54
Sri Lanka,LK,LKA,144,ISO 3166-2:LK,Asia,Southern Asia,,142.0,34.0,,2003,
Sri Lanka,LK,LKA,144,ISO 3166-2:LK,Asia,Southern Asia,,142.0,34.0,,2004,0.72
Sri Lanka,LK,LKA,144,ISO 3166-2:LK,Asia,Southern Asia,,142.0,34.0,,2005,
Sri Lanka,LK,LKA,144,ISO 3166-2:LK,Asia,Southern Asia,,142.0,34.0,,2006,0.88
Sri Lanka,LK,LKA,144,ISO 3166-2:LK,Asia,Southern Asia,,142.0,34.0,,2007,
Sri Lanka,LK,LKA,144,ISO 3166-2:LK,Asia,Southern Asia,,142.0,34.0,,2008,1.43
Sri Lanka,LK,LKA,144,ISO 3166-2:LK,Asia,Southern Asia,,142.0,34.0,,2009,
Sri Lanka,LK,LKA,144,ISO 3166-2:LK,Asia,Southern Asia,,142.0,34.0,,2010,1.19
Sri Lanka,LK,LKA,144,ISO 3166-2:LK,Asia,Southern Asia,,142.0,34.0,,2011,
Sri Lanka,LK,LKA,144,ISO 3166-2:LK,Asia,Southern Asia,,142.0,34.0,,2012,1.29
Sri Lanka,LK,LKA,144,ISO 3166-2:LK,Asia,Southern Asia,,142.0,34.0,,2013,
Sri Lanka,LK,LKA,144,ISO 3166-2:LK,Asia,Southern Asia,,142.0,34.0,,2014,1.27
Sri Lanka,LK,LKA,144,ISO 3166-2:LK,Asia,Southern Asia,,142.0,34.0,,2015,
Sri Lanka,LK,LKA,144,ISO 3166-2:LK,Asia,Southern Asia,,142.0,34.0,,2016,0.88
Sudan,SD,SDN,729,ISO 3166-2:SD,Africa,Northern Africa,,2.0,15.0,,1991,0.07
Sudan,SD,SDN,729,ISO 3166-2:SD,Africa,Northern Africa,,2.0,15.0,,1992,0.58
Sudan,SD,SDN,729,ISO 3166-2:SD,Africa,Northern Africa,,2.0,15.0,,1993,
Sudan,SD,SDN,729,ISO 3166-2:SD,Africa,Northern Africa,,2.0,15.0,,1994,
Sudan,SD,SDN,729,ISO 3166-2:SD,Africa,Northern Africa,,2.0,15.0,,1995,0.5
Sudan,SD,SDN,729,ISO 3166-2:SD,Africa,Northern Africa,,2.0,15.0,,1996,
Sudan,SD,SDN,729,ISO 3166-2:SD,Africa,Northern Africa,,2.0,15.0,,1997,
Sudan,SD,SDN,729,ISO 3166-2:SD,Africa,Northern Africa,,2.0,15.0,,1998,0.33
Sudan,SD,SDN,729,ISO 3166-2:SD,Africa,Northern Africa,,2.0,15.0,,1999,
Sudan,SD,SDN,729,ISO 3166-2:SD,Africa,Northern Africa,,2.0,15.0,,2000,0.28
Sudan,SD,SDN,729,ISO 3166-2:SD,Africa,Northern Africa,,2.0,15.0,,2001,
Sudan,SD,SDN,729,ISO 3166-2:SD,Africa,Northern Africa,,2.0,15.0,,2002,0.3
Sudan,SD,SDN,729,ISO 3166-2:SD,Africa,Northern Africa,,2.0,15.0,,2003,
Sudan,SD,SDN,729,ISO 3166-2:SD,Africa,Northern Africa,,2.0,15.0,,2004,0.47
Sudan,SD,SDN,729,ISO 3166-2:SD,Africa,Northern Africa,,2.0,15.0,,2005,
Sudan,SD,SDN,729,ISO 3166-2:SD,Africa,Northern Africa,,2.0,15.0,,2006,0.72
Sudan,SD,SDN,729,ISO 3166-2:SD,Africa,Northern Africa,,2.0,15.0,,2007,
Sudan,SD,SDN,729,ISO 3166-2:SD,Africa,Northern Africa,,2.0,15.0,,2008,0.65
Sudan,SD,SDN,729,ISO 3166-2:SD,Africa,Northern Africa,,2.0,15.0,,2009,
Sudan,SD,SDN,729,ISO 3166-2:SD,Africa,Northern Africa,,2.0,15.0,,2010,0.62
Sudan,SD,SDN,729,ISO 3166-2:SD,Africa,Northern Africa,,2.0,15.0,,2011,
Sudan,SD,SDN,729,ISO 3166-2:SD,Africa,Northern Africa,,2.0,15.0,,2012,0.63
Sudan,SD,SDN,729,ISO 3166-2:SD,Africa,Northern Africa,,2.0,15.0,,2013,
Sudan,SD,SDN,729,ISO 3166-2:SD,Africa,Northern Africa,,2.0,15.0,,2014,0.82
Sudan,SD,SDN,729,ISO 3166-2:SD,Africa,Northern Africa,,2.0,15.0,,2015,
Sudan,SD,SDN,729,ISO 3166-2:SD,Africa,Northern Africa,,2.0,15.0,,2016,0.95
Suriname,SR,SUR,740,ISO 3166-2:SR,Americas,Latin America and the Caribbean,South America,19.0,419.0,5.0,1991,
Suriname,SR,SUR,740,ISO 3166-2:SR,Americas,Latin America and the Caribbean,South America,19.0,419.0,5.0,1992,
Suriname,SR,SUR,740,ISO 3166-2:SR,Americas,Latin America and the Caribbean,South America,19.0,419.0,5.0,1993,
Suriname,SR,SUR,740,ISO 3166-2:SR,Americas,Latin America and the Caribbean,South America,19.0,419.0,5.0,1994,
Suriname,SR,SUR,740,ISO 3166-2:SR,Americas,Latin America and the Caribbean,South America,19.0,419.0,5.0,1995,
Suriname,SR,SUR,740,ISO 3166-2:SR,Americas,Latin America and the Caribbean,South America,19.0,419.0,5.0,1996,
Suriname,SR,SUR,740,ISO 3166-2:SR,Americas,Latin America and the Caribbean,South America,19.0,419.0,5.0,1997,
Suriname,SR,SUR,740,ISO 3166-2:SR,Americas,Latin America and the Caribbean,South America,19.0,419.0,5.0,1998,0.56
Suriname,SR,SUR,740,ISO 3166-2:SR,Americas,Latin America and the Caribbean,South America,19.0,419.0,5.0,1999,
Suriname,SR,SUR,740,ISO 3166-2:SR,Americas,Latin America and the Caribbean,South America,19.0,419.0,5.0,2000,0.56
Suriname,SR,SUR,740,ISO 3166-2:SR,Americas,Latin America and the Caribbean,South America,19.0,419.0,5.0,2001,
Suriname,SR,SUR,740,ISO 3166-2:SR,Americas,Latin America and the Caribbean,South America,19.0,419.0,5.0,2002,0.56
Suriname,SR,SUR,740,ISO 3166-2:SR,Americas,Latin America and the Caribbean,South America,19.0,419.0,5.0,2003,
Suriname,SR,SUR,740,ISO 3166-2:SR,Americas,Latin America and the Caribbean,South America,19.0,419.0,5.0,2004,0.5
Suriname,SR,SUR,740,ISO 3166-2:SR,Americas,Latin America and the Caribbean,South America,19.0,419.0,5.0,2005,
Suriname,SR,SUR,740,ISO 3166-2:SR,Americas,Latin America and the Caribbean,South America,19.0,419.0,5.0,2006,0.94
Suriname,SR,SUR,740,ISO 3166-2:SR,Americas,Latin America and the Caribbean,South America,19.0,419.0,5.0,2007,
Suriname,SR,SUR,740,ISO 3166-2:SR,Americas,Latin America and the Caribbean,South America,19.0,419.0,5.0,2008,0.91
Suriname,SR,SUR,740,ISO 3166-2:SR,Americas,Latin America and the Caribbean,South America,19.0,419.0,5.0,2009,
Suriname,SR,SUR,740,ISO 3166-2:SR,Americas,Latin America and the Caribbean,South America,19.0,419.0,5.0,2010,1.14
Suriname,SR,SUR,740,ISO 3166-2:SR,Americas,Latin America and the Caribbean,South America,19.0,419.0,5.0,2011,
Suriname,SR,SUR,740,ISO 3166-2:SR,Americas,Latin America and the Caribbean,South America,19.0,419.0,5.0,2012,1.57
Suriname,SR,SUR,740,ISO 3166-2:SR,Americas,Latin America and the Caribbean,South America,19.0,419.0,5.0,2013,
Suriname,SR,SUR,740,ISO 3166-2:SR,Americas,Latin America and the Caribbean,South America,19.0,419.0,5.0,2014,1.29
Suriname,SR,SUR,740,ISO 3166-2:SR,Americas,Latin America and the Caribbean,South America,19.0,419.0,5.0,2015,
Suriname,SR,SUR,740,ISO 3166-2:SR,Americas,Latin America and the Caribbean,South America,19.0,419.0,5.0,2016,
Svalbard and Jan Mayen,SJ,SJM,744,ISO 3166-2:SJ,Europe,Northern Europe,,150.0,154.0,,,
Sweden,SE,SWE,752,ISO 3166-2:SE,Europe,Northern Europe,,150.0,154.0,,1991,
Sweden,SE,SWE,752,ISO 3166-2:SE,Europe,Northern Europe,,150.0,154.0,,1992,
Sweden,SE,SWE,752,ISO 3166-2:SE,Europe,Northern Europe,,150.0,154.0,,1993,
Sweden,SE,SWE,752,ISO 3166-2:SE,Europe,Northern Europe,,150.0,154.0,,1994,
Sweden,SE,SWE,752,ISO 3166-2:SE,Europe,Northern Europe,,150.0,154.0,,1995,1.17
Sweden,SE,SWE,752,ISO 3166-2:SE,Europe,Northern Europe,,150.0,154.0,,1996,
Sweden,SE,SWE,752,ISO 3166-2:SE,Europe,Northern Europe,,150.0,154.0,,1997,
Sweden,SE,SWE,752,ISO 3166-2:SE,Europe,Northern Europe,,150.0,154.0,,1998,1.09
Sweden,SE,SWE,752,ISO 3166-2:SE,Europe,Northern Europe,,150.0,154.0,,1999,
Sweden,SE,SWE,752,ISO 3166-2:SE,Europe,Northern Europe,,150.0,154.0,,2000,0.94
Sweden,SE,SWE,752,ISO 3166-2:SE,Europe,Northern Europe,,150.0,154.0,,2001,
Sweden,SE,SWE,752,ISO 3166-2:SE,Europe,Northern Europe,,150.0,154.0,,2002,1.06
Sweden,SE,SWE,752,ISO 3166-2:SE,Europe,Northern Europe,,150.0,154.0,,2003,
Sweden,SE,SWE,752,ISO 3166-2:SE,Europe,Northern Europe,,150.0,154.0,,2004,1.51
Sweden,SE,SWE,752,ISO 3166-2:SE,Europe,Northern Europe,,150.0,154.0,,2005,
Sweden,SE,SWE,752,ISO 3166-2:SE,Europe,Northern Europe,,150.0,154.0,,2006,1.46
Sweden,SE,SWE,752,ISO 3166-2:SE,Europe,Northern Europe,,150.0,154.0,,2007,
Sweden,SE,SWE,752,ISO 3166-2:SE,Europe,Northern Europe,,150.0,154.0,,2008,1.38
Sweden,SE,SWE,752,ISO 3166-2:SE,Europe,Northern Europe,,150.0,154.0,,2009,
Sweden,SE,SWE,752,ISO 3166-2:SE,Europe,Northern Europe,,150.0,154.0,,2010,1.87
Sweden,SE,SWE,752,ISO 3166-2:SE,Europe,Northern Europe,,150.0,154.0,,2011,
Sweden,SE,SWE,752,ISO 3166-2:SE,Europe,Northern Europe,,150.0,154.0,,2012,2.1
Sweden,SE,SWE,752,ISO 3166-2:SE,Europe,Northern Europe,,150.0,154.0,,2013,
Sweden,SE,SWE,752,ISO 3166-2:SE,Europe,Northern Europe,,150.0,154.0,,2014,1.82
Sweden,SE,SWE,752,ISO 3166-2:SE,Europe,Northern Europe,,150.0,154.0,,2015,
Sweden,SE,SWE,752,ISO 3166-2:SE,Europe,Northern Europe,,150.0,154.0,,2016,1.42
Switzerland,CH,CHE,756,ISO 3166-2:CH,Europe,Western Europe,,150.0,155.0,,1991,
Switzerland,CH,CHE,756,ISO 3166-2:CH,Europe,Western Europe,,150.0,155.0,,1992,
Switzerland,CH,CHE,756,ISO 3166-2:CH,Europe,Western Europe,,150.0,155.0,,1993,
Switzerland,CH,CHE,756,ISO 3166-2:CH,Europe,Western Europe,,150.0,155.0,,1994,
Switzerland,CH,CHE,756,ISO 3166-2:CH,Europe,Western Europe,,150.0,155.0,,1995,1.02
Switzerland,CH,CHE,756,ISO 3166-2:CH,Europe,Western Europe,,150.0,155.0,,1996,
Switzerland,CH,CHE,756,ISO 3166-2:CH,Europe,Western Europe,,150.0,155.0,,1997,
Switzerland,CH,CHE,756,ISO 3166-2:CH,Europe,Western Europe,,150.0,155.0,,1998,0.86
Switzerland,CH,CHE,756,ISO 3166-2:CH,Europe,Western Europe,,150.0,155.0,,1999,
Switzerland,CH,CHE,756,ISO 3166-2:CH,Europe,Western Europe,,150.0,155.0,,2000,0.78
Switzerland,CH,CHE,756,ISO 3166-2:CH,Europe,Western Europe,,150.0,155.0,,2001,
Switzerland,CH,CHE,756,ISO 3166-2:CH,Europe,Western Europe,,150.0,155.0,,2002,0.89
Switzerland,CH,CHE,756,ISO 3166-2:CH,Europe,Western Europe,,150.0,155.0,,2003,
Switzerland,CH,CHE,756,ISO 3166-2:CH,Europe,Western Europe,,150.0,155.0,,2004,1.29
Switzerland,CH,CHE,756,ISO 3166-2:CH,Europe,Western Europe,,150.0,155.0,,2005,
Switzerland,CH,CHE,756,ISO 3166-2:CH,Europe,Western Europe,,150.0,155.0,,2006,1.27
Switzerland,CH,CHE,756,ISO 3166-2:CH,Europe,Western Europe,,150.0,155.0,,2007,
Switzerland,CH,CHE,756,ISO 3166-2:CH,Europe,Western Europe,,150.0,155.0,,2008,1.3
Switzerland,CH,CHE,756,ISO 3166-2:CH,Europe,Western Europe,,150.0,155.0,,2009,
Switzerland,CH,CHE,756,ISO 3166-2:CH,Europe,Western Europe,,150.0,155.0,,2010,1.66
Switzerland,CH,CHE,756,ISO 3166-2:CH,Europe,Western Europe,,150.0,155.0,,2011,
Switzerland,CH,CHE,756,ISO 3166-2:CH,Europe,Western Europe,,150.0,155.0,,2012,1.88
Switzerland,CH,CHE,756,ISO 3166-2:CH,Europe,Western Europe,,150.0,155.0,,2013,
Switzerland,CH,CHE,756,ISO 3166-2:CH,Europe,Western Europe,,150.0,155.0,,2014,1.74
Switzerland,CH,CHE,756,ISO 3166-2:CH,Europe,Western Europe,,150.0,155.0,,2015,
Switzerland,CH,CHE,756,ISO 3166-2:CH,Europe,Western Europe,,150.0,155.0,,2016,1.45
Syrian Arab Republic,SY,SYR,760,ISO 3166-2:SY,Asia,Western Asia,,142.0,145.0,,,
"Taiwan, Province of China",TW,TWN,158,ISO 3166-2:TW,,,,,,,,
Tajikistan,TJ,TJK,762,ISO 3166-2:TJ,Asia,Central Asia,,142.0,143.0,,1991,
Tajikistan,TJ,TJK,762,ISO 3166-2:TJ,Asia,Central Asia,,142.0,143.0,,1992,
Tajikistan,TJ,TJK,762,ISO 3166-2:TJ,Asia,Central Asia,,142.0,143.0,,1993,
Tajikistan,TJ,TJK,762,ISO 3166-2:TJ,Asia,Central Asia,,142.0,143.0,,1994,
Tajikistan,TJ,TJK,762,ISO 3166-2:TJ,Asia,Central Asia,,142.0,143.0,,1995,
Tajikistan,TJ,TJK,762,ISO 3166-2:TJ,Asia,Central Asia,,142.0,143.0,,1996,
Tajikistan,TJ,TJK,762,ISO 3166-2:TJ,Asia,Central Asia,,142.0,143.0,,1997,
Tajikistan,TJ,TJK,762,ISO 3166-2:TJ,Asia,Central Asia,,142.0,143.0,,1998,0.26
Tajikistan,TJ,TJK,762,ISO 3166-2:TJ,Asia,Central Asia,,142.0,143.0,,1999,
Tajikistan,TJ,TJK,762,ISO 3166-2:TJ,Asia,Central Asia,,142.0,143.0,,2000,0.45
Tajikistan,TJ,TJK,762,ISO 3166-2:TJ,Asia,Central Asia,,142.0,143.0,,2001,
Tajikistan,TJ,TJK,762,ISO 3166-2:TJ,Asia,Central Asia,,142.0,143.0,,2002,0.36
Tajikistan,TJ,TJK,762,ISO 3166-2:TJ,Asia,Central Asia,,142.0,143.0,,2003,
Tajikistan,TJ,TJK,762,ISO 3166-2:TJ,Asia,Central Asia,,142.0,143.0,,2004,0.67
Tajikistan,TJ,TJK,762,ISO 3166-2:TJ,Asia,Central Asia,,142.0,143.0,,2005,
Tajikistan,TJ,TJK,762,ISO 3166-2:TJ,Asia,Central Asia,,142.0,143.0,,2006,0.8
Tajikistan,TJ,TJK,762,ISO 3166-2:TJ,Asia,Central Asia,,142.0,143.0,,2007,
Tajikistan,TJ,TJK,762,ISO 3166-2:TJ,Asia,Central Asia,,142.0,143.0,,2008,1.03
Tajikistan,TJ,TJK,762,ISO 3166-2:TJ,Asia,Central Asia,,142.0,143.0,,2009,
Tajikistan,TJ,TJK,762,ISO 3166-2:TJ,Asia,Central Asia,,142.0,143.0,,2010,1.02
Tajikistan,TJ,TJK,762,ISO 3166-2:TJ,Asia,Central Asia,,142.0,143.0,,2011,
Tajikistan,TJ,TJK,762,ISO 3166-2:TJ,Asia,Central Asia,,142.0,143.0,,2012,1.45
Tajikistan,TJ,TJK,762,ISO 3166-2:TJ,Asia,Central Asia,,142.0,143.0,,2013,
Tajikistan,TJ,TJK,762,ISO 3166-2:TJ,Asia,Central Asia,,142.0,143.0,,2014,1.32
Tajikistan,TJ,TJK,762,ISO 3166-2:TJ,Asia,Central Asia,,142.0,143.0,,2015,
Tajikistan,TJ,TJK,762,ISO 3166-2:TJ,Asia,Central Asia,,142.0,143.0,,2016,0.71
"Tanzania, United Republic of",TZ,TZA,834,ISO 3166-2:TZ,Africa,Sub-Saharan Africa,Eastern Africa,2.0,202.0,14.0,,
Thailand,TH,THA,764,ISO 3166-2:TH,Asia,South-eastern Asia,,142.0,35.0,,1991,0.36
Thailand,TH,THA,764,ISO 3166-2:TH,Asia,South-eastern Asia,,142.0,35.0,,1992,
Thailand,TH,THA,764,ISO 3166-2:TH,Asia,South-eastern Asia,,142.0,35.0,,1993,
Thailand,TH,THA,764,ISO 3166-2:TH,Asia,South-eastern Asia,,142.0,35.0,,1994,
Thailand,TH,THA,764,ISO 3166-2:TH,Asia,South-eastern Asia,,142.0,35.0,,1995,0.34
Thailand,TH,THA,764,ISO 3166-2:TH,Asia,South-eastern Asia,,142.0,35.0,,1996,
Thailand,TH,THA,764,ISO 3166-2:TH,Asia,South-eastern Asia,,142.0,35.0,,1997,
Thailand,TH,THA,764,ISO 3166-2:TH,Asia,South-eastern Asia,,142.0,35.0,,1998,0.3
Thailand,TH,THA,764,ISO 3166-2:TH,Asia,South-eastern Asia,,142.0,35.0,,1999,
Thailand,TH,THA,764,ISO 3166-2:TH,Asia,South-eastern Asia,,142.0,35.0,,2000,0.39
Thailand,TH,THA,764,ISO 3166-2:TH,Asia,South-eastern Asia,,142.0,35.0,,2001,
Thailand,TH,THA,764,ISO 3166-2:TH,Asia,South-eastern Asia,,142.0,35.0,,2002,0.36
Thailand,TH,THA,764,ISO 3166-2:TH,Asia,South-eastern Asia,,142.0,35.0,,2003,
Thailand,TH,THA,764,ISO 3166-2:TH,Asia,South-eastern Asia,,142.0,35.0,,2004,0.54
Thailand,TH,THA,764,ISO 3166-2:TH,Asia,South-eastern Asia,,142.0,35.0,,2005,
Thailand,TH,THA,764,ISO 3166-2:TH,Asia,South-eastern Asia,,142.0,35.0,,2006,0.7
Thailand,TH,THA,764,ISO 3166-2:TH,Asia,South-eastern Asia,,142.0,35.0,,2007,
Thailand,TH,THA,764,ISO 3166-2:TH,Asia,South-eastern Asia,,142.0,35.0,,2008,0.87
Thailand,TH,THA,764,ISO 3166-2:TH,Asia,South-eastern Asia,,142.0,35.0,,2009,
Thailand,TH,THA,764,ISO 3166-2:TH,Asia,South-eastern Asia,,142.0,35.0,,2010,1.41
Thailand,TH,THA,764,ISO 3166-2:TH,Asia,South-eastern Asia,,142.0,35.0,,2011,
Thailand,TH,THA,764,ISO 3166-2:TH,Asia,South-eastern Asia,,142.0,35.0,,2012,1.56
Thailand,TH,THA,764,ISO 3166-2:TH,Asia,South-eastern Asia,,142.0,35.0,,2013,
Thailand,TH,THA,764,ISO 3166-2:TH,Asia,South-eastern Asia,,142.0,35.0,,2014,1.29
Thailand,TH,THA,764,ISO 3166-2:TH,Asia,South-eastern Asia,,142.0,35.0,,2015,
Thailand,TH,THA,764,ISO 3166-2:TH,Asia,South-eastern Asia,,142.0,35.0,,2016,0.71
Timor-Leste,TL,TLS,626,ISO 3166-2:TL,Asia,South-eastern Asia,,142.0,35.0,,1991,
Timor-Leste,TL,TLS,626,ISO 3166-2:TL,Asia,South-eastern Asia,,142.0,35.0,,1992,
Timor-Leste,TL,TLS,626,ISO 3166-2:TL,Asia,South-eastern Asia,,142.0,35.0,,1993,
Timor-Leste,TL,TLS,626,ISO 3166-2:TL,Asia,South-eastern Asia,,142.0,35.0,,1994,
Timor-Leste,TL,TLS,626,ISO 3166-2:TL,Asia,South-eastern Asia,,142.0,35.0,,1995,
Timor-Leste,TL,TLS,626,ISO 3166-2:TL,Asia,South-eastern Asia,,142.0,35.0,,1996,
Timor-Leste,TL,TLS,626,ISO 3166-2:TL,Asia,South-eastern Asia,,142.0,35.0,,1997,
Timor-Leste,TL,TLS,626,ISO 3166-2:TL,Asia,South-eastern Asia,,142.0,35.0,,1998,
Timor-Leste,TL,TLS,626,ISO 3166-2:TL,Asia,South-eastern Asia,,142.0,35.0,,1999,
Timor-Leste,TL,TLS,626,ISO 3166-2:TL,Asia,South-eastern Asia,,142.0,35.0,,2000,
Timor-Leste,TL,TLS,626,ISO 3166-2:TL,Asia,South-eastern Asia,,142.0,35.0,,2001,
Timor-Leste,TL,TLS,626,ISO 3166-2:TL,Asia,South-eastern Asia,,142.0,35.0,,2002,
Timor-Leste,TL,TLS,626,ISO 3166-2:TL,Asia,South-eastern Asia,,142.0,35.0,,2003,
Timor-Leste,TL,TLS,626,ISO 3166-2:TL,Asia,South-eastern Asia,,142.0,35.0,,2004,0.65
Timor-Leste,TL,TLS,626,ISO 3166-2:TL,Asia,South-eastern Asia,,142.0,35.0,,2005,
Timor-Leste,TL,TLS,626,ISO 3166-2:TL,Asia,South-eastern Asia,,142.0,35.0,,2006,0.98
Timor-Leste,TL,TLS,626,ISO 3166-2:TL,Asia,South-eastern Asia,,142.0,35.0,,2007,
Timor-Leste,TL,TLS,626,ISO 3166-2:TL,Asia,South-eastern Asia,,142.0,35.0,,2008,1.22
Timor-Leste,TL,TLS,626,ISO 3166-2:TL,Asia,South-eastern Asia,,142.0,35.0,,2009,
Timor-Leste,TL,TLS,626,ISO 3166-2:TL,Asia,South-eastern Asia,,142.0,35.0,,2010,1.4
Timor-Leste,TL,TLS,626,ISO 3166-2:TL,Asia,South-eastern Asia,,142.0,35.0,,2011,
Timor-Leste,TL,TLS,626,ISO 3166-2:TL,Asia,South-eastern Asia,,142.0,35.0,,2012,1.65
Timor-Leste,TL,TLS,626,ISO 3166-2:TL,Asia,South-eastern Asia,,142.0,35.0,,2013,
Timor-Leste,TL,TLS,626,ISO 3166-2:TL,Asia,South-eastern Asia,,142.0,35.0,,2014,1.17
Timor-Leste,TL,TLS,626,ISO 3166-2:TL,Asia,South-eastern Asia,,142.0,35.0,,2015,
Timor-Leste,TL,TLS,626,ISO 3166-2:TL,Asia,South-eastern Asia,,142.0,35.0,,2016,1.1
Togo,TG,TGO,768,ISO 3166-2:TG,Africa,Sub-Saharan Africa,Western Africa,2.0,202.0,11.0,1991,0.81
Togo,TG,TGO,768,ISO 3166-2:TG,Africa,Sub-Saharan Africa,Western Africa,2.0,202.0,11.0,1992,0.72
Togo,TG,TGO,768,ISO 3166-2:TG,Africa,Sub-Saharan Africa,Western Africa,2.0,202.0,11.0,1993,
Togo,TG,TGO,768,ISO 3166-2:TG,Africa,Sub-Saharan Africa,Western Africa,2.0,202.0,11.0,1994,
Togo,TG,TGO,768,ISO 3166-2:TG,Africa,Sub-Saharan Africa,Western Africa,2.0,202.0,11.0,1995,0.47
Togo,TG,TGO,768,ISO 3166-2:TG,Africa,Sub-Saharan Africa,Western Africa,2.0,202.0,11.0,1996,
Togo,TG,TGO,768,ISO 3166-2:TG,Africa,Sub-Saharan Africa,Western Africa,2.0,202.0,11.0,1997,
Togo,TG,TGO,768,ISO 3166-2:TG,Africa,Sub-Saharan Africa,Western Africa,2.0,202.0,11.0,1998,0.42
Togo,TG,TGO,768,ISO 3166-2:TG,Africa,Sub-Saharan Africa,Western Africa,2.0,202.0,11.0,1999,
Togo,TG,TGO,768,ISO 3166-2:TG,Africa,Sub-Saharan Africa,Western Africa,2.0,202.0,11.0,2000,0.48
Togo,TG,TGO,768,ISO 3166-2:TG,Africa,Sub-Saharan Africa,Western Africa,2.0,202.0,11.0,2001,
Togo,TG,TGO,768,ISO 3166-2:TG,Africa,Sub-Saharan Africa,Western Africa,2.0,202.0,11.0,2002,0.56
Togo,TG,TGO,768,ISO 3166-2:TG,Africa,Sub-Saharan Africa,Western Africa,2.0,202.0,11.0,2003,
Togo,TG,TGO,768,ISO 3166-2:TG,Africa,Sub-Saharan Africa,Western Africa,2.0,202.0,11.0,2004,0.85
Togo,TG,TGO,768,ISO 3166-2:TG,Africa,Sub-Saharan Africa,Western Africa,2.0,202.0,11.0,2005,
Togo,TG,TGO,768,ISO 3166-2:TG,Africa,Sub-Saharan Africa,Western Africa,2.0,202.0,11.0,2006,1.03
Togo,TG,TGO,768,ISO 3166-2:TG,Africa,Sub-Saharan Africa,Western Africa,2.0,202.0,11.0,2007,
Togo,TG,TGO,768,ISO 3166-2:TG,Africa,Sub-Saharan Africa,Western Africa,2.0,202.0,11.0,2008,0.89
Togo,TG,TGO,768,ISO 3166-2:TG,Africa,Sub-Saharan Africa,Western Africa,2.0,202.0,11.0,2009,
Togo,TG,TGO,768,ISO 3166-2:TG,Africa,Sub-Saharan Africa,Western Africa,2.0,202.0,11.0,2010,1.18
Togo,TG,TGO,768,ISO 3166-2:TG,Africa,Sub-Saharan Africa,Western Africa,2.0,202.0,11.0,2011,
Togo,TG,TGO,768,ISO 3166-2:TG,Africa,Sub-Saharan Africa,Western Africa,2.0,202.0,11.0,2012,1.16
Togo,TG,TGO,768,ISO 3166-2:TG,Africa,Sub-Saharan Africa,Western Africa,2.0,202.0,11.0,2013,
Togo,TG,TGO,768,ISO 3166-2:TG,Africa,Sub-Saharan Africa,Western Africa,2.0,202.0,11.0,2014,1.25
Togo,TG,TGO,768,ISO 3166-2:TG,Africa,Sub-Saharan Africa,Western Africa,2.0,202.0,11.0,2015,
Togo,TG,TGO,768,ISO 3166-2:TG,Africa,Sub-Saharan Africa,Western Africa,2.0,202.0,11.0,2016,0.71
Tokelau,TK,TKL,772,ISO 3166-2:TK,Oceania,Polynesia,,9.0,61.0,,,
Tonga,TO,TON,776,ISO 3166-2:TO,Oceania,Polynesia,,9.0,61.0,,,
Trinidad and Tobago,TT,TTO,780,ISO 3166-2:TT,Americas,Latin America and the Caribbean,Caribbean,19.0,419.0,29.0,1991,
Trinidad and Tobago,TT,TTO,780,ISO 3166-2:TT,Americas,Latin America and the Caribbean,Caribbean,19.0,419.0,29.0,1992,
Trinidad and Tobago,TT,TTO,780,ISO 3166-2:TT,Americas,Latin America and the Caribbean,Caribbean,19.0,419.0,29.0,1993,
Trinidad and Tobago,TT,TTO,780,ISO 3166-2:TT,Americas,Latin America and the Caribbean,Caribbean,19.0,419.0,29.0,1994,
Trinidad and Tobago,TT,TTO,780,ISO 3166-2:TT,Americas,Latin America and the Caribbean,Caribbean,19.0,419.0,29.0,1995,
Trinidad and Tobago,TT,TTO,780,ISO 3166-2:TT,Americas,Latin America and the Caribbean,Caribbean,19.0,419.0,29.0,1996,
Trinidad and Tobago,TT,TTO,780,ISO 3166-2:TT,Americas,Latin America and the Caribbean,Caribbean,19.0,419.0,29.0,1997,
Trinidad and Tobago,TT,TTO,780,ISO 3166-2:TT,Americas,Latin America and the Caribbean,Caribbean,19.0,419.0,29.0,1998,0.39
Trinidad and Tobago,TT,TTO,780,ISO 3166-2:TT,Americas,Latin America and the Caribbean,Caribbean,19.0,419.0,29.0,1999,
Trinidad and Tobago,TT,TTO,780,ISO 3166-2:TT,Americas,Latin America and the Caribbean,Caribbean,19.0,419.0,29.0,2000,0.39
Trinidad and Tobago,TT,TTO,780,ISO 3166-2:TT,Americas,Latin America and the Caribbean,Caribbean,19.0,419.0,29.0,2001,
Trinidad and Tobago,TT,TTO,780,ISO 3166-2:TT,Americas,Latin America and the Caribbean,Caribbean,19.0,419.0,29.0,2002,0.4
Trinidad and Tobago,TT,TTO,780,ISO 3166-2:TT,Americas,Latin America and the Caribbean,Caribbean,19.0,419.0,29.0,2003,
Trinidad and Tobago,TT,TTO,780,ISO 3166-2:TT,Americas,Latin America and the Caribbean,Caribbean,19.0,419.0,29.0,2004,0.35
Trinidad and Tobago,TT,TTO,780,ISO 3166-2:TT,Americas,Latin America and the Caribbean,Caribbean,19.0,419.0,29.0,2005,
Trinidad and Tobago,TT,TTO,780,ISO 3166-2:TT,Americas,Latin America and the Caribbean,Caribbean,19.0,419.0,29.0,2006,0.43
Trinidad and Tobago,TT,TTO,780,ISO 3166-2:TT,Americas,Latin America and the Caribbean,Caribbean,19.0,419.0,29.0,2007,
Trinidad and Tobago,TT,TTO,780,ISO 3166-2:TT,Americas,Latin America and the Caribbean,Caribbean,19.0,419.0,29.0,2008,0.36
Trinidad and Tobago,TT,TTO,780,ISO 3166-2:TT,Americas,Latin America and the Caribbean,Caribbean,19.0,419.0,29.0,2009,
Trinidad and Tobago,TT,TTO,780,ISO 3166-2:TT,Americas,Latin America and the Caribbean,Caribbean,19.0,419.0,29.0,2010,
Trinidad and Tobago,TT,TTO,780,ISO 3166-2:TT,Americas,Latin America and the Caribbean,Caribbean,19.0,419.0,29.0,2011,
Trinidad and Tobago,TT,TTO,780,ISO 3166-2:TT,Americas,Latin America and the Caribbean,Caribbean,19.0,419.0,29.0,2012,
Trinidad and Tobago,TT,TTO,780,ISO 3166-2:TT,Americas,Latin America and the Caribbean,Caribbean,19.0,419.0,29.0,2013,
Trinidad and Tobago,TT,TTO,780,ISO 3166-2:TT,Americas,Latin America and the Caribbean,Caribbean,19.0,419.0,29.0,2014,
Trinidad and Tobago,TT,TTO,780,ISO 3166-2:TT,Americas,Latin America and the Caribbean,Caribbean,19.0,419.0,29.0,2015,
Trinidad and Tobago,TT,TTO,780,ISO 3166-2:TT,Americas,Latin America and the Caribbean,Caribbean,19.0,419.0,29.0,2016,0.54
Tunisia,TN,TUN,788,ISO 3166-2:TN,Africa,Northern Africa,,2.0,15.0,,1991,0.58
Tunisia,TN,TUN,788,ISO 3166-2:TN,Africa,Northern Africa,,2.0,15.0,,1992,0.52
Tunisia,TN,TUN,788,ISO 3166-2:TN,Africa,Northern Africa,,2.0,15.0,,1993,
Tunisia,TN,TUN,788,ISO 3166-2:TN,Africa,Northern Africa,,2.0,15.0,,1994,
Tunisia,TN,TUN,788,ISO 3166-2:TN,Africa,Northern Africa,,2.0,15.0,,1995,0.64
Tunisia,TN,TUN,788,ISO 3166-2:TN,Africa,Northern Africa,,2.0,15.0,,1996,
Tunisia,TN,TUN,788,ISO 3166-2:TN,Africa,Northern Africa,,2.0,15.0,,1997,
Tunisia,TN,TUN,788,ISO 3166-2:TN,Africa,Northern Africa,,2.0,15.0,,1998,0.6
Tunisia,TN,TUN,788,ISO 3166-2:TN,Africa,Northern Africa,,2.0,15.0,,1999,
Tunisia,TN,TUN,788,ISO 3166-2:TN,Africa,Northern Africa,,2.0,15.0,,2000,0.49
Tunisia,TN,TUN,788,ISO 3166-2:TN,Africa,Northern Africa,,2.0,15.0,,2001,
Tunisia,TN,TUN,788,ISO 3166-2:TN,Africa,Northern Africa,,2.0,15.0,,2002,0.29
Tunisia,TN,TUN,788,ISO 3166-2:TN,Africa,Northern Africa,,2.0,15.0,,2003,
Tunisia,TN,TUN,788,ISO 3166-2:TN,Africa,Northern Africa,,2.0,15.0,,2004,0.68
Tunisia,TN,TUN,788,ISO 3166-2:TN,Africa,Northern Africa,,2.0,15.0,,2005,
Tunisia,TN,TUN,788,ISO 3166-2:TN,Africa,Northern Africa,,2.0,15.0,,2006,0.83
Tunisia,TN,TUN,788,ISO 3166-2:TN,Africa,Northern Africa,,2.0,15.0,,2007,
Tunisia,TN,TUN,788,ISO 3166-2:TN,Africa,Northern Africa,,2.0,15.0,,2008,0.96
Tunisia,TN,TUN,788,ISO 3166-2:TN,Africa,Northern Africa,,2.0,15.0,,2009,
Tunisia,TN,TUN,788,ISO 3166-2:TN,Africa,Northern Africa,,2.0,15.0,,2010,0.94
Tunisia,TN,TUN,788,ISO 3166-2:TN,Africa,Northern Africa,,2.0,15.0,,2011,
Tunisia,TN,TUN,788,ISO 3166-2:TN,Africa,Northern Africa,,2.0,15.0,,2012,0.93
Tunisia,TN,TUN,788,ISO 3166-2:TN,Africa,Northern Africa,,2.0,15.0,,2013,
Tunisia,TN,TUN,788,ISO 3166-2:TN,Africa,Northern Africa,,2.0,15.0,,2014,0.91
Tunisia,TN,TUN,788,ISO 3166-2:TN,Africa,Northern Africa,,2.0,15.0,,2015,
Tunisia,TN,TUN,788,ISO 3166-2:TN,Africa,Northern Africa,,2.0,15.0,,2016,0.73
Türkiye,TR,TUR,792,ISO 3166-2:TR,Asia,Western Asia,,142.0,145.0,,,
Turkmenistan,TM,TKM,795,ISO 3166-2:TM,Asia,Central Asia,,142.0,143.0,,1991,
Turkmenistan,TM,TKM,795,ISO 3166-2:TM,Asia,Central Asia,,142.0,143.0,,1992,
Turkmenistan,TM,TKM,795,ISO 3166-2:TM,Asia,Central Asia,,142.0,143.0,,1993,
Turkmenistan,TM,TKM,795,ISO 3166-2:TM,Asia,Central Asia,,142.0,143.0,,1994,
Turkmenistan,TM,TKM,795,ISO 3166-2:TM,Asia,Central Asia,,142.0,143.0,,1995,
Turkmenistan,TM,TKM,795,ISO 3166-2:TM,Asia,Central Asia,,142.0,143.0,,1996,
Turkmenistan,TM,TKM,795,ISO 3166-2:TM,Asia,Central Asia,,142.0,143.0,,1997,
Turkmenistan,TM,TKM,795,ISO 3166-2:TM,Asia,Central Asia,,142.0,143.0,,1998,0.09
Turkmenistan,TM,TKM,795,ISO 3166-2:TM,Asia,Central Asia,,142.0,143.0,,1999,
Turkmenistan,TM,TKM,795,ISO 3166-2:TM,Asia,Central Asia,,142.0,143.0,,2000,0.02
Turkmenistan,TM,TKM,795,ISO 3166-2:TM,Asia,Central Asia,,142.0,143.0,,2001,
Turkmenistan,TM,TKM,795,ISO 3166-2:TM,Asia,Central Asia,,142.0,143.0,,2002,0.02
Turkmenistan,TM,TKM,795,ISO 3166-2:TM,Asia,Central Asia,,142.0,143.0,,2003,
Turkmenistan,TM,TKM,795,ISO 3166-2:TM,Asia,Central Asia,,142.0,143.0,,2004,0.02
Turkmenistan,TM,TKM,795,ISO 3166-2:TM,Asia,Central Asia,,142.0,143.0,,2005,
Turkmenistan,TM,TKM,795,ISO 3166-2:TM,Asia,Central Asia,,142.0,143.0,,2006,0.02
Turkmenistan,TM,TKM,795,ISO 3166-2:TM,Asia,Central Asia,,142.0,143.0,,2007,
Turkmenistan,TM,TKM,795,ISO 3166-2:TM,Asia,Central Asia,,142.0,143.0,,2008,0.22
Turkmenistan,TM,TKM,795,ISO 3166-2:TM,Asia,Central Asia,,142.0,143.0,,2009,
Turkmenistan,TM,TKM,795,ISO 3166-2:TM,Asia,Central Asia,,142.0,143.0,,2010,0.22
Turkmenistan,TM,TKM,795,ISO 3166-2:TM,Asia,Central Asia,,142.0,143.0,,2011,
Turkmenistan,TM,TKM,795,ISO 3166-2:TM,Asia,Central Asia,,142.0,143.0,,2012,0.22
Turkmenistan,TM,TKM,795,ISO 3166-2:TM,Asia,Central Asia,,142.0,143.0,,2013,
Turkmenistan,TM,TKM,795,ISO 3166-2:TM,Asia,Central Asia,,142.0,143.0,,2014,0.22
Turkmenistan,TM,TKM,795,ISO 3166-2:TM,Asia,Central Asia,,142.0,143.0,,2015,
Turkmenistan,TM,TKM,795,ISO 3166-2:TM,Asia,Central Asia,,142.0,143.0,,2016,0.29
Turks and Caicos Islands,TC,TCA,796,ISO 3166-2:TC,Americas,Latin America and the Caribbean,Caribbean,19.0,419.0,29.0,,
Tuvalu,TV,TUV,798,ISO 3166-2:TV,Oceania,Polynesia,,9.0,61.0,,,
Uganda,UG,UGA,800,ISO 3166-2:UG,Africa,Sub-Saharan Africa,Eastern Africa,2.0,202.0,14.0,1991,0.69
Uganda,UG,UGA,800,ISO 3166-2:UG,Africa,Sub-Saharan Africa,Eastern Africa,2.0,202.0,14.0,1992,0.79
Uganda,UG,UGA,800,ISO 3166-2:UG,Africa,Sub-Saharan Africa,Eastern Africa,2.0,202.0,14.0,1993,
Uganda,UG,UGA,800,ISO 3166-2:UG,Africa,Sub-Saharan Africa,Eastern Africa,2.0,202.0,14.0,1994,
Uganda,UG,UGA,800,ISO 3166-2:UG,Africa,Sub-Saharan Africa,Eastern Africa,2.0,202.0,14.0,1995,0.98
Uganda,UG,UGA,800,ISO 3166-2:UG,Africa,Sub-Saharan Africa,Eastern Africa,2.0,202.0,14.0,1996,
Uganda,UG,UGA,800,ISO 3166-2:UG,Africa,Sub-Saharan Africa,Eastern Africa,2.0,202.0,14.0,1997,
Uganda,UG,UGA,800,ISO 3166-2:UG,Africa,Sub-Saharan Africa,Eastern Africa,2.0,202.0,14.0,1998,0.86
Uganda,UG,UGA,800,ISO 3166-2:UG,Africa,Sub-Saharan Africa,Eastern Africa,2.0,202.0,14.0,1999,
Uganda,UG,UGA,800,ISO 3166-2:UG,Africa,Sub-Saharan Africa,Eastern Africa,2.0,202.0,14.0,2000,0.86
Uganda,UG,UGA,800,ISO 3166-2:UG,Africa,Sub-Saharan Africa,Eastern Africa,2.0,202.0,14.0,2001,
Uganda,UG,UGA,800,ISO 3166-2:UG,Africa,Sub-Saharan Africa,Eastern Africa,2.0,202.0,14.0,2002,0.83
Uganda,UG,UGA,800,ISO 3166-2:UG,Africa,Sub-Saharan Africa,Eastern Africa,2.0,202.0,14.0,2003,
Uganda,UG,UGA,800,ISO 3166-2:UG,Africa,Sub-Saharan Africa,Eastern Africa,2.0,202.0,14.0,2004,1.02
Uganda,UG,UGA,800,ISO 3166-2:UG,Africa,Sub-Saharan Africa,Eastern Africa,2.0,202.0,14.0,2005,
Uganda,UG,UGA,800,ISO 3166-2:UG,Africa,Sub-Saharan Africa,Eastern Africa,2.0,202.0,14.0,2006,1.17
Uganda,UG,UGA,800,ISO 3166-2:UG,Africa,Sub-Saharan Africa,Eastern Africa,2.0,202.0,14.0,2007,
Uganda,UG,UGA,800,ISO 3166-2:UG,Africa,Sub-Saharan Africa,Eastern Africa,2.0,202.0,14.0,2008,1.3
Uganda,UG,UGA,800,ISO 3166-2:UG,Africa,Sub-Saharan Africa,Eastern Africa,2.0,202.0,14.0,2009,
Uganda,UG,UGA,800,ISO 3166-2:UG,Africa,Sub-Saharan Africa,Eastern Africa,2.0,202.0,14.0,2010,1.42
Uganda,UG,UGA,800,ISO 3166-2:UG,Africa,Sub-Saharan Africa,Eastern Africa,2.0,202.0,14.0,2011,
Uganda,UG,UGA,800,ISO 3166-2:UG,Africa,Sub-Saharan Africa,Eastern Africa,2.0,202.0,14.0,2012,
Uganda,UG,UGA,800,ISO 3166-2:UG,Africa,Sub-Saharan Africa,Eastern Africa,2.0,202.0,14.0,2013,
Uganda,UG,UGA,800,ISO 3166-2:UG,Africa,Sub-Saharan Africa,Eastern Africa,2.0,202.0,14.0,2014,1.4
Uganda,UG,UGA,800,ISO 3166-2:UG,Africa,Sub-Saharan Africa,Eastern Africa,2.0,202.0,14.0,2015,
Uganda,UG,UGA,800,ISO 3166-2:UG,Africa,Sub-Saharan Africa,Eastern Africa,2.0,202.0,14.0,2016,0.94
Ukraine,UA,UKR,804,ISO 3166-2:UA,Europe,Eastern Europe,,150.0,151.0,,1991,
Ukraine,UA,UKR,804,ISO 3166-2:UA,Europe,Eastern Europe,,150.0,151.0,,1992,
Ukraine,UA,UKR,804,ISO 3166-2:UA,Europe,Eastern Europe,,150.0,151.0,,1993,
Ukraine,UA,UKR,804,ISO 3166-2:UA,Europe,Eastern Europe,,150.0,151.0,,1994,
Ukraine,UA,UKR,804,ISO 3166-2:UA,Europe,Eastern Europe,,150.0,151.0,,1995,
Ukraine,UA,UKR,804,ISO 3166-2:UA,Europe,Eastern Europe,,150.0,151.0,,1996,
Ukraine,UA,UKR,804,ISO 3166-2:UA,Europe,Eastern Europe,,150.0,151.0,,1997,
Ukraine,UA,UKR,804,ISO 3166-2:UA,Europe,Eastern Europe,,150.0,151.0,,1998,0.49
Ukraine,UA,UKR,804,ISO 3166-2:UA,Europe,Eastern Europe,,150.0,151.0,,1999,
Ukraine,UA,UKR,804,ISO 3166-2:UA,Europe,Eastern Europe,,150.0,151.0,,2000,0.37
Ukraine,UA,UKR,804,ISO 3166-2:UA,Europe,Eastern Europe,,150.0,151.0,,2001,
Ukraine,UA,UKR,804,ISO 3166-2:UA,Europe,Eastern Europe,,150.0,151.0,,2002,0.47
Ukraine,UA,UKR,804,ISO 3166-2:UA,Europe,Eastern Europe,,150.0,151.0,,2003,
Ukraine,UA,UKR,804,ISO 3166-2:UA,Europe,Eastern Europe,,150.0,151.0,,2004,0.55
Ukraine,UA,UKR,804,ISO 3166-2:UA,Europe,Eastern Europe,,150.0,151.0,,2005,
Ukraine,UA,UKR,804,ISO 3166-2:UA,Europe,Eastern Europe,,150.0,151.0,,2006,0.81
Ukraine,UA,UKR,804,ISO 3166-2:UA,Europe,Eastern Europe,,150.0,151.0,,2007,
Ukraine,UA,UKR,804,ISO 3166-2:UA,Europe,Eastern Europe,,150.0,151.0,,2008,0.88
Ukraine,UA,UKR,804,ISO 3166-2:UA,Europe,Eastern Europe,,150.0,151.0,,2009,
Ukraine,UA,UKR,804,ISO 3166-2:UA,Europe,Eastern Europe,,150.0,151.0,,2010,1.01
Ukraine,UA,UKR,804,ISO 3166-2:UA,Europe,Eastern Europe,,150.0,151.0,,2011,
Ukraine,UA,UKR,804,ISO 3166-2:UA,Europe,Eastern Europe,,150.0,151.0,,2012,1.35
Ukraine,UA,UKR,804,ISO 3166-2:UA,Europe,Eastern Europe,,150.0,151.0,,2013,
Ukraine,UA,UKR,804,ISO 3166-2:UA,Europe,Eastern Europe,,150.0,151.0,,2014,1.17
Ukraine,UA,UKR,804,ISO 3166-2:UA,Europe,Eastern Europe,,150.0,151.0,,2015,
Ukraine,UA,UKR,804,ISO 3166-2:UA,Europe,Eastern Europe,,150.0,151.0,,2016,0.83
United Arab Emirates,AE,ARE,784,ISO 3166-2:AE,Asia,Western Asia,,142.0,145.0,,,
United Kingdom of Great Britain and Northern Ireland,GB,GBR,826,ISO 3166-2:GB,Europe,Northern Europe,,150.0,154.0,,,
United States of America,US,USA,840,ISO 3166-2:US,Americas,Northern America,,19.0,21.0,,,
United States Minor Outlying Islands,UM,UMI,581,ISO 3166-2:UM,Oceania,Micronesia,,9.0,57.0,,,
Uruguay,UY,URY,858,ISO 3166-2:UY,Americas,Latin America and the Caribbean,South America,19.0,419.0,5.0,1991,
Uruguay,UY,URY,858,ISO 3166-2:UY,Americas,Latin America and the Caribbean,South America,19.0,419.0,5.0,1992,
Uruguay,UY,URY,858,ISO 3166-2:UY,Americas,Latin America and the Caribbean,South America,19.0,419.0,5.0,1993,
Uruguay,UY,URY,858,ISO 3166-2:UY,Americas,Latin America and the Caribbean,South America,19.0,419.0,5.0,1994,
Uruguay,UY,URY,858,ISO 3166-2:UY,Americas,Latin America and the Caribbean,South America,19.0,419.0,5.0,1995,0.89
Uruguay,UY,URY,858,ISO 3166-2:UY,Americas,Latin America and the Caribbean,South America,19.0,419.0,5.0,1996,
Uruguay,UY,URY,858,ISO 3166-2:UY,Americas,Latin America and the Caribbean,South America,19.0,419.0,5.0,1997,
Uruguay,UY,URY,858,ISO 3166-2:UY,Americas,Latin America and the Caribbean,South America,19.0,419.0,5.0,1998,0.9
Uruguay,UY,URY,858,ISO 3166-2:UY,Americas,Latin America and the Caribbean,South America,19.0,419.0,5.0,1999,
Uruguay,UY,URY,858,ISO 3166-2:UY,Americas,Latin America and the Caribbean,South America,19.0,419.0,5.0,2000,1.19
Uruguay,UY,URY,858,ISO 3166-2:UY,Americas,Latin America and the Caribbean,South America,19.0,419.0,5.0,2001,
Uruguay,UY,URY,858,ISO 3166-2:UY,Americas,Latin America and the Caribbean,South America,19.0,419.0,5.0,2002,0.46
Uruguay,UY,URY,858,ISO 3166-2:UY,Americas,Latin America and the Caribbean,South America,19.0,419.0,5.0,2003,
Uruguay,UY,URY,858,ISO 3166-2:UY,Americas,Latin America and the Caribbean,South America,19.0,419.0,5.0,2004,1.13
Uruguay,UY,URY,858,ISO 3166-2:UY,Americas,Latin America and the Caribbean,South America,19.0,419.0,5.0,2005,
Uruguay,UY,URY,858,ISO 3166-2:UY,Americas,Latin America and the Caribbean,South America,19.0,419.0,5.0,2006,1.23
Uruguay,UY,URY,858,ISO 3166-2:UY,Americas,Latin America and the Caribbean,South America,19.0,419.0,5.0,2007,
Uruguay,UY,URY,858,ISO 3166-2:UY,Americas,Latin America and the Caribbean,South America,19.0,419.0,5.0,2008,1.18
Uruguay,UY,URY,858,ISO 3166-2:UY,Americas,Latin America and the Caribbean,South America,19.0,419.0,5.0,2009,
Uruguay,UY,URY,858,ISO 3166-2:UY,Americas,Latin America and the Caribbean,South America,19.0,419.0,5.0,2010,1.49
Uruguay,UY,URY,858,ISO 3166-2:UY,Americas,Latin America and the Caribbean,South America,19.0,419.0,5.0,2011,
Uruguay,UY,URY,858,ISO 3166-2:UY,Americas,Latin America and the Caribbean,South America,19.0,419.0,5.0,2012,1.97
Uruguay,UY,URY,858,ISO 3166-2:UY,Americas,Latin America and the Caribbean,South America,19.0,419.0,5.0,2013,
Uruguay,UY,URY,858,ISO 3166-2:UY,Americas,Latin America and the Caribbean,South America,19.0,419.0,5.0,2014,1.8
Uruguay,UY,URY,858,ISO 3166-2:UY,Americas,Latin America and the Caribbean,South America,19.0,419.0,5.0,2015,
Uruguay,UY,URY,858,ISO 3166-2:UY,Americas,Latin America and the Caribbean,South America,19.0,419.0,5.0,2016,1.5
Uzbekistan,UZ,UZB,860,ISO 3166-2:UZ,Asia,Central Asia,,142.0,143.0,,1991,
Uzbekistan,UZ,UZB,860,ISO 3166-2:UZ,Asia,Central Asia,,142.0,143.0,,1992,
Uzbekistan,UZ,UZB,860,ISO 3166-2:UZ,Asia,Central Asia,,142.0,143.0,,1993,
Uzbekistan,UZ,UZB,860,ISO 3166-2:UZ,Asia,Central Asia,,142.0,143.0,,1994,
Uzbekistan,UZ,UZB,860,ISO 3166-2:UZ,Asia,Central Asia,,142.0,143.0,,1995,0.32
Uzbekistan,UZ,UZB,860,ISO 3166-2:UZ,Asia,Central Asia,,142.0,143.0,,1996,
Uzbekistan,UZ,UZB,860,ISO 3166-2:UZ,Asia,Central Asia,,142.0,143.0,,1997,
Uzbekistan,UZ,UZB,860,ISO 3166-2:UZ,Asia,Central Asia,,142.0,143.0,,1998,0.11
Uzbekistan,UZ,UZB,860,ISO 3166-2:UZ,Asia,Central Asia,,142.0,143.0,,1999,
Uzbekistan,UZ,UZB,860,ISO 3166-2:UZ,Asia,Central Asia,,142.0,143.0,,2000,0.14
Uzbekistan,UZ,UZB,860,ISO 3166-2:UZ,Asia,Central Asia,,142.0,143.0,,2001,
Uzbekistan,UZ,UZB,860,ISO 3166-2:UZ,Asia,Central Asia,,142.0,143.0,,2002,0.38
Uzbekistan,UZ,UZB,860,ISO 3166-2:UZ,Asia,Central Asia,,142.0,143.0,,2003,
Uzbekistan,UZ,UZB,860,ISO 3166-2:UZ,Asia,Central Asia,,142.0,143.0,,2004,0.35
Uzbekistan,UZ,UZB,860,ISO 3166-2:UZ,Asia,Central Asia,,142.0,143.0,,2005,
Uzbekistan,UZ,UZB,860,ISO 3166-2:UZ,Asia,Central Asia,,142.0,143.0,,2006,0.85
Uzbekistan,UZ,UZB,860,ISO 3166-2:UZ,Asia,Central Asia,,142.0,143.0,,2007,
Uzbekistan,UZ,UZB,860,ISO 3166-2:UZ,Asia,Central Asia,,142.0,143.0,,2008,1.35
Uzbekistan,UZ,UZB,860,ISO 3166-2:UZ,Asia,Central Asia,,142.0,143.0,,2009,
Uzbekistan,UZ,UZB,860,ISO 3166-2:UZ,Asia,Central Asia,,142.0,143.0,,2010,0.92
Uzbekistan,UZ,UZB,860,ISO 3166-2:UZ,Asia,Central Asia,,142.0,143.0,,2011,
Uzbekistan,UZ,UZB,860,ISO 3166-2:UZ,Asia,Central Asia,,142.0,143.0,,2012,1.02
Uzbekistan,UZ,UZB,860,ISO 3166-2:UZ,Asia,Central Asia,,142.0,143.0,,2013,
Uzbekistan,UZ,UZB,860,ISO 3166-2:UZ,Asia,Central Asia,,142.0,143.0,,2014,1.02
Uzbekistan,UZ,UZB,860,ISO 3166-2:UZ,Asia,Central Asia,,142.0,143.0,,2015,
Uzbekistan,UZ,UZB,860,ISO 3166-2:UZ,Asia,Central Asia,,142.0,143.0,,2016,1.03
Vanuatu,VU,VUT,548,ISO 3166-2:VU,Oceania,Melanesia,,9.0,54.0,,1991,
Vanuatu,VU,VUT,548,ISO 3166-2:VU,Oceania,Melanesia,,9.0,54.0,,1992,
Vanuatu,VU,VUT,548,ISO 3166-2:VU,Oceania,Melanesia,,9.0,54.0,,1993,
Vanuatu,VU,VUT,548,ISO 3166-2:VU,Oceania,Melanesia,,9.0,54.0,,1994,
Vanuatu,VU,VUT,548,ISO 3166-2:VU,Oceania,Melanesia,,9.0,54.0,,1995,
Vanuatu,VU,VUT,548,ISO 3166-2:VU,Oceania,Melanesia,,9.0,54.0,,1996,
Vanuatu,VU,VUT,548,ISO 3166-2:VU,Oceania,Melanesia,,9.0,54.0,,1997,
Vanuatu,VU,VUT,548,ISO 3166-2:VU,Oceania,Melanesia,,9.0,54.0,,1998,
Vanuatu,VU,VUT,548,ISO 3166-2:VU,Oceania,Melanesia,,9.0,54.0,,1999,
Vanuatu,VU,VUT,548,ISO 3166-2:VU,Oceania,Melanesia,,9.0,54.0,,2000,
Vanuatu,VU,VUT,548,ISO 3166-2:VU,Oceania,Melanesia,,9.0,54.0,,2001,
Vanuatu,VU,VUT,548,ISO 3166-2:VU,Oceania,Melanesia,,9.0,54.0,,2002,
Vanuatu,VU,VUT,548,ISO 3166-2:VU,Oceania,Melanesia,,9.0,54.0,,2003,
Vanuatu,VU,VUT,548,ISO 3166-2:VU,Oceania,Melanesia,,9.0,54.0,,2004,
Vanuatu,VU,VUT,548,ISO 3166-2:VU,Oceania,Melanesia,,9.0,54.0,,2005,
Vanuatu,VU,VUT,548,ISO 3166-2:VU,Oceania,Melanesia,,9.0,54.0,,2006,
Vanuatu,VU,VUT,548,ISO 3166-2:VU,Oceania,Melanesia,,9.0,54.0,,2007,
Vanuatu,VU,VUT,548,ISO 3166-2:VU,Oceania,Melanesia,,9.0,54.0,,2008,
Vanuatu,VU,VUT,548,ISO 3166-2:VU,Oceania,Melanesia,,9.0,54.0,,2009,
Vanuatu,VU,VUT,548,ISO 3166-2:VU,Oceania,Melanesia,,9.0,54.0,,2010,
Vanuatu,VU,VUT,548,ISO 3166-2:VU,Oceania,Melanesia,,9.0,54.0,,2011,
Vanuatu,VU,VUT,548,ISO 3166-2:VU,Oceania,Melanesia,,9.0,54.0,,2012,
Vanuatu,VU,VUT,548,ISO 3166-2:VU,Oceania,Melanesia,,9.0,54.0,,2013,
Vanuatu,VU,VUT,548,ISO 3166-2:VU,Oceania,Melanesia,,9.0,54.0,,2014,
Vanuatu,VU,VUT,548,ISO 3166-2:VU,Oceania,Melanesia,,9.0,54.0,,2015,
Vanuatu,VU,VUT,548,ISO 3166-2:VU,Oceania,Melanesia,,9.0,54.0,,2016,1.31
"Venezuela, Bolivarian Republic of",VE,VEN,862,ISO 3166-2:VE,Americas,Latin America and the Caribbean,South America,19.0,419.0,5.0,,
Viet Nam,VN,VNM,704,ISO 3166-2:VN,Asia,South-eastern Asia,,142.0,35.0,,,
Virgin Islands (British),VG,VGB,92,ISO 3166-2:VG,Americas,Latin America and the Caribbean,Caribbean,19.0,419.0,29.0,,
Virgin Islands (U.S.),VI,VIR,850,ISO 3166-2:VI,Americas,Latin America and the Caribbean,Caribbean,19.0,419.0,29.0,,
Wallis and Futuna,WF,WLF,876,ISO 3166-2:WF,Oceania,Polynesia,,9.0,61.0,,,
Western Sahara,EH,ESH,732,ISO 3166-2:EH,Africa,Northern Africa,,2.0,15.0,,,
Yemen,YE,YEM,887,ISO 3166-2:YE,Asia,Western Asia,,142.0,145.0,,1991,
Yemen,YE,YEM,887,ISO 3166-2:YE,Asia,Western Asia,,142.0,145.0,,1992,
Yemen,YE,YEM,887,ISO 3166-2:YE,Asia,Western Asia,,142.0,145.0,,1993,
Yemen,YE,YEM,887,ISO 3166-2:YE,Asia,Western Asia,,142.0,145.0,,1994,
Yemen,YE,YEM,887,ISO 3166-2:YE,Asia,Western Asia,,142.0,145.0,,1995,
Yemen,YE,YEM,887,ISO 3166-2:YE,Asia,Western Asia,,142.0,145.0,,1996,
Yemen,YE,YEM,887,ISO 3166-2:YE,Asia,Western Asia,,142.0,145.0,,1997,
Yemen,YE,YEM,887,ISO 3166-2:YE,Asia,Western Asia,,142.0,145.0,,1998,0.26
Yemen,YE,YEM,887,ISO 3166-2:YE,Asia,Western Asia,,142.0,145.0,,1999,
Yemen,YE,YEM,887,ISO 3166-2:YE,Asia,Western Asia,,142.0,145.0,,2000,0.21
Yemen,YE,YEM,887,ISO 3166-2:YE,Asia,Western Asia,,142.0,145.0,,2001,
Yemen,YE,YEM,887,ISO 3166-2:YE,Asia,Western Asia,,142.0,145.0,,2002,0.21
Yemen,YE,YEM,887,ISO 3166-2:YE,Asia,Western Asia,,142.0,145.0,,2003,
Yemen,YE,YEM,887,ISO 3166-2:YE,Asia,Western Asia,,142.0,145.0,,2004,0.19
Yemen,YE,YEM,887,ISO 3166-2:YE,Asia,Western Asia,,142.0,145.0,,2005,
Yemen,YE,YEM,887,ISO 3166-2:YE,Asia,Western Asia,,142.0,145.0,,2006,0.3
Yemen,YE,YEM,887,ISO 3166-2:YE,Asia,Western Asia,,142.0,145.0,,2007,
Yemen,YE,YEM,887,ISO 3166-2:YE,Asia,Western Asia,,142.0,145.0,,2008,0.3
Yemen,YE,YEM,887,ISO 3166-2:YE,Asia,Western Asia,,142.0,145.0,,2009,
Yemen,YE,YEM,887,ISO 3166-2:YE,Asia,Western Asia,,142.0,145.0,,2010,0.35
Yemen,YE,YEM,887,ISO 3166-2:YE,Asia,Western Asia,,142.0,145.0,,2011,
Yemen,YE,YEM,887,ISO 3166-2:YE,Asia,Western Asia,,142.0,145.0,,2012,0.58
Yemen,YE,YEM,887,ISO 3166-2:YE,Asia,Western Asia,,142.0,145.0,,2013,
Yemen,YE,YEM,887,ISO 3166-2:YE,Asia,Western Asia,,142.0,145.0,,2014,0.7
Yemen,YE,YEM,887,ISO 3166-2:YE,Asia,Western Asia,,142.0,145.0,,2015,
Yemen,YE,YEM,887,ISO 3166-2:YE,Asia,Western Asia,,142.0,145.0,,2016,0.92
Zambia,ZM,ZMB,894,ISO 3166-2:ZM,Africa,Sub-Saharan Africa,Eastern Africa,2.0,202.0,14.0,1991,0.4
Zambia,ZM,ZMB,894,ISO 3166-2:ZM,Africa,Sub-Saharan Africa,Eastern Africa,2.0,202.0,14.0,1992,0.72
Zambia,ZM,ZMB,894,ISO 3166-2:ZM,Africa,Sub-Saharan Africa,Eastern Africa,2.0,202.0,14.0,1993,
Zambia,ZM,ZMB,894,ISO 3166-2:ZM,Africa,Sub-Saharan Africa,Eastern Africa,2.0,202.0,14.0,1994,
Zambia,ZM,ZMB,894,ISO 3166-2:ZM,Africa,Sub-Saharan Africa,Eastern Africa,2.0,202.0,14.0,1995,0.6
Zambia,ZM,ZMB,894,ISO 3166-2:ZM,Africa,Sub-Saharan Africa,Eastern Africa,2.0,202.0,14.0,1996,
Zambia,ZM,ZMB,894,ISO 3166-2:ZM,Africa,Sub-Saharan Africa,Eastern Africa,2.0,202.0,14.0,1997,
Zambia,ZM,ZMB,894,ISO 3166-2:ZM,Africa,Sub-Saharan Africa,Eastern Africa,2.0,202.0,14.0,1998,0.53
Zambia,ZM,ZMB,894,ISO 3166-2:ZM,Africa,Sub-Saharan Africa,Eastern Africa,2.0,202.0,14.0,1999,
Zambia,ZM,ZMB,894,ISO 3166-2:ZM,Africa,Sub-Saharan Africa,Eastern Africa,2.0,202.0,14.0,2000,
Zambia,ZM,ZMB,894,ISO 3166-2:ZM,Africa,Sub-Saharan Africa,Eastern Africa,2.0,202.0,14.0,2001,
Zambia,ZM,ZMB,894,ISO 3166-2:ZM,Africa,Sub-Saharan Africa,Eastern Africa,2.0,202.0,14.0,2002,0.72
Zambia,ZM,ZMB,894,ISO 3166-2:ZM,Africa,Sub-Saharan Africa,Eastern Africa,2.0,202.0,14.0,2003,
Zambia,ZM,ZMB,894,ISO 3166-2:ZM,Africa,Sub-Saharan Africa,Eastern Africa,2.0,202.0,14.0,2004,1.1
Zambia,ZM,ZMB,894,ISO 3166-2:ZM,Africa,Sub-Saharan Africa,Eastern Africa,2.0,202.0,14.0,2005,
Zambia,ZM,ZMB,894,ISO 3166-2:ZM,Africa,Sub-Saharan Africa,Eastern Africa,2.0,202.0,14.0,2006,1.31
Zambia,ZM,ZMB,894,ISO 3166-2:ZM,Africa,Sub-Saharan Africa,Eastern Africa,2.0,202.0,14.0,2007,
Zambia,ZM,ZMB,894,ISO 3166-2:ZM,Africa,Sub-Saharan Africa,Eastern Africa,2.0,202.0,14.0,2008,1.7
Zambia,ZM,ZMB,894,ISO 3166-2:ZM,Africa,Sub-Saharan Africa,Eastern Africa,2.0,202.0,14.0,2009,
Zambia,ZM,ZMB,894,ISO 3166-2:ZM,Africa,Sub-Saharan Africa,Eastern Africa,2.0,202.0,14.0,2010,1.66
Zambia,ZM,ZMB,894,ISO 3166-2:ZM,Africa,Sub-Saharan Africa,Eastern Africa,2.0,202.0,14.0,2011,
Zambia,ZM,ZMB,894,ISO 3166-2:ZM,Africa,Sub-Saharan Africa,Eastern Africa,2.0,202.0,14.0,2012,1.48
Zambia,ZM,ZMB,894,ISO 3166-2:ZM,Africa,Sub-Saharan Africa,Eastern Africa,2.0,202.0,14.0,2013,
Zambia,ZM,ZMB,894,ISO 3166-2:ZM,Africa,Sub-Saharan Africa,Eastern Africa,2.0,202.0,14.0,2014,1.68
Zambia,ZM,ZMB,894,ISO 3166-2:ZM,Africa,Sub-Saharan Africa,Eastern Africa,2.0,202.0,14.0,2015,
Zambia,ZM,ZMB,894,ISO 3166-2:ZM,Africa,Sub-Saharan Africa,Eastern Africa,2.0,202.0,14.0,2016,1.4
Zimbabwe,ZW,ZWE,716,ISO 3166-2:ZW,Africa,Sub-Saharan Africa,Eastern Africa,2.0,202.0,14.0,1991,0.68
Zimbabwe,ZW,ZWE,716,ISO 3166-2:ZW,Africa,Sub-Saharan Africa,Eastern Africa,2.0,202.0,14.0,1992,0.47
Zimbabwe,ZW,ZWE,716,ISO 3166-2:ZW,Africa,Sub-Saharan Africa,Eastern Africa,2.0,202.0,14.0,1993,
Zimbabwe,ZW,ZWE,716,ISO 3166-2:ZW,Africa,Sub-Saharan Africa,Eastern Africa,2.0,202.0,14.0,1994,
Zimbabwe,ZW,ZWE,716,ISO 3166-2:ZW,Africa,Sub-Saharan Africa,Eastern Africa,2.0,202.0,14.0,1995,0.38
Zimbabwe,ZW,ZWE,716,ISO 3166-2:ZW,Africa,Sub-Saharan Africa,Eastern Africa,2.0,202.0,14.0,1996,
Zimbabwe,ZW,ZWE,716,ISO 3166-2:ZW,Africa,Sub-Saharan Africa,Eastern Africa,2.0,202.0,14.0,1997,
Zimbabwe,ZW,ZWE,716,ISO 3166-2:ZW,Africa,Sub-Saharan Africa,Eastern Africa,2.0,202.0,14.0,1998,0.26
Zimbabwe,ZW,ZWE,716,ISO 3166-2:ZW,Africa,Sub-Saharan Africa,Eastern Africa,2.0,202.0,14.0,1999,
Zimbabwe,ZW,ZWE,716,ISO 3166-2:ZW,Africa,Sub-Saharan Africa,Eastern Africa,2.0,202.0,14.0,2000,0.85
Zimbabwe,ZW,ZWE,716,ISO 3166-2:ZW,Africa,Sub-Saharan Africa,Eastern Africa,2.0,202.0,14.0,2001,
Zimbabwe,ZW,ZWE,716,ISO 3166-2:ZW,Africa,Sub-Saharan Africa,Eastern Africa,2.0,202.0,14.0,2002,0.05
Zimbabwe,ZW,ZWE,716,ISO 3166-2:ZW,Africa,Sub-Saharan Africa,Eastern Africa,2.0,202.0,14.0,2003,
Zimbabwe,ZW,ZWE,716,ISO 3166-2:ZW,Africa,Sub-Saharan Africa,Eastern Africa,2.0,202.0,14.0,2004,0.61
Zimbabwe,ZW,ZWE,716,ISO 3166-2:ZW,Africa,Sub-Saharan Africa,Eastern Africa,2.0,202.0,14.0,2005,
Zimbabwe,ZW,ZWE,716,ISO 3166-2:ZW,Africa,Sub-Saharan Africa,Eastern Africa,2.0,202.0,14.0,2006,
Zimbabwe,ZW,ZWE,716,ISO 3166-2:ZW,Africa,Sub-Saharan Africa,Eastern Africa,2.0,202.0,14.0,2007,
Zimbabwe,ZW,ZWE,716,ISO 3166-2:ZW,Africa,Sub-Saharan Africa,Eastern Africa,2.0,202.0,14.0,2008,1.3
Zimbabwe,ZW,ZWE,716,ISO 3166-2:ZW,Africa,Sub-Saharan Africa,Eastern Africa,2.0,202.0,14.0,2009,
Zimbabwe,ZW,ZWE,716,ISO 3166-2:ZW,Africa,Sub-Saharan Africa,Eastern Africa,2.0,202.0,14.0,2010,1.29
Zimbabwe,ZW,ZWE,716,ISO 3166-2:ZW,Africa,Sub-Saharan Africa,Eastern Africa,2.0,202.0,14.0,2011,
Zimbabwe,ZW,ZWE,716,ISO 3166-2:ZW,Africa,Sub-Saharan Africa,Eastern Africa,2.0,202.0,14.0,2012,1.52
Zimbabwe,ZW,ZWE,716,ISO 3166-2:ZW,Africa,Sub-Saharan Africa,Eastern Africa,2.0,202.0,14.0,2013,
Zimbabwe,ZW,ZWE,716,ISO 3166-2:ZW,Africa,Sub-Saharan Africa,Eastern Africa,2.0,202.0,14.0,2014,1.56
Zimbabwe,ZW,ZWE,716,ISO 3166-2:ZW,Africa,Sub-Saharan Africa,Eastern Africa,2.0,202.0,14.0,2015,
Zimbabwe,ZW,ZWE,716,ISO 3166-2:ZW,Africa,Sub-Saharan Africa,Eastern Africa,2.0,202.0,14.0,2016,1.34
